:020000040000FA
:10000000C0070000D1060000D1000000B1060000CA
:1000100000000000000000000000000000000000E0
:100020000000000000000000000000005107000078
:100030000000000000000000DB000000E500000000
:10004000EF000000F9000000030100000D010000B6
:1000500017010000210100002B0100003501000004
:100060003F01000049010000530100005D01000054
:1000700067010000710100007B01000085010000A4
:100080008F01000099010000A3010000AD010000F4
:10009000B7010000C1010000CB010000D501000044
:1000A000DF010000E9010000F3010000FD01000094
:1000B00007020000110200001B02000025020000E0
:1000C0001FB5C046C04600F0EFFA04B00FB41FBD24
:1000D00008205A49096809580847382057490968CB
:1000E000095808473C2055490968095808474020E5
:1000F0005249096809580847442050490968095875
:10010000084748204D490968095808474C204B4981
:10011000096809580847502048490968095808479C
:100120005420464909680958084758204349096836
:10013000095808475C204149096809580847602068
:100140003E4909680958084764203C49096809582C
:100150000847682039490968095808476C20374919
:100160000968095808477020344909680958084740
:100170007420324909680958084778202F490968CE
:10018000095808477C202D490968095808478020EC
:100190002A490968095808478420284909680958E4
:1001A0000847882025490968095808478C202349B1
:1001B00009680958084790202049096809580847E4
:1001C00094201E4909680958084798201B49096866
:1001D000095808479C201949096809580847A02070
:1001E0001649096809580847A4201449096809589C
:1001F0000847A8201149096809580847AC200F4949
:10020000096809580847B0200C4909680958084787
:10021000B4200A49096809580847B82007490968FD
:1002200009580847BC2005490968095808470000D3
:1002300003480449024A034B7047000000000020B5
:10024000C0070000C00700000122D84B5A6000BF61
:10025000D74A1268002AFBD0016000BFD44A126856
:10026000002AFBD00022D14B5A6000BFD04A12684E
:10027000002AFBD07047F0B505460E46174600240D
:1002800006E0A200B158A2005019FFF7DDFF641C80
:10029000BC42F6D30020F0BD0120C043C549086030
:1002A000401048607047014601229204086890425D
:1002B00001D9102070470020FCE7F0B505460C4638
:1002C0001646002706E028462168FFF7BDFF2D1DD2
:1002D000241D7F1CB742F6D3F0BD70B505460C4611
:1002E0002E460BE0304600F075F9FF2C01D80024B3
:1002F00001E0FF3C013C012080023618002CF1D1C6
:1003000070BD0146012292044868904201D909203B
:100310007047A9484069401C01D10F20F8E7002030
:10032000F6E7FEB504462068030000F037FA05043E
:100330002B4249598B00201DFFF7E3FF0546002D96
:1003400001D02846FEBDFFF7A7FF0120C00200F044
:1003500041F9042221469948FFF78DFF002801D07A
:100360000320EFE708222146944800F06DF90028A9
:1003700006D1002192480068FFF766FF00F00CF9F3
:100380000320DFE7A768E6686068019031463846D9
:10039000FFF7A3FF324638460199FFF78EFFB20000
:1003A0003846019900F050F9002800D1CAE703202F
:1003B000C8E700F0E3F9834800688349086041E03A
:1003C00060680190E668A0680090B200009901980A
:1003D00000F03AF90746002F00D1B3E70E20B1E74D
:1003E000201DFFF760FF0546002D01D02846A9E734
:1003F0006068002807D1FFF74FFF0320800200F05C
:10040000E9F800F0C9F8FFF747FF0120C00200F04B
:10041000E1F8042221466948FFF72DFF002801D0AA
:1004200003208FE708222146644800F00DF90028D8
:1004300006D1002162480068FFF706FF00F0ACF823
:1004400003207FE700BF00207CE770B505460C461F
:10045000182D04D12068FFF764FF206002E001201E
:10046000206000BF00BF70BDF0B589B05248406940
:1004700003905248806881000398081802900398FE
:10048000000B01900121090302984018401E000B47
:1004900000900124002520462946019A00F0C4F866
:1004A0000022401E91410791069001260027304608
:1004B0003946009A00F0B8F80022401E914105919B
:1004C0000490049BDB43059AD2430698184307998E
:1004D00011430791069037490698086007984860CD
:1004E00009B0F0BD70B53448446934488568466841
:1004F000AA003146204600F0A7F8002801D00020CD
:1005000070BD0120FCE72D484068002801D0012083
:1005100000E000200546FFF7E5FF002807D0FFF7C1
:10052000BBFE0320800200F055F800F035F8FFF71D
:100530009BFF002D0ED020484669204884684768FC
:1005400021463046FFF7C9FE224639463046FFF7BE
:10055000B4FE00BF00F020F810B5184844681A48EF
:100560000460204600F0DCF810BD15480068006803
:10057000401C01D100BFFEE710480068002802D0EF
:10058000042806D101E0FFF7BEFFFFF7E5FF00BF3B
:10059000FEE700BF00BFFEE7BFF34F8F0B480C49DB
:1005A000C860BFF34F8F00BFFEE7000000E50140C9
:1005B00000E40140000600400010001000080000A8
:1005C000B8070000BC070000000000200400FA0586
:1005D00000ED00E010B50146104B1A6808460223F2
:1005E0000F4C636000BF0F4B1B68002BFBD0531CEC
:1005F00004D0904202D20A4B186101E0084B986087
:1006000000BF084B1B68002BFBD00023044C636029
:1006100000BF044B1B68002BFBD010BD0010001066
:1006200000E5014000E4014010B5202A04DB01464A
:10063000203A9140002010BD914020239C1A03468F
:10064000E3401943904010BD034610B50B439B0790
:100650000FD1042A0DD308C810C9121FA342F8D025
:1006600018BA21BA884201D9012010BD0020C04328
:1006700010BD002A03D0D30703D0521C07E000208E
:1006800010BD03780C78401C491C1B1B07D1037854
:100690000C78401C491C1B1B01D1921EF1D118463D
:1006A00010BD70477047704710B500F007F810BDD7
:1006B000014B1B68DB6818470000002019481A49E5
:1006C0007047FFF7FBFFFFF7FBFC00BD20BFFDE716
:1006D0001649174C24688C420BD1164B1B68994263
:1006E0000CD1154B154A1360186810498842EDD09B
:1006F0000AE0134880F30888124B18470F4A13602A
:1007000018680A498842E1D080F308880E49884277
:1007100004DD0E48026802210A4302605B68184744
:100720000346DFE7C0070000C0070000FFFFFFFF30
:10073000000C000014100010001000000000002049
:10074000000400206B05000000200020240500406C
:100750000D48704502D1EFF3098101E0EFF3088104
:10076000886902380078182802D1C046074A104725
:10077000074A12682C3212681047000000B5054B7A
:10078000054A9B58984700BDFDFFFFFF4B04000042
:1007900000000020001000000400000030B4744687
:1007A000641E2578641CAB4204D3635D5B00E318D0
:1007B00030BC18471D46F8E7000C00000010000090
:1010000000150020CD64010025220000336401009A
:1010100000000000000000000000000000000000D0
:101020000000000000000000000000003D6501001D
:101030000000000000000000252200002522000022
:10104000A9650100AF6501002522000025220000EE
:101050002522000025220000252200002522000074
:10106000B56501002522000025220000BB650100B6
:1010700025220000C1650100C7650100CD650100A2
:101080002522000025220000252200002522000044
:101090002522000025220000252200002522000034
:1010A000D3650100D965010025220000252200003A
:1010B0002522000025220000252200002522000014
:1010C00000F002F815F0E3F90CA030C80838241835
:1010D0002D18A246671EAB4654465D46AC4201D170
:1010E00015F0D5F97E460F3E0FCCB64601263342A9
:1010F00000D0FB1AA246AB4633431847B456010052
:10110000E4560100103A02D378C878C1FAD85207E1
:1011100001D330C830C101D504680C6070470000AD
:101120000023002400250026103A01D378C1FBD803
:10113000520700D330C100D50B6070471FB5C046C1
:10114000C04615F063F904B00FB41FBDF0B44046BB
:10115000494652465B460FB402A0013001B506482D
:10116000004700BF01BC86460FBC804689469246B8
:101170009B46F0BC70470000C11000008269024924
:101180008161024810447047911100000100000085
:1011900001B41EB400B50BF0E6FF01B40198864619
:1011A00001BC01B01EBD0000401E00BF00BF00BF5B
:1011B00000BF00BF00BF00BF00BF00BF00BF00BF37
:1011C00000BFF1D17047000070B505460C461646C9
:1011D00002E00FCC0FC5103E102EFAD2082E02D31B
:1011E00003CC03C5083E042E07D301CC01C5361F2E
:1011F00003E021782970641C6D1C761EF9D270BD45
:101200008307FF22DB0E9A408907090E99400028C8
:101210000BDA0007000F0838830828489B001818CD
:10122000C36993430B43C3617047830824489B0001
:101230001B181868904308431860704710B504469F
:1012400000210120FFF7DCFF00211820FFF7D8FF65
:1012500000210B20FFF7D4FF02211920FFF7D0FF58
:1012600002210D20FFF7CCFF02210E20FFF7C8FF5F
:1012700002210F20FFF7C4FF0221C81FFFF7C0FFA4
:1012800003211620FFF7BCFF03211520FFF7B8FF4D
:10129000204600F019F8002010BD6421018070473D
:1012A00010B500F020F810BD0648704710B500F0EA
:1012B00022F810BD704770477047000000ED00E055
:1012C00000E400E003F9004370B505462D4C07200B
:1012D0002070A01CFFF7E1FF5920A080294620467E
:1012E00000F099FB70BD10B500F09EFB2549002071
:1012F000891E087010BDF8B5224E0446B61E30781F
:1013000001270D46002807D0204660380B2808D852
:10131000204600F03DFF2BE0602CF9D01A48086011
:10132000F8BD20466C38032803D8204600F071FF32
:101330001EE0204670381F2803D8204600F045F9EB
:1013400016E0204690380F2803D8204600F0E8F831
:101350000EE02046A0380F2803D8204600F074F88D
:1013600006E02046B0380F2804D8204600F0CAF91D
:10137000286000E02F60602CD2D128680028CFD1EF
:101380003770F8BD1A000020013000000120244908
:10139000C003086023490020087007202249C005C7
:1013A0008860704770B51F4D04462878A04207D06A
:1013B000002C05D0002803D01CA14D2015F033F8D7
:1013C0002878A0420ED000211D4A17482C70002C0E
:1013D00019D01C4B012C06D0022C0BD013A1682075
:1013E00015F021F870BD11600221116053610321D5
:1013F000090605E011600321116053610121C9054F
:101400008160416070BD116011600721C905816074
:1014100070BD10B505A1712015F005F810BD0000D4
:1014200080E100E02000002000F501407372635C61
:1014300068616C5F63636D5F6161722E63000000C1
:1014400000F500404001002010B5A038030015F061
:10145000DBF80B070E172028313A414B525C650030
:101460004B6808788A68194603F0E6F910BD888849
:101470008A6883B20888194680B203F0ECF910BD7F
:1014800008884C68CB688A6880B2214603F0E7F987
:1014900010BD08884B688A6880B2194603F0FBF9D2
:1014A00010BD88888A6883B20888194680B203F024
:1014B00007FA10BD88888A6883B20888194680B206
:1014C00003F041FA10BD08884A6880B2114603F063
:1014D00080FA10BD088982B2888883B208881946CC
:1014E00080B203F081FA10BD08884A6880B21146C4
:1014F00003F09EFA10BD08894C6882B20888CB6858
:1015000080B2214603F018FB10BD08884C68CB68F8
:101510008A6880B2214603F02AFC10BD012010BD6C
:1015200010B59038030015F06FF809060F161D244A
:101530002C363F464E0088888A6883B20888194650
:1015400080B204F031F910BD08884A6880B21146B3
:1015500004F065F910BD08884A6880B2114604F0AD
:101560006AF910BD08884A6880B2114604F070F923
:1015700010BD08884B688A6880B2194604F07BF970
:1015800010BD088982B2888883B20888194680B263
:1015900004F07AF910BD08894B6882B208881946B0
:1015A00080B204F090F910BD08884A6880B21146F4
:1015B00004F09BF910BD888882B20888114680B279
:1015C00004F0EFF910BD012010BD10B57038030014
:1015D00015F01AF81B0F15192125282F363B40440A
:1015E000484C53585F688D707980888D8D8D8D8FB4
:1015F00096004A680878114608F0FDFD10BD08689D
:1016000008F04AFE10BD0C790B7B8A6808682146F9
:1016100008F053FE10BD086808F011FF10BD08F077
:1016200065FB10BD08884A6880B2114609F043F88E
:1016300010BD0A790888114680B209F0D3F810BDB0
:10164000087840B209F0DCF810BD088880B209F0D3
:10165000F0F810BD086809F0FEF810BD086801F048
:10166000D2FB10BD086801F0FCFB10BD088982B2F6
:1016700009C9194609F007F910BD05C9114609F055
:1016800051F910BD08884A6880B211460AF0A6F9DF
:1016900010BD0C790888CB688A6880B221460AF0B0
:1016A000C5FA10BD0B7908888A6880B219460AF01D
:1016B0006DFC10BD08884C68CB688A6880B22146F2
:1016C0000AF0D5FC10BD08884A6880B211460AF0BD
:1016D00018FD10BD0B7908880A7A80B2194609F006
:1016E00044F910BD088880B209F044F910BD062005
:1016F00010BD08884A6880B2114609F042F910BD51
:10170000012010BD10B5B02805D0B12808D0B228EE
:101710000BD0012010BD088880B20BF0FBF810BD83
:10172000088880B20BF015F910BD08884B688A68EC
:1017300080B219460BF01EF910BD000010B5030071
:1017400014F062FF0A0609060C0C0F0F06060612BB
:1017500008F0F4FA10BD0AF0C5FE10BD01F03EFA23
:1017600010BD06F09FFA10BDFAA1FE4814F05BFE12
:1017700010BD3EB5FC49054603C900900191FF200C
:10178000C33069460881F94A092310460A212838DE
:101790000BF0BFFD0024F6480BF0D9FD641CE4B249
:1017A0000A2CF8D3F14801231A4602A990300BF015
:1017B000A0F9002804D0FF20E6A13D3014F033FE4C
:1017C000686800F024FC00211E22084604F06CF931
:1017D00008F0C3FC02222421E64801F07DFBE54825
:1017E00001222C214C3001F077FBE2490B20B0396B
:1017F00001F0FEF9002804D0FF20D6A1513014F0EA
:1018000012FE0AF03EFE02F097F96B460022082114
:10181000D9A008F07DFB002804D0FF20CDA15730CF
:1018200014F001FE284602F0E7FC002804D0FF2057
:10183000C8A1593014F0F7FDF3218900D14814F004
:10184000D3FCD04801214171022181710721C1716E
:101850003EBD10B5CB4CA0780A2804D3FF20BDA113
:10186000903014F0E0FD20786021484300190021F9
:101870000173417BF722C908C900C91C1140EF223E
:10188000114041730121E1700C3010BD70B50E465E
:1018900000211C4619801546030014F0B5FE0723ED
:1018A000050B1711231D23002246294630460AF056
:1018B00037FE70BD22462946304608F095F870BDC7
:1018C00022462946304601F0E2FF70BD22462946F5
:1018D000304603F0EAFD70BD22462946304600F04E
:1018E00010FC70BDFF209BA1EF3014F09CFD032085
:1018F00070BD70B5A34CE078002818D02078602126
:1019000048430019407B00254007400F0119087922
:10191000401E08712078401CC0B220700A2800D1F7
:101920002570A078401CA0700BF097FEE57070BD8C
:101930009448C079002800D08BE7704770B5914D6E
:10194000A86800280CD0FFF7F3FF002862D06022BF
:10195000A968FFF739FCFFF7CCFF0020A860EFE78C
:101960006879002856D0FFF774FF044681484C3050
:1019700001F0C2FA6060002804D17A4875A14A30AB
:1019800014F051FD606801F01AFB00280DD02046CC
:1019900007F00BFF6078010703D5C008C000401CAA
:1019A0002BE0744861684C302DE0724861684C301F
:1019B00001F0ABFA00F05AFB00282BD1FFF749FFEA
:1019C00004466C4801F098FA6060002804D1332086
:1019D00060A1000114F027FD606801F0F4FA00280E
:1019E00014D060680088608020460AF0CCFD6078E2
:1019F000010706D5C008C000801C6070FFF779FFA2
:101A00009EE75C48616801F080FA99E7594861688F
:101A100001F07BFA70BD10B55B4CE160A0605B48E3
:101A200000F032FC607010BD57490020087070470C
:101A300070B5574E0546706A94B00C46401C04D1F0
:101A4000B06AC0430004000C0BD0306AC007C00F5E
:101A50002870706A14F0DBFBB06A2071000A6071B4
:101A600014E02B206946087009A9684601F07BFA4A
:101A7000002804D03B4837A17E3814F0D4FC012064
:101A8000287006220AA9204614F04FFB2878002867
:101A900003D06079C0210843607114B070BDF0B507
:101AA0003B4C0646206895B00D4637460837401C2B
:101AB00008D16068401C05D1A068401C02D1E068D4
:101AC000401C11D02068314614F0A1FB6068311D24
:101AD00014F09DFBA068394614F099FBE06831468C
:101AE0000C3114F094FB25E02B206946087009A9FD
:101AF000684601F038FA002804D01A4815A1553874
:101B000014F091FC08220AA9304614F00EFB2B2099
:101B10006946087009A9684601F025FA002804D032
:101B200010480CA14E3814F07EFC08220AA9384651
:101B300014F0FBFA20692E460836401C08D1606973
:101B4000401C05D1A069401C02D1E069401C33D083
:101B500020691FE07372635C686F73745F636F72F8
:101B6000652E6300C3020000F866010094010020A6
:101B70003D170000640800206E524635313832327D
:101B800000000000E8030020240000203D190000B0
:101B900080000010294614F03AFB6069291D14F0FA
:101BA00036FBA069314614F032FBE06929460C315E
:101BB00014F02DFB15B0F0BD2B246846047009A964
:101BC00001F0D1F9002803D0F649F74814F02BFCB6
:101BD000082209AF28460AA914F0A7FA684604703B
:101BE00009A901F0C0F9002804D0EF48ED49C01D53
:101BF00014F019FC0822391D304614F096FAD9E782
:101C000070B5EA4C0546A068002804D0E648E549CE
:101C1000563014F008FCA56070BD10B50146E448CC
:101C200001F073F9E1498879401CC0B2887101283C
:101C300003D1E048407800F04BFB10BD70B504467E
:101C4000DD4816460D46814204D1D748D549CB30F0
:101C500014F0E9FB012E05D0D348D249DA3014F054
:101C6000E2FB70BD6620207000202072A58101205B
:101C7000A07370BD70B515460C460646FFF758FEBA
:101C800000280CD066210170468001210172216874
:101C90000161A18881820573FFF72BFE70BD1321BE
:101CA000304608F09FFD70BDC2494968884201D2A4
:101CB00010207047072101700020704770B5BD4C9F
:101CC00005462078002694B0002801D00820E4E6DC
:101CD000BA4A6260954201D21020DEE668680028A8
:101CE00009D00921D82804D3C31C9B089B00834238
:101CF00005D00846D1E60720000268600EE0012109
:101D000009074B6B896B4B43AD49511A0122591A94
:101D1000D202891A814201D20421EAE700F050FF81
:101D20006178A06806F052F8E068401E07280BD8DA
:101D3000302269460A708870684607F007F9002863
:101D400002D009A806F07CFA2846FFF712FD012010
:101D500020703046A1E6F8B5044696480F46406824
:101D6000814208D3002C01D0844204D3E01C8008B7
:101D70008000A04201D01020F8BD8C488178002955
:101D800011D0398800914178602251430D18287B89
:101D90000C350007000F3B4600222946FFF776FD71
:101DA000060004D015E0002038800520F8BD002C86
:101DB00013D039880098814201D90C260DE028788B
:101DC0003B460007000F22462946FFF75FFD06004D
:101DD00005D00C2E01D0002038803046F8BD734C61
:101DE0006078401CC0B260700A2801D10020607089
:101DF000A078401EA07068784107490F01290ED0D5
:101E0000022906D003291AD066496E4814F00BFB4C
:101E1000E3E7C006E1D46868FFF7FFFEDDE764484A
:101E200069684C3001F071F86079401CC0B2607193
:101E30000128D2D15F48407800F04AFACDE7E07936
:101E4000401CE071C9E7604A10B5904209D3594A75
:101E50000124A4045268A04201D3904201D39142CC
:101E600001D2102010BD00F0FCFE10BD564B10B585
:101E7000994209D34F4B0124A4045B68A14201D3CA
:101E8000994201D39A4201D2102010BD022803D0FA
:101E9000102801D0092010BD00F009FF0028FAD059
:101EA000052010BD484B10B598420DD3414B01247D
:101EB000A4045B68A04201D3984205D3994203D39E
:101EC000002A03D09A4201D2102010BD00F015FF65
:101ED0000028FAD0072010BD10B50446354894B04C
:101EE0004068844202D2102014B010BD0F2008A90F
:101EF000087369460BA801F036F80028F4D168464B
:101F0000007A207068464089608068468089A08099
:101F10000020E9E710B500290BD0264A526891420B
:101F200002D30B68934201D2102010BD8A88002A88
:101F300002D001F05AFE10BD092010BD10B5224A92
:101F400094B091420ED31B4A01239B0452689942DC
:101F500001D3914206D3441E1E2C41D8994203D38B
:101F6000914201D21020BFE7012837D10878002420
:101F7000C007C00F002803D003206946887001E025
:101F80006846847038206946087009A9684600F0E0
:101F9000EAFF002804D041200CA1C00014F043FA4D
:101FA0002046A1E7541B000093020000E803002034
:101FB0006408002024000020FFFF0000001900201A
:101FC000000000200A040000008001007372635CBE
:101FD000686F73745F636F72652E6300072083E719
:101FE0000246203A1F2AF9D807F0F9FF7CE710B51E
:101FF0005F4A5268914201D2102010BD0246203A39
:102000001F2A02D808F065F810BD072010BD70B572
:102010000546584C0020207020464619544846601A
:10202000E01C80088000A04204D0FF2052491330F9
:1020300014F0F9F901200007C06AC0430006000E41
:1020400003D14E480068401C03D04D484D49301A1A
:10205000C862A8B20122214604F039F9002804D050
:10206000FF204549233014F0DEF970BDF0B595B07E
:102070003B2008A9087369460BA800F074FF0028EC
:1020800004D0FF203C496B3014F0CDF93E4E0024C3
:102090006D4630E02F19B87DC10706D0400704D443
:1020A00060004019C0880AF08DFB3848807900280C
:1020B0001FD0B87D80071CD560004019C088002261
:1020C00006210AF09CFB002813D03C2108A80173CC
:1020D00060004019C1886846C18569460BA800F0B8
:1020E00042FF06000BD0FF2023497F3014F09BF9FC
:1020F00005E0641CE4B268460079A042CAD83046C4
:1021000058E5F7B505460078002700090C463E461D
:10211000062804D0FF201849A83014F084F9287A42
:1021200000280ED0012814D0FF201349C93014F024
:102130007AF90298002C068001D027806680002062
:10214000FEBD02270926002C0ED0A889A080A87BFE
:1021500008E003271426002C06D02869E060A88A2E
:102160002082287B2072E4E702980680E7E70000DF
:102170002400002000190020CC1F000000100010D7
:10218000000000200005004004300000E8030020AB
:1021900010B56038030014F037FA0A060A0F131856
:1021A0001F252930353A0868FFF788FD10BD05C99D
:1021B0001146FFF7D0FD10BD0868FFF775FD10BD93
:1021C00005C91146FFF73FFE10BD4B6808788A68C5
:1021D0001946FFF74BFE10BD8A6809C91946FFF77B
:1021E00061FE10BD0868FFF777FE10BD08884A68D9
:1021F00080B21146FFF78EFE10BD05C91146FFF7EC
:102200009DFE10BD05C91146FFF7F1FE10BD01206E
:1022100010BD0120704700000E4A12680C498A4226
:102220000AD118470B4A1268094B9A4204D101B5EA
:102230000AF090FF03BC8E46074909680958084711
:1022400006480749054A064B704700000000000099
:10225000BEBAFECA7800002004000020001500204D
:102260000015002001203F49400608603E490860F3
:102270003E490A68FF231B029A4383121A430A60ED
:10228000384980390860704710B502460420384943
:1022900004E0C3005B181B79002B0AD00346401EE4
:1022A000C0B2002BF5D133A1432014F0BCF8FF20BD
:1022B00010BDC300CA50002259184A718A71012208
:1022C0000A7110BD2A4A0021C000801801717047B0
:1022D00010B50446042803D326A1522014F0A3F815
:1022E0002348E1000C182079012803D021A15320B4
:1022F00014F099F86079A179401CC0B2814200D0F5
:1023000060710120174940068031086010BD70B52A
:10231000164804250068164E0004800F1B4C022846
:102320001AD014A1692014F07EF815E02078C100BD
:1023300088190279012A07D1427983799A4203D018
:1023400042798271705880472078401CC0B220705A
:10235000042801D30020207028466D1EEDB200280D
:10236000E4D170BD80E100E080E200E018E400E02C
:10237000E00800207372635C736F635F7369676E5C
:10238000616C6C696E672E630000000034000020F1
:1023900010B5EFF31080C407E40F72B6D24841784D
:1023A000491C41704078012801D10BF07BF9002CC9
:1023B00000D162B610BD70B5CB4CE07800280AD1D0
:1023C0000125E570FFF7E4FF0BF074F9002804D055
:1023D00000200BF047F9002070BDC44865714560CE
:1023E000F9E770B5EFF31080C507ED0F72B6BE4C7C
:1023F0006078002803D1BEA18F2014F014F8607813
:10240000401E60706078002801D10BF04FF9002D5C
:1024100000D162B670BD10B5B348C178002904D0B0
:1024200000214171C170FFF7DCFF002010BD10B525
:1024300004460BF03FF9AC49C978084000D00120B0
:102440002060002010BDF8B50246A74C0026A671FA
:102450000820042101251027130014F0D5F80D08D9
:102460000A0C0E101214161E262123252800257191
:1024700022E0022001E021711EE020711CE02771A2
:102480001AE02020F9E7012616E0FFF781FF0BF0A4
:1024900011F90028FBD002260EE02171A5710BE096
:1024A0002771FBE7202000E040202071F6E7FF20A5
:1024B0008FA1763013F0B7FF0BF008F9002809D090
:1024C0000BF00AF9B04205D130460BF008F90028AC
:1024D000FAD02CE001208007C560894900224A60BB
:1024E000884A9661814B02225A608560864802695B
:1024F000D243D206D517026910231A4302610F4650
:102500006D1C00E020BF78680028FBD030460BF03F
:10251000E6F80028FAD0002D04D17B48026910218A
:102520008A43026171490220886000207860A079A6
:1025300000280CD00BF0BEF805460BF01BF8734AD0
:10254000002D02D0A260E06001E0E260A060002EF9
:1025500001D100F0A5F8F8BD10B504460BF0B0F8B5
:10256000002805D060490120C8704A78521C4A7082
:102570002046FFF768FF10BDF8B5614DA86800263A
:10258000012802D1AE600BF06DF86868012800D117
:102590006E6028680127544C012812D12E606079A2
:1025A000002803D000200BF05DF866712078002829
:1025B00007D00BF07FF8002803D0012080070761C7
:1025C000A770286901282AD12E6100F05FF8012048
:1025D00080074761A079002815D00BF06BF80090B8
:1025E0000AF0C8FF0099002901D0E16800E0A16865
:1025F000411A022901DA8A1C11DC0099002901D054
:10260000E06000E0A060FFF7C3FE0BF053F8002885
:1026100004D0012080070761A77000E02770E868F8
:10262000012812D100F032F800F030F800F02EF856
:10263000A078002804D1FF202DA1033013F0F3FE71
:10264000EE60A6702670FFF7CCFEF8BD10B5264CE4
:10265000E078002801D10BF029F80120810788617A
:1026600000F014F8A07800280BD0254CE068002872
:1026700003D10BF034F80028F8D10020E06000F01E
:1026800005F800201949C043886010BD08B55020E6
:10269000694608806A461088411E1180FAD208BD3A
:1026A000F8B5124819278760154900200860C860EE
:1026B0000BF000F8BE0701240B4D002802D0346156
:1026C000AC7000E02C70FFF763FE084847600D49CE
:1026D00028798863FFF7DAFFB461FFF7D7FF08496D
:1026E000002008617461F8BD38000020000300403C
:1026F0007372635C736F635F636C6F636B2E6300F5
:10270000000100400005004000ED00E0FFFFFF7FFA
:102710008107C90E002808DA0007000F0838800872
:102720002E4A80008018C06904E080082C4A80008E
:1027300080180068C8400006800F704710B50D2053
:10274000FFF7E6FFC4B20420C043FFF7E1FFC0B2C9
:10275000844203D023A11A2013F065FE26490120EC
:10276000486010BD0121254A48031060244B002217
:102770001A60244A5160244A1060244A11601F499B
:1027800080390860704701211C4A480310601F4AC5
:1027900051601B4A002111601B490860704710B549
:1027A00017490868012804D00EA1572013F03BFEFA
:1027B00010BD114880680022C0B20A600AF020FCF7
:1027C00010BD10B50E4801680029FCD0FFF7E7FFE7
:1027D00001200D494003086010BD000000ED00E03D
:1027E00000E400E07372635C736F635F68616C5F49
:1027F000726E672E6300000000D5004080E100E0AB
:1028000000D1004000D3004080E200E000D0004052
:1028100030B40121BC48C9020160CD1005604A03F3
:102820000260BA4803681B021B0A036004680023A5
:10283000240A24020460B6480468240A24020460BE
:10284000B448012444608460B34C23606360A36097
:10285000B24B19601D601A60B14B19601A600121FA
:10286000016030BC704710B40121A748CA02026061
:102870000B0203600C060460A64841608160A94811
:1028800041680029FCD1A4490020086048608860A4
:10289000A24802600360046010BC704701219F4899
:1028A000C9020160C91001607047002805D00128E5
:1028B00005D0022805D19C4870479C4870479C4829
:1028C000704710B59BA18B2013F0ADFD002010BD0B
:1028D00070B500219E4C9F4D9F4A8F4B002808D019
:1028E00001281DD0022822D092A1B32013F09BFD15
:1028F00070BD01200004A060A86011601960974BB2
:10290000C2039A60964A90607F4A00121060954810
:10291000016086480160944801609448017070BD70
:1029200001204004A060A8605160596070BD012082
:102930008004A060A8609160996070BDF8B594466D
:10294000834A8B4F834D00240126002808D001289C
:1029500032D0022840D077A1E82013F064FDF8BD02
:10296000891E0902090A0120000490603C64686025
:102970006C4A1164012B1DD000217C4A7D4B5170A3
:102980006146DC63DE637C4B5C6002249C60042453
:102990001C61744B3D31196073490E605F4B8915A2
:1029A00019606F4B58605E4801606C49C005486013
:1029B0001670F8BD0121E0E70120704E4004704F11
:1029C000012B04D13464506068603964F8BD9060B4
:1029D000346468603964F8BD01206A4E80046A4F2F
:1029E000012BF4D1EEE74F484068704770B54A4D6F
:1029F00028680026564C012806D1A068C00303D5DC
:102A000001200004A0602E606868012809D1A06838
:102A1000800306D501204004A0606E6001200BF009
:102A200041FEA868012809D1A068400306D501200D
:102A30008004A060AE6002200BF034FE70BD10B5C3
:102A40004A490878002818D00120444AC0079060FD
:102A5000434AC00B90602C4A00121060414A00208B
:102A60001060324A1060404A106008704A78002AAC
:102A700002D048700BF016FE10BD0320FAE70120CB
:102A8000424900060860704701202449000608609A
:102A9000704701203D4940050860704701201F49EB
:102AA00040050860704733490020C86388151B49FA
:102AB00008607047410A364AC005C00D5043801C6B
:102AC0005143400A0818704710B4324C430B63431B
:102AD0001B0C5C020C602E4C6343C31A2E485C0234
:102AE00058432B4B400D4343E31A0124DB032404DA
:102AF0001B191B1613700A681018086010BC704769
:102B000010B50BF0A2FE10BD80E100E008E400E08B
:102B100018E400E000B0004040B1004080E200E076
:102B200000E100E000B5004048B1004040810040B5
:102B300044B100407372635C72656D5F68616C5F85
:102B40006576656E745F74696D65722E6300000052
:102B500000B3004040B3004040B5004000F50140E4
:102B60000083004040850040008200404800002073
:102B700000B10040C08F00400085004004B100401B
:102B800004B5004008B1004008B5004000E200E094
:102B9000093D0000378600006F0C010010B50BF0F6
:102BA00040FE10BD00200449C8630120012181407E
:102BB000024A116000BF7047C01F004080E200E081
:102BC00010B50CF097FA0AF059F9FEF7DFFB12F096
:102BD00063FA0CF0F5FF0CF081FF10BD70B50C46E8
:102BE000054603F0D5FA214628460EF026F870BDBA
:102BF00070B50D46040012D0002D10D021012846DA
:102C000013F0F0FA10225449284613F08EFA524875
:102C100001210838018044804560002070BD0120FA
:102C200070BD70B54C4E00240546083E11E0716839
:102C300020014018817BAA7B914209D1C17BEA7BAC
:102C4000914205D10C22294613F042FA002806D001
:102C5000641C30888442EADB0020C04370BD2046FB
:102C600070BD70B50D4606000AD0002D08D03A4C54
:102C7000083C20886188401C884203D9042070BD2C
:102C8000102070BD3046FFF7CCFF002801DB401C50
:102C90000AE020886168000140181022314613F0D4
:102CA00044FA2088401C20802870002070BD70B538
:102CB00014460D001FD0002C1DD00021A170022849
:102CC00002D0102817D108E068782978000208435C
:102CD00011D00121A17010800BE02846FFF7A1FF61
:102CE000002808DB401CA070687B297B0002084399
:102CF0002080002070BD012070BD70B505461446CF
:102D00000E000AD000203070A878012807D004D91E
:102D1000114908390A8890420BD9012070BD002C56
:102D200004D0287820702888000A5070022008708B
:102D300010E0002C0CD049680001411810222046F8
:102D4000103913F0F2F9287820732888000A60738C
:102D500010203070002070BD540000205A4910B57A
:102D6000884207D301218904884205D3574909685D
:102D7000884201D2102010BD0146012006F0E4FA7D
:102D800010BD30B5044693B000200D4607901421C5
:102D90000BA813F029FA1C21684613F025FA6A469D
:102DA000112010770020507710780221084310700E
:102DB00007A80C90012008AA907245486A46108521
:102DC0000AA80B902088108460885084A088908482
:102DD000E088D084907FF9210840801C40084000A2
:102DE000907708209086108708A80F9010AA0BA94A
:102DF000684600F083FF002803D110A800882880CF
:102E0000002013B030BD3EB5044608206946088056
:102E10002D48844207D301208004844205D32B48E7
:102E20000068844201D210203EBD2146012006F0F8
:102E30008BFA0028F8D12088694688806088C8808D
:102E4000A0880881E088488107F05FF801AB6A46F6
:102E5000002101F0E1FB694609880829E4D003203C
:102E60003EBD1FB504460020029008206946088137
:102E700015480391844207D301208004844206D37D
:102E800012480068844202D2102004B010BD07F03E
:102E90003CF8014602AA0F4801F055FD0028F4D184
:102EA00069460989082901D00320EEE769460988A7
:102EB000218069464988618069468988A180694680
:102EC000C988E180E1E700000080010028000020BF
:102ED000042A0000FFFF000010B5031D036000205E
:102EE000521E04E05C181C60401C2346C0B2904295
:102EF000F8DB0020186010BD01460A680020002A97
:102F000002D0104612680A60704702680A600160C9
:102F10007047000000B51E2823D00BDC0C281CD005
:102F20001FDC030013F070FB090F1D111D1D171787
:102F300013151D00302814DD3A38030013F064FB2C
:102F4000030F11091100002000BD214800BD04201D
:102F500000BD0D2000BD0F2000BD082000BD1120C8
:102F600000BD032000BD10B50C4605F0EFFF0028A2
:102F70001ED0204605F064F9002816D022780E2ACB
:102F80000DD00F2A0BD0022A09D0032A07D0102A0D
:102F900009D010A17C2013F046FA002010BDA078C3
:102FA000FFF7B8FF10BD112010BD0AA18220F2E783
:102FB00008A18820EFE710B504F083FF10BD10B51D
:102FC00005F03EF910BD10B504F0D9FF10BD0000AA
:102FD000023000007372635C686F73745F686369CA
:102FE0002E63000070477047704770477047704706
:102FF00070477047704770477047704770470000D0
:1030000010FFFFFFDBE5B151008001006400FFFF0E
:1030100003B40148019001BD09000020002803D03D
:103020008178012939D101E0102070470188FE4ADA
:10303000881A914233D01BDCFC4A881A91422ED068
:103040000BDC00292BD00320C002081A27D001284E
:1030500025D001210903401A07E001281FD00228CA
:103060001DD0FF281BD0FF380138002815D116E0ED
:10307000FF220132811A904211D008DC01280ED0C3
:1030800002280CD0FE280AD0FF2806D107E001292B
:1030900005D0022903D0032901D0002070470F205A
:1030A000704700B50B2826D009DC030013F0ACFAFA
:1030B0000B1D2125251B25292325271F1B00112832
:1030C0001BD008DC0C2816D00D281CD00F2814D0DB
:1030D000102808D10FE0822809D084280FD0852835
:1030E0000FD0872811D0032000BD002000BD05208F
:1030F00000BDCF4800BD072000BD0F2000BD04204B
:1031000000BD062000BD0C2000BD0D20800200BDCA
:1031100070B500290BD0CB1FFA3B81241E46CDB2DF
:10312000112B1BD2012805D0022806D009E000206F
:1031300010701DE0FF20043001E0FF2003308142C9
:1031400018D0330013F060FA111613131613161665
:103150001316161613131313161316000846FF380A
:1031600081381F2803D9FF39FE39022902D815708A
:10317000002070BD1470072070BD00B5030013F06F
:1031800043FA060406040C080A0C002000BD1120B6
:1031900000BD072000BD082000BD032000BD007851
:1031A0000207120F04D0012A05D0022A0AD10EE02C
:1031B000000907D108E00009012805D0022803D042
:1031C000032801D0072070470870002070470620B0
:1031D0007047002807D0012807D0022807D003280D
:1031E00007D007207047002004E0112002E02120D2
:1031F00000E0312008700020704738B50C4605000B
:103200004FD06946FFF7CBFF002822D12088032149
:1032100089028843694609788907090D0843208097
:103220006946681CFFF7BBFF002812D121880320E4
:1032300000038143684600788007800C01432180A9
:10324000A8784007820F2020012A03D0022A03D049
:10325000072038BD814300E00143218088B2010589
:10326000890F08D0012189038843A9780907C90F6C
:1032700089030843208080B28104890F0AD0A9788D
:103280004004C906C90F400CC903084320808004CC
:10329000800F02D12088400403D5208840210843B4
:1032A0002080002038BD70B50446002008801546F7
:1032B0006068FFF7A2FF002815D12189A08981420B
:1032C00010D861688978C90708D00121490288426D
:1032D00008D8491C12F0A3FF298009E0FF21FF3123
:1032E000884201D90C2070BDFF30FF3003302880A8
:1032F000002070BD10B5137804785B08E4075B000C
:10330000E40F23431370FD2423400478A407E40F43
:10331000640023431370FB24234004786407E40F04
:10332000A40023431370F724234004782407E40FF8
:10333000E40023431370EF2423400478E406E40FF1
:10334000240123431370DF2423400478A406E40FF0
:103350006401234313700078BF244006C00F23404C
:10336000800103431370002906D00878C10701D1FA
:10337000800701D5012000E00020C0015906490E58
:103380000843107010BD30B50A8803239B020488DF
:103390009A4323059D0F02D1A3049C0F01D09B0FDC
:1033A00000E001239B021A4303230A801B039A4374
:1033B00003889804840F02D11805830F01D0800F71
:1033C00000E00120000302430A8030BDF3B593B052
:1033D0000D000FD0139800280FD01221284612F0AC
:1033E00001FF03AAFF21012003F0E7F8002426468D
:1033F00037467AE0102015B0F0BD0720FBE768469D
:10340000807D01280BD16846818A0520C002081AF8
:1034100010D0012810D0022812D0032812D0042C7A
:1034200014D0052C15D113E002290000012800005A
:1034300003300000012400E002246846468A08E0C8
:10344000032406E068460424478A02E0052400E0DD
:1034500006246846418A1398814246D12C74002E76
:1034600041D00DAA0EA905200292019100901023CF
:103470000022FF21304603F041F9002823D168469D
:10348000808E2A46C0B20EA9FFF711FC00281AD17F
:10349000AE81002F27D00DA9052008AE0291009023
:1034A000132300220196FF21384603F027F9002854
:1034B00009D16846808EF11CC01EC0B22A1DFFF7DC
:1034C000F6FB002801D0032095E708A88178427810
:1034D00008021043E881062C05D16846807DA87259
:1034E0006846808A2881002085E703A803F06EF8EB
:1034F000002884D0FFF7D5FD7DE7002805D0F94AE4
:10350000012903D0022903D003207047518800E02D
:103510009188814201D1002070470720704770B523
:103520000C4605461C21204612F05CFE002020803F
:10353000002D08D0012D04D0EBA1F04812F073FF4C
:1035400070BD062000E00520A07070BD70B592B07F
:103550001546064601206A461071107453740846D9
:1035600008300395029048889082FEF7E1F9040044
:1035700019D06580172069468883203600940AABED
:103580007178023307AA01A80DF05FF9064660784A
:10359000000701D5FEF7ADF9002E0AD03046FFF73F
:1035A000ECFD12B070BD1321284607F01BF9032073
:1035B000F7E708A800906846838B0422012128467B
:1035C00008F035FEEDE770B506468AB000200D46DE
:1035D00007900590069003A90490052402460291E5
:1035E0000190102300942946304603F087F8002804
:1035F0000DD108A804A9009102900194684683891E
:1036000000222946304602F095FE002801D0FFF73F
:1036100048FD0AB070BD10B50DF01DFB10BDF0B532
:1036200089B000260546059600780C460827030059
:1036300012F0EAFF0CFD070C3A0B77779EC2FCD81C
:10364000E8FD68680A38FEF7E8FA0DE1A88800236B
:1036500080B201220321009009F08CFA0290002C24
:1036600004D0A648A0A16E3012F0DDFE029800281A
:1036700004D1A2489CA16F3012F0D5FE02980099A7
:1036800008300CF017FDFEF753F9040007D06078FE
:103690003843607000986080FEF72BF9E6E0132154
:1036A000009807F09FF8EFE0002C04D1BD208EA118
:1036B000800012F0B8FE608800230122032109F087
:1036C00059FA0090002804D18C4887A1883012F064
:1036D000AAFE0099002008802A7994461EE0C300C3
:1036E0005B199B6807936B469B8B1A0708D5DA0614
:1036F00006D56046C20050194038C08F088006E0E9
:103700005B0409D50871C2005019C08848806078F0
:10371000384360700226A7E0401CC0B28445DED862
:10372000A2E0E888694608800090002C04D1734824
:103730006DA1983012F077FE2878062814D10098F1
:10374000C00B11D0608800230122032109F012FA76
:10375000060004D1694864A1A23012F064FE002082
:103760003071A88870803BE06078384360707BE0FF
:10377000002C04D161485CA1B43012F054FE608882
:1037800000230122032109F0F5F90090002804D15B
:103790005A4855A1B73012F046FE009808300DF097
:1037A000ACFA0121484002D1E888C00B5CD00098F7
:1037B00061880226C180D7E7002C04D14F484AA176
:1037C000D03012F030FE608800230122032109F07E
:1037D000D1F9002804D1494843A1D33012F023FE87
:1037E0000226C1E7002C04D144483FA1DC3012F08E
:1037F0001AFE0226618801222046FEF71FFA0120E8
:103800000590B1E7A889002380B20122032100902E
:1038100009F0B0F90746002C04D0384832A1EE3048
:1038200012F001FE002F07D12FA101E00FE016E0FA
:103830003248EF3012F0F7FD686802902889694637
:103840008881012202A90098FEF714FA0CE0002CEE
:103850008AD16D2024A1C00012F0E5FD84E727483D
:1038600021A1FE3012F0DFFD002C0DD060780007A2
:103870000AD50598002807D18420207020465822B8
:1038800029460830FDF7A0FC304609B0F0BDF7B579
:103890000C460546007A224688B00A320292921CF3
:1038A00004920027811E16323E4601920B0012F050
:1038B000ABFE08F605F548488DD1F4F5688800237D
:1038C0000122032109F056F90190002803D106A135
:1038D0000B4812F0A8FD01980088002812D052274A
:1038E000072601E1000900207372635C676174744C
:1038F000735F636F72652E63000000006F0200004B
:103900008603000051271E26002C7DD06888A080E9
:103910000120A071019802990079C0004019C08966
:10392000FFF754FD002870D101980079C0004019BC
:10393000C089208101980079C0004019408AA08385
:10394000F2E0698A0091062820D1E889C00B1DD0D9
:1039500008462230512786B2002CD6D0A889049977
:10396000FFF734FD002873D16888A0800220A07181
:10397000A88920810120A072288AE08300982084F1
:103980006969009A019812F0D0FBCDE0084620301A
:10399000502786B2002CB8D0A8890299FFF716FDEF
:1039A000002855D16888A080A889E080287A062858
:1039B0000AD002202072288AA0830098E083204643
:1039C00069692030009ADEE70120F3E76888002368
:1039D0000122032109F0CEF80690688A009006982B
:1039E000002803D1FD49FE4812F01DFD069808305D
:1039F0000DF083F90121484002D1E889C00B26D09F
:103A00000098223086B201E073E021E05127002CBB
:103A100079D06888A080A8890499FFF7D7FC00288E
:103A200016D10220A071A88920810420A072288AC2
:103A3000E083009820846969009A019812F075FB70
:103A40000699002008710698A98941806CE003203E
:103A50000BB0F0BD688805F0D2FB019068880023A8
:103A60000122032109F086F800900198002804D172
:103A7000DB48DA492C3012F0D6FC0098002804D13B
:103A8000D748D6492D3012F0CEFC0098D549C088D1
:103A9000884205D05127222604E01EE03FE035E0B1
:103AA00050272026002C2ED06888A080502F07D0C9
:103AB0000220A0712146287B0831FFF730FD33E05A
:103AC000287BA11DFFF72BFD6A8800230099019830
:103AD000FFF73CFD0028BBD126E0C349A889C9886F
:103AE000814207D154270626002C0CD06888A0807C
:103AF0001AE008E053270826002C04D06888A0802C
:103B0000A889E08010E00A98068013E05527072670
:103B1000002CF8D0A889A0800020A07104E08D209E
:103B2000AE49C00012F07FFC0A98002C068001D03C
:103B30002780668000208BE7AB4900200870704723
:103B400030B585B00C4601F0E0F90546FF2804D1F8
:103B5000A348A249953012F066FC00202080207115
:103B60006080401EE0802046294608300CF096FA1E
:103B70006A462946012002F020FD102412E0684622
:103B8000808800070ED56846C0882946FFF71BFDD0
:103B900068468188FF2321438180C0882946019A95
:103BA00002F036FE684602F011FD0028E7D005B0AD
:103BB00030BD0A46014610B5104608300CF082FAB6
:103BC00010BD70B5002305461A46032108F0D2FF48
:103BD000040004D182488149B73012F024FC204609
:103BE000294608300CF066FA70BDF0B591B00C466D
:103BF000074605F004FB050005D02878222804D2EA
:103C0000082011B0F0BD7948FBE700231A460321D4
:103C1000384608F0AFFF0646002C02D0A0880028E6
:103C20000CD00120694608710220087400204874F5
:103C3000002C05D0A0880883206802E00920E0E776
:103C4000088305903046083003970290FDF770FE18
:103C5000040018D0678017206946888320350094B7
:103C60000AAB6978023307AA01A80CF0EEFD0546FD
:103C70006078000701D5FDF73CFE002D09D02846ED
:103C8000FFF77BFABDE71321384606F0ABFD0320B2
:103C9000B7E708A800906846838B042201213846C4
:103CA00008F0C5FA0021C943F180AAE7FFB585B045
:103CB0000E9E7788384605F0A2FA054600231A467C
:103CC0000321384608F056FF0446002D03D143492E
:103CD000474812F0A8FB002C04D145483F49401C3E
:103CE00012F0A1FB0834089869460394C1C105A8E5
:103CF0000DC8203569780CF017FAC6E5F0B5044612
:103D0000002099B00D4601460D9010A881811646FD
:103D100001818180344A68469180018510A8018024
:103D200068460187818581841078012808D002289F
:103D300006D0032804D0042802D0082019B0F0BD12
:103D40002C4A944273D32C4F0121890438688C4249
:103D500001D3844278D3274A954275D3012189043F
:103D60008D4201D385426FD36168002913D0214A67
:103D7000914269D301229204914201D3814263D3DB
:103D800060892189884203D801225202914201D9D7
:103D90000C20D3E70D9016AA0EA92846FFF783FA48
:103DA0000028CBD1686880784007800F02280AD1AC
:103DB0006846008F8004800F05D02869002802D053
:103DC0003968884240D30AA92069FFF716FA00280B
:103DD000B4D1206900281CD060780FE0E8380000DA
:103DE000EE030000FFFF0000000900200230000089
:103DF0000C050000008001002800002080076846B4
:103E0000008D03D58004800F68D002E08004800F0D
:103E100064D16846008D810618D58004800F6068E3
:103E200006D0002812D0396888420DD302E00BE09A
:103E300000280BD0FE49884206D30121890488421C
:103E400004D33968884201D2102077E709A9606954
:103E5000FFF7D3F900289CD16069002808D0684694
:103E6000808C0105890F012938D18004800F35D05D
:103E70000BA9A069FFF7C1F900288AD16846808C98
:103E800080062BD46846808D810627D4A16900293D
:103E900006D00105890F012920D18004800F1DD093
:103EA000E068002804D00078002817D01C2815D21C
:103EB00004AA611C2046FFF71DFA0121890210A8FF
:103EC0000180012768468773DA49818104AA033299
:103ED00017A92868FEF711FF002801D007202DE759
:103EE00010A8007F15A9C01CC2B200200C9201903E
:103EF000FF32009003460291FF3203A8033210996B
:103F000002F0B3FA002826D110A9888A0F902A89D6
:103F10002969C94801910092029010A90A8B6B8906
:103F200028680E9902F0A1FA01007DD1C24800254F
:103F3000001F818868464174090A8174052104A81C
:103F40006A4623C210A82A46FF21808A0C9B02F0F1
:103F5000F1F9002802D0FFF7A4F8EFE66846007CEC
:103F60000322C1090020920290430122920280188C
:103F70001490002928D0014610A801806846292104
:103F8000877309028181058608A8007C0023410807
:103F900060784900C007C00F014308A80174FD20E4
:103FA00001406078A54A8007C00F4000014308A87F
:103FB00001740CA9022001910090029503A81099A8
:103FC00002F053FA01002FD16068002828D0206940
:103FD00000280DD10AA90EA8FFF7D5F9607880074F
:103FE00006D46946088D032109038843694608857C
:103FF000904968468773FE31818190492089891EE6
:1040000012F00DF962680D9811AB019200900293C5
:104010000A46002303A80A9902F027FA010003D1F7
:104020002078C10603D400E086E080062AD56846E1
:104030000586606900280DD109A90EA8FFF7A3F92C
:104040006846818C03208002814301208002091888
:10405000684681846946888CC821084369468884FB
:1040600074488F73FF30888112AA0CA90220029233
:10407000019100900023714A03A8099902F0F5F913
:10408000010059D12078C00729D068460586A0696B
:1040900000280DD10BA90EA8FFF775F96846818D90
:1040A000032080028143012080020918684681852F
:1040B0006846818D40200143684681858773604949
:1040C000818113AA0CA90220029201910090002381
:1040D0005A4A03A80B9902F0C8F901002CD1E068F4
:1040E00000282DD010A8149901805549684687737F
:1040F000491C8181E16808A80A78027449784174F2
:10410000E0684122418868464186E06800230179E1
:1041100008A80175E068D200C18808A84175090A9D
:1041200081750CA8072101900091029503A81099B0
:1041300002F09BF9010003D00F9800F0EAFEFDE5C4
:104140003D480321001F0170002E0AD08088308076
:1041500010A88088708010A80089B08010A880897D
:10416000F0800020EAE530B501248BB015460B46FF
:10417000012802D002281CD104E06846052184737E
:10418000C90203E02B4968468473891E8181002B94
:1041900012D003210020890288430121890240189E
:1041A0006946888405AA04A91846FEF7A6FD0028DA
:1041B00004D007200BB030BD1020FBE76A46127C0C
:1041C0001D480092801E05A9FF3201910290FF3226
:1041D000002303A80332099902F047F9002802D00E
:1041E000FEF75FFFE6E71448001F002D01D041886D
:1041F000298004700020DDE770B592B004460126E6
:1042000008A886700F496846018410AA08A930469C
:10421000FFF7A9FF00284DD12078074DC0070024E3
:104220002D1F002848D01C21684611F0DDFF0BE04F
:1042300000800100032800000409002003020000A0
:10424000032900000118000068460178202001437E
:104250006846017008A88670F9496846018411947F
:104260000794817FF92001406846891C81770020EE
:1042700001466846017700200146684641770421DF
:104280008185C485018607A80A9011A80D9008A809
:1042900009900EAA09A96846FFF730FD002809D148
:1042A0006846008FE8806846808F2881401C6881BE
:1042B0002C70002012B070BDEC802C8110A80088FA
:1042C000F4E7F7B5DF4900260A789EB0012A04D04A
:1042D000022A02D0082021B0F0BD4A88824201D0D3
:1042E0000620F8E71F98824201D10720F3E7012258
:1042F00010A98A75D4488882002003239B020146B6
:1043000099439302CB1810A90B8669468A81CF4A3C
:10431000CA8118A9887110A9888419A904916946CD
:10432000CA820690FF20087503A802F072F90024E3
:104330002546274608AA052103A802F06DF90028A2
:1043400010D082286FD1002C6FD0002D6DD010A816
:104350008480C5800021017418A8807B11AC0128DD
:1043600065D06DE008A88079002F21D0012857D1B1
:104370006846818CB44881421CD113AA0DA905203E
:104380006B4607C36846408C10230022FF2102F0D1
:10439000B5F9002868D110A88089042801D0062822
:1043A0004CD16846818E1F98814239D10F2092E707
:1043B000012835D16846808C0521C902884202D087
:1043C000491C88422CD19F4841886846408C8142D4
:1043D00001D1012700E00027002C01D0002D10D0D2
:1043E0001F9988421CD113AB0DAA05216E460EC63B
:1043F000044610230022FF2102F080F9002833D167
:1044000001E035460CE010A88089022801D0102870
:1044100014D1C0B21BAA0DA9FEF749FC00280DD18A
:104420006846468C86E71FE0FFE7052053E714A99E
:104430001BA8221DFEF761FC002801D003204AE7DB
:1044400010A8007C0023001DC2B210A8027420989E
:1044500002900194009215A81C9902F006F8002819
:1044600002D1784902220A70FEF71BFE33E710B52D
:104470000B46401E86B084B203AA00211846FEF700
:1044800039FF04AA052103A802920191009001239B
:104490000022FF21204601F04DFF04466846008AB5
:1044A000012804D06D206A49000111F0BCFF2046AC
:1044B000FEF7F7FD06B010BDF0B5624F0446387840
:1044C00087B00E46032804D0042802D0082007B085
:1044D000F0BD04AA03A92046FEF7E5FE0500F6D1CB
:1044E000606880784007800F02280DD16846808977
:1044F0008004800F08D02069002805D0554909683C
:10450000884201D21020E2E7208905AA6B46216982
:1045100007C369460A8A63892068039901F0A5FFE9
:10452000002802D0FEF7BDFDD1E7002E02D068467C
:10453000808A3080042038702846C8E738B50C00DF
:10454000054609D000236A46FF2102F039F9002808
:1045500004D0FEF7A6FD38BD102038BD69462046C0
:10456000FEF74BFE0028F8D1A078FF21C307DB0F30
:104570002846009A02F04CF9EBE73EB50C0009D052
:1045800002AB6A46FF2102F01BF9002804D0FEF7B7
:1045900088FD3EBD10203EBD0321204611F022FEC5
:1045A0006846008801A90005800FFEF712FE00286A
:1045B0000BD16846007920706846008801A9800404
:1045C000800FFEF706FE002801D003203EBD68469E
:1045D00000796070A278EF20024068460088C10B25
:1045E00009010A43F7210A404104C90FC9000A43DF
:1045F000A270F9210A40800601D5022000E00120C6
:10460000400069460243097A50084000C907C90FB3
:104610000843A07000203EBD7FB5144605220192DC
:1046200003AD029500930A462388FF2101F082FE24
:10463000694689892180FEF734FD04B070BD000011
:10464000052A00000009002002280000FFFF0000EA
:10465000E838000028000020F3B5002799B068462C
:104660000C4607873D4600291ED0E068002806D08A
:10467000A068002818D001886A4611870780199819
:1046800004F0BDFD002812D0007822287ED31998AE
:1046900000F03BFC002300901A460321199808F013
:1046A00069FA060009D104E010201BB0F0BDFD48F6
:1046B000FBE7FD49FD4811F0B6FEA078012803D0C4
:1046C000022801D00720F0E72088002808D0401EEB
:1046D00080B203AA009901F070FF002859D11DE0B3
:1046E000F048401CE1E76946498A228891420BD292
:1046F0006846807D0025012810D16846808AEC49F3
:1047000088420BD1012509E0914203D1002D2AD026
:104710006D1C01E0022D0BD0032D04D203A801F083
:1047200055FF0028DFD082281BD0002831D11DE0A2
:104730006946897D0129F1D16946DD4B8A8A5B1E74
:10474000D11A9A420FD005DCDA48101A0BD0012892
:10475000E4D108E0012906D0FF390129DED1032583
:10476000E1E7022D15D10D2080029EE7E0680028C8
:1047700016D00EA9052202910192009069460B8F76
:10478000A2882088FF2101F0D5FD00E01EE000286E
:1047900002D0FEF786FC88E76846A168008F088093
:1047A0006846008AC00601D5C3487EE707980028FE
:1047B00003D06846008B022801D0032075E70798D4
:1047C000A1780078012903D0800710D408206CE775
:1047D000C007FBD000220721199808F010F8002824
:1047E00002D00725022004E0AE48801C5DE70225C8
:1047F000032008A908702188684681851998083621
:104800000A90099617216846818712AB02330FAAD6
:10481000052108A800970CF018F8002802D0FEF730
:10482000ACFC42E710A800906846838F042229461A
:10483000199807F0FCFC38E770B5064615460C469B
:104840000846FEF7EBFB002804D12A4621463046F5
:10485000FFF789FCF2E610B5FFF733FD10BD70B528
:104860001E4614460D0014D0002C12D06168002999
:104870000FD00121FEF741FE002809D12068FEF784
:10488000CDFB002804D1324621462846FFF736FAF0
:10489000D4E61020D2E670B515460C000ED00221E9
:1048A000FEF72BFE002808D12068FEF7B7FB002892
:1048B00003D129462046FFF7FFFDBFE61020BDE6E5
:1048C000F8B506467D480D46016814468A4231D344
:1048D0006068002808D07A4A90422BD301229204C3
:1048E000904201D3884225D37648864204D0304690
:1048F00004F085FC00280CD0304600F006FB06468C
:10490000284600F0BFFA002804D16068002802D0D1
:1049100012E06448F8BD00236A463146284601F09B
:104920004FFF002802D0FEF7BCFBF8BD68460088A8
:10493000800601D41020F8BD6188224628466368AD
:10494000FFF76AFEF8BDF7B55C4E0746306886B0E3
:104950001446824202D2102009B0F0BD384600F061
:10496000D4FA05465748874201D0FF2D08D00023CE
:1049700004AA2946079801F023FF002826D101E068
:104980004848E9E76846008AC00601D54A48E3E797
:1049900003A9002002910527019000976288494BE6
:1049A0002946079801F0AAFE00280FD161683268F5
:1049B000914208D30191029000972388628829468A
:1049C000079801F09BFE694689892180FEF769FB03
:1049D000C2E7002907D03C4B0A881B899A4202D8BB
:1049E0003048401C704737E610B586B004236C464B
:1049F000A382354BDC88002C07D01B898B4201D267
:104A0000914204D92748401C54E5062052E56B46E4
:104A100019825A820021009101911C800221997013
:104A200005A9029104A903916946FFF715FE41E526
:104A3000F3B50C4685B0812069460873002C1BD065
:104A4000059804F0DCFB070018D03878222869D3D9
:104A5000059800F05AFA049000220121059807F009
:104A6000CEFE00280CD000231A460321059808F03A
:104A700081F805000AD105E0102028E5094826E55F
:104A8000112024E50849114811F0CDFC28460830D2
:104A90000BF032FB06462078012819D0022838D0C6
:104AA000072014E502300000E8380000E1080000AB
:104AB0000328000000280000013400002800002026
:104AC00000800100FFFF000000090020840A0000B0
:104AD000A18803AAFEF71CFB0028CED1B00721D580
:104AE0006846007B00281FD1A079C0071CD0E06871
:104AF000002205216B4607C36389228968880499CF
:104B000001F018FC6946087300280DD0FEF7C9FAB9
:104B1000DDE4A18803AAFEF7FBFA0028ADD134201A
:104B2000064201D10820D2E46846037B2946384674
:104B3000059AFEF70BFDCAE4FFB597B0002001907F
:104B40001F4615460C460E46179804F058FB0028E1
:104B500004D00078222803D20820A6E5F448A4E572
:104B6000B80801D00720A0E5032F00D1002717982F
:104B700000F0CBF90890002C1BD0022D77D3ED4824
:104B8000006884427CD361190091012902D0491E3A
:104B9000814275D3AD1EAAB22146E74810F036F81F
:104BA00000991E394A7F0B7F11021943884267D151
:104BB000ADB2E248B90702D50189491C00E00121E4
:104BC00089B20091F90701D0078900E0DA4F03AA02
:104BD0000899009801F0F1FC0DE0F078B17800023E
:104BE000084310284CD80199091D401880B2019043
:104BF000A84245D82618002E60D07078317800027F
:104C0000084300998842E8D358E06946098A0A07B0
:104C100054D5002C3FD0019AA618121D92B20992C9
:104C2000F278B37812021A439446102A28D8099AC7
:104C30006244AA4224D87278337812021A4390420E
:104C40001ED1C8061ED509980AAA052120186B4650
:104C500007C3707831780002084363460022089940
:104C600001F068FB002803D0FEF71BFA1DE507E002
:104C7000F078B178000208436946098D884201D076
:104C80000B2012E5F078B17800020843099940182A
:104C900080B2019006E0C90604D50899FEF793FC9E
:104CA0000028E3D16946088A1021884369460882B2
:104CB000488AFF23049A089901F0AAFD03A801F08D
:104CC00085FC002803D16846408AB8429DD900235C
:104CD0001A460321179807F04DFF040003D19849A5
:104CE000984811F0A0FB20880028BFD0012108A817
:104CF00001700173002646732188684601862046AC
:104D00000830099017980A90FCF712FE05001BD096
:104D10001798688017206946888010AB023301AA73
:104D2000052108A800950BF090FD0746687800075C
:104D300004D584488249223011F075FB002F09D038
:104D40003846FEF71AFAB0E41321179805F04AFD29
:104D50000320AAE40EA8009068468388042201215B
:104D6000179807F064FA00288BD126809DE4F0B5EF
:104D700000248DB01F4615460E46002A04D0B908FF
:104D800004D007200DB0F0BD1020FBE7032F00D1A9
:104D9000002700F0BAF80390FF2804D06749B8074D
:104DA00003D5488902E06248ECE70120FA0702D007
:104DB0004989491E00E0604906AA8FB2039901F0B3
:104DC000FCFB38E06946898B090734D504AB052123
:104DD0000022029300910192574B039901F08EFC3F
:104DE000002821D1002E21D06A46128A2988A218D3
:104DF0003019121D914234D36946CA8B0270120ACF
:104E000042700A8A8270120AC27004A90522001D2B
:104E10000092029101906946C88B0B8A0022039987
:104E200001F06CFC002801D00320ABE76846008A43
:104E30002018001D84B206A801F0C8FB002804D089
:104E4000822806D0FEF72DF99CE76846C08BB84251
:104E5000B8D9002C07D0002E10D02988A01C814280
:104E600003D20C208EE705208CE7224631463248DB
:104E70000FF0CCFE31190870000A4870A41C2C8079
:104E800000207FE700B585B06946FEF79FFA00284D
:104E90000AD16846007C030011F0B6FB08052F2FED
:104EA0002F2F08080531032005B000BD6846807823
:104EB000012807D1684600880321C902401A1CD086
:104EC00001281AD068468079012806D16846808872
:104ED00015214902401A05280FD96846807A012811
:104EE00011D16846018929200002081A05D002283C
:104EF00003D0032801D0042805D10F20D4E712A144
:104F0000164811F090FA0020CEE710B507F028FE01
:104F100010BD10B50C4601F023FB002803D00AA1F8
:104F20000F4811F080FA2046FEF7BBF810BD0000D4
:104F30000230000028000020FFFF000000090020D0
:104F4000E83800003F0B00007372635C67617474A3
:104F5000735F636F72652E63000000002202000021
:104F6000BB060000F8B500780C46164610340E3625
:104F7000069F022809D0032836D005287ED0FF20BE
:104F8000F6A1E53011F04FFAF8BDCD890A2068434B
:104F90000E30188031203880002AF5D0087B9581AA
:104FA000801FC7B21AE020886168308048780A788C
:104FB00000021043F080C8788A78000210433081E4
:104FC000B21C3846091DFDF772FE002F01D00028E3
:104FD00002D000203071708008340A3628466D1ED9
:104FE000ADB20028DFD1F8BDCD890A2068430E306C
:104FF000188032203880002AF5D0087B9581401F28
:10500000C7B243E0616822880878F2803279C3072A
:1050100052085200DB0F1A43FD231A408307DB0FAF
:105020005B001A43FB231A404307DB0F9B001A4324
:10503000F7231A400307DB0FDB001A43EF231A4064
:10504000C306DB0F1B011A43DF231A408306DB0F65
:105050005B011A43BF231A404306DB0F9B011A432F
:105060003271C00970718A784B7810021843308110
:1050700032463846C91CFDF71AFE00E00CE0002855
:1050800002D00020B070308008340A3628466D1EE9
:10509000ADB20028B6D1F8BD087BCD89801E86B29E
:1050A0003046083068431030188034203880002A99
:1050B000F1D0174695811037E800D681C0190090CD
:1050C0000DE020883880009878603246616800984A
:1050D00011F02BF800980834801908370090284602
:1050E0006D1EADB20028ECD1F8BDFFB581B00A9DB0
:1050F0001E460C46002A05D0607AFF300130D08071
:10510000E089108101980E270078030011F07CFAE5
:105110000B7E0719293541536C7878787E00009210
:10512000087B082805D0032803D091A1954811F0E9
:105130007AF9378030200FE000990020888105B08F
:10514000F0BD0092087B042804D08E4888A114305A
:1051500011F069F937803120288000980028EBD1C0
:10516000EDE70092087B042804D0932080A1800002
:1051700011F059F937803220EEE70092087B0228BF
:1051800004D080487AA13A3011F04DF937803320AD
:10519000E2E7087B1746042804D07A4874A14C3013
:1051A00011F041F91020308034202880002FC6D023
:1051B0000020B88116E0207B1746052806D0062877
:1051C00004D070486AA1603011F02DF912203080AF
:1051D00035202880002FB2D0E089B88100203882A5
:1051E00001984088F881AAE70092087B072804D03C
:1051F00064485FA1713011F016F937803620ABE7B3
:1052000033460095019800F00EFC98E72F2053A13B
:10521000000111F008F992E770B50C46054603F05D
:10522000EEFF002804D00078222803D2082070BDA9
:10523000554870BD00231A460421284607F09AFC01
:105240002060002801D0002070BD032070BDFFB594
:105250008BB00D4607461720694608850E98032631
:105260001446002805D10EA93846FFF7D5FF0028BF
:1052700034D1002D0BD000220321384607F0BFFAAD
:10528000002834D00E980078002830D108E020782B
:10529000092819D00F2823D030A13C4811F0C3F8B9
:1052A0000E98A760801D03AA606002320AA92046FA
:1052B00000F00FFC002827D0030011F0A5F9071A11
:1052C000182323211C1E23000726002231463846BE
:1052D00007F095FA0028E3D12B48801C0FB0F0BDF1
:1052E00000220321384607F08AFA0028D8D111207D
:1052F000F4E70020F2E70820F0E72348401CEDE740
:105300000720EBE70320E9E701A800906846038D3A
:1053100004223146384606F08AFF0028DED1002DEF
:10532000DCD00E990D70D9E730B587B01D460C461C
:10533000002A11D0042369460B7013888B81528890
:10534000CA81A2788A7422880A8200236A46294682
:10535000FFF77DFF07B030BD1020FBE77372635C81
:1053600067617474635F636F72652E630000000091
:105370007372635C67617474635F636F72652E63DD
:105380000000000025020000023000004F03000072
:10539000F3B581B001980C4600780826030011F09F
:1053A00033F9125F47471B134B0A0A0A0A0A0A0A13
:1053B0000A0A0A0A0A5F002C02D1F849F84808E0F4
:1053C0006078304360703CE0002CF9D1F448F34938
:1053D000083011F028F8F3E70198002380880122B3
:1053E00087B20421384607F0C5FB0546002C04D0DF
:1053F0007520EA49C00011F016F8002D04D1E848E4
:10540000E649143011F00FF83946A81D00F058FB9A
:10541000FCF78EFA040006D0607830436070678035
:10542000FCF767FA0FE01321384605F0DBF915E0C9
:10543000DB48DA49283002E0D948D8492D3010F04D
:10544000F2FF002C0AD06078000707D59320207067
:105450002046582208300199FBF7B6FE0020FEBD19
:10546000CF48CE493130EAE710B500210170801DE8
:1054700000F023FB10BD0A4610B50146901D00F058
:1054800027FB10BD70B5002305461A46042107F01E
:1054900071FB040004D1F920C049800010F0C3FF63
:1054A0002946A01D00F00CFB70BDF7B5054684B081
:1054B0000C4600206946088188806F8803460122D7
:1054C0000421384607F056FB060004D1FD20B349FD
:1054D000800010F0A8FF002C03D0A7800020E080FF
:1054E0002081297A20461230C91E142700900B0013
:1054F00011F08AF80FFEFDFC3809A95E657A2FB21B
:10550000C9E99191FC003078012804D0A3497020AA
:10551000143110F088FFA9896A46C8000E309080C7
:1055200030201081002C13D0A18100200DE0C1009B
:10553000327909190A747288CA8182005319DA898A
:105540004A821A8A401C8A8280B2A1898142EED89E
:10555000F1E002A8009001AB22462946304600F057
:105560002BFAE8E03078042804D08C49BD201431AF
:1055700010F059FFA8890622014650436A460E30B2
:10558000908033201081002CE2D0A18100200BE01C
:10559000062141434F190919FA89CA81BA7C8A74D4
:1055A0003A8A401C0A8280B2A1898142F0D8C2E0C6
:1055B000307806280BD079491431D72005E03078AF
:1055C000062804D07549EB20143110F02CFFE8892F
:1055D00069461230888035200881002CB8D0A9890E
:1055E000A1817188E18126E03078072804D06B49D9
:1055F000FF20143110F017FFA8896A4601460E30CB
:10560000908036201081002CA2D0A1812046AA894A
:105610000E30296954E0E8896946123080B2382298
:1056200088800A81002C7ED0A989A181287A10283F
:1056300007D00221A173E9892182EA8929690098AA
:105640003EE00121F6E702A8009001AB2246294680
:105650003046FFF787FC6EE03078082805D04F49C8
:10566000FF201431EE3010F0DEFE684637218780CF
:105670000181002C5FD0A989A18100206082208255
:105680000120A07357E03078092805D04349FF2056
:105690001431FF3010F0C7FE288A69461430888024
:1056A00037200881002C46D00421A173A989A1814B
:1056B000E9892182298A618220462A8A143069690F
:1056C00010F033FD37E030780A2804D033493548EC
:1056D000143110F0A8FE6846372187800181002C24
:1056E00029D00521A1730020A08102E01EE003E083
:1056F0000CE0208260821EE002A8009001AB2246EE
:1057000029463046FFF7F1FC15E00CE00D20694614
:10571000392288800A81002C05D00120E0800020F9
:105720002081207307E00699088019E01C481B4976
:10573000A43010F078FE6846069980880880002C16
:105740000ED0684600892080684680886080287A6C
:10575000032805D0102803D0112801D00020307074
:10576000002007B0F0BDF7B5568815460F46002358
:1057700082B01A460421304607F0FCF9040004D137
:1057800007480649C43010F04EFEA41D33462A4691
:1057900039460094029800F022FBD0E45C530000EC
:1057A0009503000013020000F7B58CB00D461446B7
:1057B00007A90C98FFF730FD002812D1B64E01273B
:1057C000002C0FD00321684601701021818208A8A7
:1057D00002460690204605A9FDF78FFA00280BD057
:1057E00007207BE50821684601708581C681052177
:1057F0008774C90201820BE00798A17801712188A2
:105800004180684605218774C90201828581C6816D
:1058100002460121079B0C98FFF719FD5EE508B5CC
:1058200001236A4693709D4B13800A460223694602
:10583000FFF77AFD08BD08B501236A469370974BC0
:105840005B1C13800A4603236946FFF76DFD08BD04
:1058500000B587B000290CD002236A4613700B886C
:1058600093814988D18100230421FFF7F0FC07B020
:1058700000BD1020FBE710B5002903D00523FFF77A
:1058800053FD10BD072010BD70B588B00D461446FD
:10589000064607A9FFF7C0FC00280DD1002C0DD04B
:1058A0000621684601708581C481079B02465C80A1
:1058B00006213046FFF7CBFC08B070BD05216846D5
:1058C00001708581F1E710B588B000290BD007245D
:1058D0006B461C709A81049100236A462146FFF7AB
:1058E000B6FC08B010BD1020FBE770B500241722ED
:1058F00088B0002914D00D782B0010F085FE062307
:10590000050519041B231522D21E93B2CA88002A4A
:1059100002D08E68002E03D09A4203D90C20CBE728
:105920001020C9E7042D05D08A88002A0AD101E099
:105930000620C1E7012D11D0022D05D0042D18D06D
:10594000052D23D00720B7E709236A4613704B883B
:105950009381CB88D381896804911DE00C236A462A
:1059600013704B889381CB88D38189680824049174
:1059700012E00D236A4613704B8893818B88D38184
:10598000CB88138289680924059105E00E236A46B5
:105990001370497811730A2400232146FFF757FC3E
:1059A0008AE700B587B00F236A4613709181002300
:1059B0001946FFF74CFC5AE7FEB50078089D1C46D7
:1059C00016460F46012803D03549912010F02BFDD3
:1059D000F889C0000E30208030202880387B001FDE
:1059E000C0B20190002E1DD0F889B081002516E0CC
:1059F000E8008419C0190090224641690E320198CE
:105A0000FDF755F9002802D000202074E0810098AD
:105A10006D1C008A60820098ADB2408AA082B08975
:105A2000A842E5D8FEBD70B514461425049A1D8021
:105A300037231380002C0ED0CA89A28100226282F3
:105A40000078082808D0092810D00A2819D014494D
:105A5000144810F0E8FC70BD087B0C2804D01148F5
:105A60000F490C3810F0DFFC012008E0087B0D28FE
:105A700004D00C480A49083810F0D5FC0420A07363
:105A800070BD087B0E2804D006480549001F10F0A1
:105A9000CAFC0520F3E70000FFFF00000228000019
:105AA00070530000BB02000010B5FE4B5860197225
:105AB0001A80C90010F098FB10BD002101807047CA
:105AC00010B50022D2430280032007F0F8FC10BD7D
:105AD0007047F0B50E460446017801208840F2492F
:105AE00099B008400090616815460888EF4A9042D6
:105AF00006D0009A002A06D0EB4A521E104202D06D
:105B0000012019B0F0BD009A10430880002D12D07A
:105B1000002028702178EA1C0027681C01920B00E5
:105B200010F072FD10F30E16233A59616F3CB4B0B9
:105B30008AB8F2F1F0F320780B28EBD00420E0E7EC
:105B400002212970A1890170090A4170032097E0A0
:105B500004212970A1890170090A41700198E18925
:105B60000170090A417005208AE006212970A18987
:105B70000170090A41700199E2890A70120A4A709B
:105B8000218A0171090A4171A28AE81DA16910F0F8
:105B9000CCFAA08AC01D73E0082129702178082959
:105BA00001D110212970A1890170090A4170019861
:105BB000E1890170090A41700520308020466A1D84
:105BC00002A91030FDF799F800287DD16946308888
:105BD000097A401854E00A212970A1890170090A44
:105BE000417003200BE00C212970A1890170090A82
:105BF00041700198E1890170090A417005203080E7
:105C00009CE0A08984464000401C81B230888842D4
:105C10005AD3052958D30E202870002008E02369A4
:105C200042009B5A521953701B0A401C937080B259
:105C30006045F4D33180B9E09A48417A002973D0A5
:105C4000491E4172217B4068C9004518A98828680F
:105C5000082240180838216910F067FA02216846C6
:105C600001710021417128680390A988684601816B
:105C7000002101A8FFF78CFB0020A880002E00D097
:105C8000308093E0297880221143297029784022BE
:105C90001143297029788909890112312970A18954
:105CA0000170090A4170E289E81C216910F03DFA8F
:105CB000E089C01C3080287841063FD5C00975D0E6
:105CC00001216846017200E02CE000214172318818
:105CD000091D81810495E189019808180590001D2E
:105CE00006907048017A68460177002102A8FFF704
:105CF0004FFB074630880C303080022F06D0002F33
:105D000054D065E03DE033E01CE05EE06548694664
:105D1000097F4268CB00D218037A994202D2918857
:105D2000002902D0042753E02FE0417A491C417238
:105D30001560308890800020308049E06168A0893B
:105D4000888033E029788909890116312970A18971
:105D50000170090A41700198E1890170090A4170D6
:105D6000228A681D616910F0E0F9208A401D46E72B
:105D700028788009800118302870207B6870022004
:105D80007EE760680188090401D4052720E0C08807
:105D9000A189884201D006271AE01E202870012020
:105DA0003080606801884904490C0180009800280F
:105DB0000ED03C4800220088A1688300032007F031
:105DC000D9FA61682078887007E0002030800327C6
:105DD0006068009902888A430280384691E6FFB5E0
:105DE0009FB0289D0E46002805D0172803D82A8882
:105DF0002E4B9A4202D1072023B0F0BD32785306D1
:105E000001D4D20901D00820F6E700226B461A71AE
:105E10005A7114463278431E1D939BB2189303ABFC
:105E20001A939706CB1CBF0E1B93821E711C3B005E
:105E300010F0EAFB209011EE66EE74EEB0EED4EEB8
:105E4000EDEEECEEEBEEEAEEE9EEEEEEE8EEE7EE8E
:105E5000E6EEE5EE90EE05287CD10421684601715E
:105E6000A9780172F078B278010211436846418145
:105E70003179417170788006800E0C282ED009DCB3
:105E8000801E030010F0C0FB0919661C6621662401
:105E90006627660012282AD00ADC0E2821D0102896
:105EA000DAD121E00C090020FF710000FFFF0000A3
:105EB00016281FD01828CFD11FE02878800701E0CE
:105EC00028784007002845DA45E128780007F9E7F7
:105ED0002878C006F6E728788006F3E72878400699
:105EE000F0E728780006EDE72888C005EAE728886B
:105EF000C004E7E728888004E4E728884004E1E755
:105F00002A78920726D50328A6D105206A46107163
:105F1000487809780002084310811CE12978490774
:105F2000F0D5062816D3717890B2012902D0022943
:105F300092D101E0022100E01021189106216A4669
:105F400011710021118102AF189AB11C0237921C05
:105F50001B921AE0B3E04A780B7812021A433A8097
:105F6000801E891C1790BA1C1A911898FCF79FFE86
:105F70001A991898189A091817986B46801A1A894E
:105F800080B2521C1A811B9ABF1D8242E3D900289D
:105F900086D1E0E028780007B4D51D98694682B222
:105FA0000720087100200881701C0A3111E0437835
:105FB00007781B023B430B80C37887781B023B4367
:105FC0004B806F463B89121F5B1C001D92B23B81C8
:105FD000091D042AEBD2002A71D1BCE02978C90638
:105FE0006DD502286BD308206946087100204881CE
:105FF00070780872844692B2B01C1A9919E089E050
:1060000090E07EE067E05BE030E025E019E013E03F
:10601000BCE0437807781B023B430B80831C4B603A
:106020006346D21A6F467B8960445B1C92B27B81C7
:1060300008319445EDD9CEE7287880063FD509226E
:1060400003E0287840063AD50A2268460271AA88F9
:106050000281189A428107E0287800062FD50B208C
:106060006A46107118981081039174E02988C90557
:1060700025D5022823D30C206946087100204881C9
:1060800070780872844692B2B01C1A9914E0437872
:1060900007781B023B430B80C37887781B023B4386
:1060A0004B80031D4B606346D21A6F467B89604468
:1060B0005B1C92B27B8108319445E8D98BE763E0A1
:1060C0002988C90460D501285ED10D216846017177
:1060D000A98801813FE02988890455D5052853D333
:1060E0000E2269460A71AA880A811B99401F4A78C4
:1060F000097812020A4369464A818881701D04901A
:1061000029E0298849043FD501283DD10F2069465F
:10611000087120E02A88120436D44A780B781202DB
:106120001A43EA8003282FD332789206920E1B2A54
:1061300026D011226B461A712A880123DB031A43E9
:106140002A804A78097812020A4369460A81C01EE9
:1061500048811B98039030788006800E1B2809D058
:106160001D2807D00320229907F0A9F92888C00B21
:10617000C003288001A82199FFF70AF920463BE6D1
:1061800010226B461A71DCE70724F7E70824F5E7CD
:1061900000B597B0032806D16A461070019100211E
:1061A0006846FFF7F5F817B000BD000010B58B7812
:1061B000002B11D082789A4207D10B88002B0BD08C
:1061C00003E08B79091D002B08D08B789A42F8D117
:1061D00003880C88A342F4D1002010BD812010BD9B
:1061E000052826D0002A02D0012A0DD102E0098814
:1061F000090501E009888904890F07D0012918D011
:10620000022909D003290ED081207047002A01D02D
:10621000032070470220704703280AD0042808D0C2
:10622000002804D007E0042803D0022803D005206A
:106230007047002070470F20704770B513880546DF
:1062400014460B8018061DD5FE481022807AA842FD
:1062500003D813430B80002070BDA06893430078DF
:10626000E840C007C00E03430B802078A178800768
:10627000800D0843F4490FF0D2FFA0686943081865
:10628000401C70BD906870BD37B569468B8813801F
:1062900019061BD5EB4C0125A47A9168844209D8D4
:1062A000FE280FD1D80602D5A5406D1E00E00025BE
:1062B0000D7007E085400C78DB06DB0FAC438340B4
:1062C0001C430C7010881021884310803EBDF8B527
:1062D0000746C81C80080E468000B04201D08620C8
:1062E000F8BD082A01D90E20F8BDD64D00202E6039
:1062F000AF802881AA723446E88016E0E988491CFC
:10630000E980810610D48007A178800D0843CE492A
:106310000FF085FF206800F0BAFA2989401880B292
:106320002881381A8019A0600C3420884107E5D4F0
:106330000020F8BDFFB589B09F041646139DBF0C21
:106340000193099800F095FA04000AD0207800061D
:1063500009D5BC48817A0A98814204D887200DB0BB
:10636000F0BD0120FBE7224669460A98FFF765FF6A
:106370000690002069460872052D14D0012221469E
:106380002846FFF72DFF0028E9D1207840060AD5DE
:10639000022168460172099981810188C1810682C2
:1063A0004782129805900198000404D500273E46C4
:1063B0000125079709E02078A1788007800D084320
:1063C000A14907900FF02BFF0D46019840040AD514
:1063D0000798A84207D12088E1788005800F000245
:1063E0000843B04201D3AE4201D90720B7E7B8193C
:1063F00080B20190A84201D90D20B0E76846007A2A
:10640000002804D002A8FDF706F90028A7D10798B4
:10641000A8420BD1208803210902884301998905EC
:10642000890F0902084320800198E0701498002821
:1064300000D007801298002815D006983A46801997
:1064400012990FF072FE224669460A98FFF7F5FE90
:1064500069460888102188436946088022460099C9
:106460000A98FFF711FF002079E7FFB5754D0C2260
:10647000E8882968504383B00C180D9F724905982D
:106480000FF0CDFE0091049800F001FA29682A89E6
:106490008E46611A0C310918944651188AB2A9889F
:1064A000914202D8842007B0F0BD6A46168A3206AF
:1064B00003D5B20601D58520F5E7EA88521C92B2D1
:1064C000EA800E9B002B00D01A80B20601D5A7608F
:1064D00006E0604480B22881091A70460818A0605E
:1064E0002246FE200499FFF7CFFE0598A070009881
:1064F000E07020880599800889058000890F08438D
:1065000003210902884300998905890F090208437C
:1065100004210843208003988078A07103980088A4
:10652000A08000202073310601D5AC7A00E0012460
:10653000B10600D5002700260EE0052100200191BC
:1065400002900097E88831460C9B069AFFF7F2FE0E
:106550000028A8D1761CF6B2A642EED30020A2E70E
:10656000F1B5009800F085F9060002D00025009CE6
:1065700014E00120F8BD204600F07BF907460078C2
:1065800031498007820DB87810430FF048FE386813
:1065900000F07DF94019641C85B2A4B22948C18875
:1065A000601E8142E7DC00992648491EC1800189AE
:1065B000491B018100203070F8BD002804D0401E26
:1065C00010809170002070470120704710B504467C
:1065D00001881C48C288914201D3822010BD006806
:1065E0000C22514342189079A07290882081108823
:1065F000D1788005800F00020843A081A078211D7A
:10660000FFF71BFE20612088401C2080E0800020D6
:1066100010BD012101827047F7B50546002084B006
:10662000C043108068681746817868468170686842
:1066300001886846018000218171288A2C88A04247
:1066400005D303E0180900200102000004462C8253
:1066500035E0288A401C2882301D6968FFF7A6FDB6
:1066600000282AD139889248814201D1601E3880A1
:106670006888A04228D33088F1788005800F000216
:10668000084302906946301DFFF790FD002814D1A1
:106690006989874881421BD0002231460598FFF75F
:1066A0009FFD002809D16A890298824205D1E968D4
:1066B000B0680FF00DFD00280AD0641CA4B220467B
:1066C00000F0D7F80600C4D1641E2C828220EAE6CE
:1066D0007C80B079B871B088B8803078B1788007A4
:1066E000800D084378810298B8813946287A32466D
:1066F0000831FFF7A2FD38610020D4E6FFB585B070
:106700001C460F46059800F0B4F8050009D028781B
:10671000000608D56748807AB84204D8872009B0B7
:10672000F0BD0120FBE707982A468605B60D6946AD
:106730003846FFF782FD07460E98052816D000223E
:106740002946FFF74DFD0028E9D1287840060DD5F0
:106750000121684601710599018101884181868185
:10676000C48101A8FCF757FF0028D8D12888AA784F
:106770008107890D11438005800FEA7800021043DC
:10678000079A964207D04C4A914204D3611E814237
:1067900001DD0B20C3E7864201D90720BFE7801B3C
:1067A00082B2A24200D922461098002800D002806E
:1067B0000F98002802D0B9190FF0B7FC0020AEE7FF
:1067C000F8B51D4617460E4600F053F8040008D0F1
:1067D0002078000607D53748807AB04203D8872052
:1067E000F8BD0120F8BD224639463046FFF725FDA9
:1067F000002D0BD02078A1788007800D08432E490A
:10680000884201D2012000E0002028700020F8BD5D
:10681000F8B51E4617460D4600F02BF8040008D0C8
:106820002078000607D52348807AA84203D887201D
:10683000F8BD0120F8BD224639462846FFF724FD61
:10684000FF2E14D02588A178A807800D08431A4987
:106850000FF0E5FC002E03D1FF31FF31033189B287
:10686000A170A80880008905890F084320800020B6
:10687000F8BD1049CA88824207D3002805D00C22EF
:10688000096850430C38081870470020704703B55A
:106890000846694609888A0607D4090604D50549C9
:1068A000897A4143491C88B20CBD00200CBD000010
:1068B000FFFF00001809002001020000F8B507786A
:1068C0000D460446012F19D0072F02D00C2F19D1E5
:1068D00014E0A068216906780B2E0BD0052006F085
:1068E000EEFD052E0ED0782300220520216906F04A
:1068F00041FD07E0782300220620F8E70520216902
:1069000006F0DDFD002D0ED000202870294620461F
:1069100004F0AEF9FE482978C05D884201D1032019
:10692000F8BD0220F8BD0021204604F0A1F90020A6
:10693000F8BD70B50E460C462036317901208AB07C
:106940001546002909D0012905D12978042902D149
:106950000520107000200AB070BD6068019005A885
:1069600002900D21C01C0FF03DFC032205A8A16878
:106970000FF0DBFB01203071062069460870206AA9
:10698000049029466846FFF799FFE4E770B50C4686
:10699000154620310A790120062686B0002A2CD01F
:1069A000012A28D12978042925D169681022A068F4
:1069B00001F0B4F96868C07B000606D5D44AA06827
:1069C0001023103A014601F09EF91022A168E068F8
:1069D00001F0A4F9A068C07B000606D5CC4AE068A7
:1069E0001023103A014601F08EF92E70A0686860FD
:1069F000E068A860002006B070BD60680190C448DF
:106A0000203802900120087168460670206A0490C0
:106A100029466846FFF752FFEDE7027B032A06D0BE
:106A2000002224235A540B78092B02D003E00420BF
:106A300070470A76CA61027B9300521C0273C150F0
:106A400003207047F0B50E4615460C462036024628
:106A500031790120072393B000290CD0012924D0DB
:106A600002292ED0032904D12978042901D12B70C1
:106A7000002013B0F0BD01203071606800280DD0F7
:106A8000A1690B7060684860206988606069C860AF
:106A9000206A08621046FFF7C0FFEAE70620287068
:106AA000206968606069A86009E029780629E0D15A
:106AB0000220307104202870954820386860032037
:106AC000D7E729780429D4D1A08910280AD9103809
:106AD00080B2A081A1681023091805A86A6801F096
:106AE00012F923E010282FD0C2B21020801AA1681A
:106AF0000DAF1190C0190FF018FB11980006000E91
:106B000006D0401EC1B28020785438460FF06AFB90
:106B1000626910230DA909A801F0F5F8102309A94D
:106B200005A86A6801F0EFF80320307160680190F1
:106B300005A80290062069460870206A049029463C
:106B40006846FFF7BBFE94E710232269A168E2E7DD
:106B5000F0B50E460C4620363179012006278FB05D
:106B6000154600290BD0012932D0022905D12978F8
:106B7000042902D10820107000200FB0F0BD217D43
:106B800008A8CA07D20F02718807C10F08A80171AF
:106B90006846027041700722801CE1680FF0C5FA58
:106BA00002A80722013021690FF0BFFA6068059042
:106BB0000AA8069010236A46A16801F0A4F80120F3
:106BC000307168460774206A0890294604A820E0BE
:106BD00029780429D1D1062205A8E1690FF0A5FA88
:106BE00006A806220230A1690FF09FFA0020089043
:106BF0006068019009A80290102305AA696801F055
:106C000082F80220307168460770206A0490294695
:106C10006846FFF753FEB0E770B50D460C462035C9
:106C2000297901208CB01646002909D0012905D107
:106C30003178042902D10920107000200CB070BDF9
:106C40006068019006A802900822E1680FF06DFAD2
:106C5000082208A8A1680FF068FA01202871062010
:106C600069460870206A049031466846FFF726FEA0
:106C7000E4E770B50D460C462035297901208CB02B
:106C80001646002908D00129D8D131780429D5D158
:106C90000A2010700020D1E76068019006A80290D9
:106CA0000822A1680FF041FA002008900990012005
:106CB0002871062069460870206A049031466846AB
:106CC000FFF7FCFDBAE730B50B4620331C790120F5
:106CD0008BB0002C09D0012C05D11178042902D1E8
:106CE0000B20107000200BB030BD4868019005A843
:106CF00002908C6868462578057564784475CC6880
:106D0000257885756478C47500200690079001E0A9
:106D10002867010008900120187106236846037057
:106D2000086A049011466846FFF7C8FDDBE770B5B6
:106D30000C462034034625790120002D0AD0012D70
:106D400014D0022D05D111780A2902D10C2010701F
:106D5000002070BD01202071C868052202704A68B9
:106D60004260F84A8260921CC2600BE015780B2DDD
:106D7000EFD102202071C868042404705268426078
:106D80008A688260096A016201461846FFF745FE7B
:106D900070BD30B5011D02463132947803258379E8
:106DA000ED432C4323408371DB070DD04B7954799D
:106DB00023404B710B79127913400B718278C9789B
:106DC0008A4200D9817030BD00224A710A71F5E70C
:106DD000F7B50C4686B00020694626460870203676
:106DE000317901271E2015461F2977D24B007B449D
:106DF0009B885B009F441E0017023E0256026902F8
:106E000088029A02D102F5022E03590371037F030F
:106E1000AE03C303CC03F7031A0464049A04AB045F
:106E2000DF04FE0410052A0565059B05C6058305DC
:106E300087058B056069002802D0007813287DD073
:106E4000A0680590002849D0012168460170206A99
:106E500004900321684601710A214171E0690290A2
:106E600020790028EFD0059909780029E7D00C296E
:106E700064D20B000FF0C8FB0CFD1A4B90B5E8FC78
:106E8000FBFAF9F807FD022828D16069002802D032
:106E90000078082852D1022168460170206A0490C7
:106EA00005984178684601710021B9E20620216AFF
:106EB00006F005FB20790728E6D1606900F050FF55
:106EC00002280CD0606900F04BFF042807D06069ED
:106ED0000028B8D000780128D6D103E01BE2616910
:106EE0000120087005980079C11F0A2901D30A20E2
:106EF00050E06169072288706069059930300FF0B1
:106F000014F90120307161690320087034E007280A
:106F1000BAD16069002896D001780929B4D10599C1
:106F2000C978890707D1059949790029DFD10599E1
:106F300089790029DBD105994A7900E04EE20146C2
:106F400020314B7D9A43D2D1059A8B7D92799A4319
:106F5000CDD1059A1279D31F0A2BC8D20979914253
:106F600036D80722C01C05990FF0DFF801203071D8
:106F700061690A200870032069460870206A04903D
:106F80006069313001906069001D029060691C30B9
:106F90000390A1E22076F2E311288DD1606900F020
:106FA000DFFE042804D0606900F0DAFE0B2893D1DC
:106FB0006069059910223730491C0FF0B6F86069F6
:106FC000017804297CD12421095C8278914201D97D
:106FD0000620DFE70521017003203071684601704B
:106FE000E2E3112894D1606900F0BAFE062804D0CB
:106FF000606900F0B5FE0C288AD1E068002813D043
:107000002069002810D060690178062910D00D2170
:1070100001706069059910225730491C0FF085F8FE
:107020006069573009218CE100206946087072E1DF
:10703000072101706069059910224730491C0FF043
:1070400074F860694730EDE70228F0D1606900F01C
:1070500087FE0028EBD0606900F082FE0128E6D0B0
:10706000606900F07DFE05E0B1E08DE06CE02AE0B3
:107070000AE0D6E00828DAD00521684601710598B3
:1070800041786846417146E11128D0D160690028F5
:10709000CDD001780E29CAD1C16A4078022810D01B
:1070A0000020142250431430085805991022491C1E
:1070B0000FF03BF80520216A00F040FE0F205EE053
:1070C000F1E10120EDE70B28B1D160690028AED0D5
:1070D00001780F29ABD1C16A4078022826D0002060
:1070E000142250430C300958059842780A70807871
:1070F00048706069C16A4078022819D000201422C3
:1071000050431030085805990822C91C0FF00DF89B
:107110000520216A00F012FE60694178022909D039
:1071200000220832825C5208520073E00120D7E747
:107130000120E4E70122F4E7012100E00021083109
:107140004254BCE30267010011289CD16069002809
:1071500099D00178102996D1C16A4078022811D0BF
:107160000020142250431830085805991022491C59
:107170000EF0DBFF0520216A00F0E0FD11206169BF
:107180000870B4E30120ECE7082884D16069002886
:107190009DD00178112997D10599C06A497801706D
:1071A00060690599C06A0622401C891C0EF0BDFF6B
:1071B0000520216A00F0C2FD60694178022904D0EF
:1071C00000220832825CFD2323E00122F9E7112826
:1071D000BBD160690028BBD001781229B5D1C16A42
:1071E0004078022819D00020142250431C3008583F
:1071F00005991022491C0EF098FF0520216A00F025
:107200009DFD60694178022909D000220832825C24
:10721000FB231A40022991D18EE70120E4E70122E5
:10722000F4E70720B6E6287801288ED160696968FE
:1072300014221C30F9F7C8FF6069017F002901D0D2
:107240002176ACE30178032901D0032037E002273F
:10725000C77081794907490F8171017A4907490F40
:107260000172417A4907490F41726069FFF791FD48
:10727000377196E228780F28E3D107206946087015
:10728000216A049191680291694608716169072237
:10729000C91C02980EF049FF6169042008700020A3
:1072A0003071BBE028780328CBD1606901780529CB
:1072B000696807D0082247300EF037FF042030718C
:1072C00005206FE208225730F6E728780328B8D166
:1072D000606901780529696811D008224F300EF0E5
:1072E00024FF052030716069006A00280AD002205E
:1072F0002870002028716069006AA860F9E00822FF
:107300005F30ECE704204DE22878022899D12879F3
:10731000002801D0207642E36069A96801626069B3
:10732000002901D1F949016206200BE228780F28D3
:1073300087D1A868E0616069017805292BD04730C2
:1073400007213171E16802220A706269126A4A609B
:10735000886060693030C8606069C01C086162691B
:10736000087D926A400812784000D207D20F10437D
:1073700008756269926A521C8A61FD221040626936
:10738000D26A1278D207920F104308756069C06AFA
:10739000401CC86153E25730D2E728780828BAD198
:1073A0006069017805291AD00B2101700720694610
:1073B0000870206A0490E069029011200871029818
:1073C0000321017051681022401C0EF0AEFE002116
:1073D0006846FFF773FA00203071E06187E206210A
:1073E000E3E728780F2896D1072069460870206ABD
:1073F0000490A8680290112008710298042101707D
:1074000061690A78072A0ED0002232710C220A70B4
:1074100061691022401C47310EF087FE002168464A
:10742000FFF74CFA63E21022401C57310EF07DFE4C
:1074300000216846FFF742FA0A203071E168032014
:1074400008706069006A48606069573088606069E8
:107450004730F3E128780828A1D1606969681022D3
:1074600037300EF035FE002801D0042092E5606927
:107470000078072817D00A203071E16803200870CF
:107480006069006A486060695730886060694730A9
:10749000C860206A08620698FFF7BFFA074660696D
:1074A000FFF777FC6BE208207AE1287809289AD167
:1074B0000B20307161696868897810224018511A70
:1074C0000EF090FE082069460870206A04906868F3
:1074D000019060698078087268E129780D29BBD134
:1074E00061698979C90703D00C20307109203EE019
:1074F0003071032770E228780E28ADD1606914221C
:10750000291D1C30F9F760FE6069018DC06A417267
:10751000090A817260698178C06AC1716169CA6A49
:10752000081D117AC909C9011172437962691943A9
:107530008378D26A9B079B0F012B00D00023007930
:107540009B01C00003431943117260694078012810
:1075500076D0B4E160694178022901D0012100E0D0
:1075600000210831405CC00707D00E20EAE06946E0
:107570000870206A1146049019E11320B8E72878B2
:107580000F2894D1A868E0610F2030710520EEE744
:10759000287803288BD16069C16A4078022801D01D
:1075A000012000E000201422504310300858082227
:1075B00069680EF0BAFD10203071E168062022697A
:1075C00008706069406A48606069C36A4078022850
:1075D00001D0012000E00020142778431030185813
:1075E000CA6088602BE128780C2886D16069C26A5D
:1075F0004078022801D0012000E0002014214843F7
:107600000C30105802230932696800F07CFB11200D
:107610003071E168052008706069006A486060693F
:10762000C06A093088603948001F07E128780B28B4
:10763000A7D161694878CA6A022802D0012001E016
:1076400059E1002014235843143010588A7869688F
:107650000EF06BFD60694178C26A022901D00121F8
:1076600000E00021142359431431525881785018F6
:107670001022511A0EF0B6FD072069460870206AE4
:107680000490E069029011200871029806210170AF
:107690006169CA6A4978022901D0012100E000210C
:1076A00014235943143151581022401C0EF03DFD53
:1076B00000216846FFF702F90020E06112206FE028
:1076C00028780F2891D1072168460170206A04901C
:1076D000906802900B2268460271029801706169FD
:1076E000CA6A4978022901D0012100E0002114234F
:1076F00059430C3151580A78427049788170616958
:10770000CA6A4978022903D0012102E00867010012
:10771000002114235943103151580822C01C0EF087
:1077200004FD00216846FFF7C9F826E76069417843
:10773000022901D0012100E000210831405C8007CE
:1077400003D5142030710A2011E71620D0E62878DE
:107750000F287AD1A868E061072069460870206A7E
:107760000490E069029011200871029808210170CC
:107770006169CA6A4978022902D0012101E011E158
:10778000002114235943183151581022401C0EF087
:10779000CCFC00216846FFF791F80020E06115203D
:1077A00030710A2069460870206A049029466846AC
:1077B000FFF784F82BE028780F2846D10720694688
:1077C0000870206A0490906802900820087102985E
:1077D0000921017061690622C969097841706169EE
:1077E000801CC969491C0EF0A0FC00216846FFF707
:1077F00065F8AAE760694178022901D0012200E01A
:1078000000220832805C400703D51720C8E70746EE
:10781000B5E0012953D070E028780F2815D1A86869
:10782000E06118203071E168052008706069006A25
:1078300048606069C06A09308860F848C860206A9A
:1078400008620698FFF7E9F8E1E76FE028780B286F
:107850006CD16069C16A4078022801D0012000E043
:107860000020142250431C300858102269680EF082
:107870005CFC072069460870206A0490E069029069
:107880001120087102980A2101706169CA6A497859
:10789000022901D0012100E00021142359431C31A9
:1078A00051581022401C0EF040FC00216846FFF7A2
:1078B00005F80020E0616069407801281DD1192099
:1078C00016E660694278022A09D000210831411881
:1078D000097800290DD0CA0703D00E2106E0012146
:1078E000F4E7890701D5102100E01221017000277B
:1078F00072E0012A01D00D20FAE51C20F8E51D20D8
:1079000030710B2033E62978102948D1F0E5606901
:107910000178012943D0082941D00021317100F0BC
:1079200019FA0C2069460870206A049037E028781C
:107930000F2805D01020107003271B2030714BE05A
:10794000072168460170206A0490A868029002210D
:1079500068460171029805210170217E4170002165
:107960006846FEF7ABFF0B2168460170206A049061
:1079700029466846FEF7A2FF07461B203071012FFB
:107980000DD029E0012168460170206A049004218D
:1079900068460171217E41710020207612E0207E30
:1079A00000280FD06169132008701A2030710A2056
:1079B00069460870206A049029466846FEF77EFFF3
:1079C000074609E06069002801D01421017068466B
:1079D0000078002800D021E5384609B0F0BDF7B5A1
:1079E0000F4620373879012686B00C46002804D08F
:1079F000012828D002281CD197E02079012804D042
:107A0000022811D0032814D10AE0A0684078012888
:107A10000ED10620216A05F02CFD00287FD10CE054
:107A2000A1681320087008E0A0684178022901D0FD
:107A3000052674E00078082871D1012038710A20E9
:107A40006946087033E0089800780F2867D107214D
:107A500068460170206A049008988568029522792A
:107A60000220012A04D0022A29D0032A57D10FE08C
:107A70000646684606710B202870207B00214007CF
:107A8000400F68706846FEF719FFA068067045E071
:107A900006466846067105202870207B6870002124
:107AA0006846FEF70BFF3E710B2168460170206AA5
:107AB000049068460899FEF701FF06462FE06846E5
:107AC000017101202870207C6870607CC007C00FA5
:107AD000A870A07C4007400FE870E17C2971C007C6
:107AE0001FD0207D4007400F6871607D4007400F28
:107AF000A87100216846FEF7E1FEA068072229462A
:107B000030300EF012FBE068017AA068203001717D
:107B1000A16828798870A16809200870002630467D
:107B20005BE70020A8716871E3E7A1681420087082
:107B3000012168460170206A0490042168460171A1
:107B4000217B41710021FEF7B9FEE7E7F0B585B072
:107B50000F4605460124287B800040198038C66FF7
:107B60003078411E0A290AD22C498000323140184F
:107B70008038C36F3A463146284698470446002C61
:107B800001D0012C11D1287B401E0006000E287365
:107B900001D00324DFE70D2069460870306A0490A5
:107BA000002101966846FEF789FE032CD3D02046BB
:107BB00005B0F0BD70B515460A4604462946104684
:107BC000FFF7C4FF0646002C0FD0207814280CD1F4
:107BD000207E002806D000202870204629460C3040
:107BE000FFF7B4FF204600F0B5F8304670BD70478F
:107BF00010B5012903D0022901D0052010BD417024
:107C000000F0A8F8002010BD002809D0027E002A4C
:107C100006D00A4601460C31CCE700000667010099
:107C20000120704730B5044687B00D46062005F0A8
:107C300046FC2946052005F042FC2078142805D092
:107C40000020694608702046FFF7DEFF07B030BD10
:107C50007FB50E4600216A4611730178092903D0C9
:107C60000A2903D0002407E0446900E08468002C5E
:107C700002D0217E002912D0154601462846FEF783
:107C8000CCFE032809D1324629462046FFF792FF51
:107C90006946097B002900D0042004B070BD254648
:107CA0000C35EAE700B50023012285B005280CD089
:107CB000062808D1684602700491022101714371BF
:107CC0000021FEF7FBFD05B000BD6846027004917F
:107CD0000271F4E710B590B00C4605216A461170A8
:107CE000019022480290001D03900AA96846FFF700
:107CF000AFFF002805D1102220460B990EF015FA8F
:107D0000002010B010BD30B505E05B1EDBB2CC5CCE
:107D1000D55C6C40C454002BF7D130BD10B50024A5
:107D200009E00B78521E5B00234303700B78401C64
:107D3000DC09D2B2491C002AF3D110BD70B50C4643
:107D4000054605F0BCFB782300222146284605F0B5
:107D500011FB70BD4178012900D0082101707047E6
:107D6000002801D0007870470820704700670100A4
:107D700038B50446002069460870204609F053FDD6
:107D8000002803D1FBA1A3200EF04DFB204609F0F3
:107D900099FC002803D1F7A1A8200EF044FB684607
:107DA000007838BD70B5F84D002428462C77203077
:107DB0008471C47101F09AF928464038047020306B
:107DC0008473847484772C75AC7170BD10B50C46C7
:107DD000EE4982888A8042884A8000780870084686
:107DE0000E38847009F050FC08F0FDFFFFF7DAFF51
:107DF00020460BF013F8E449A8310846813809F011
:107E0000ADFEE2480CF021FBE0480A3808F0FEFF26
:107E1000002803D0D7A1C5200EF005FB01F066F9BC
:107E200010BD7CB50E461D46144601A909F008F8A0
:107E3000002807D10AF091FB022803D1D248007D27
:107E4000002801D001207CBD01988030807C09F0A1
:107E50004DFC00280CD0684609F052FC0028F2D0F6
:107E6000002C03D009F011FCA04206D200207CBDFA
:107E7000C0A1C7480EF0D7FAF8E7009809F0D8F883
:107E80003146009809F0DBF8E2B22946009809F083
:107E9000F0F909F045FC002804D1BD48B5A11E3019
:107EA0000EF0C1FAB94C00250E3C6068A030417953
:107EB000002902D045710BF0D8F860688030458306
:107EC000C0E730B40179002904D0012907D030BCC3
:107ED00000207047831D42880488022103E0428805
:107EE0000488831D0121204630BC9AE7F8B51D4661
:107EF00014460E4607460AF030FB022803D0A2487B
:107F0000007D002823D0A1480E3841684988398077
:107F100040688030807C09F069FD002804D153203E
:107F200094A1C0000EF07FFA684609F069FD0028B0
:107F30000DD0009809F0BAF83070022808D0012856
:107F400006D093488BA167300EF06DFA0020F8BD83
:107F50002946009809F0A4F92080002804D1552072
:107F600084A1C0000EF05FFA09F05DFD002804D185
:107F7000874880A160300EF056FA0120F8BD38B570
:107F80000446831D821C6946FFF7B0FF00280DD010
:107F90000020607168460078012808D0022806D0C9
:107FA000FF2074A101300EF03EFA012038BD20718F
:107FB000FBE7F8B50AF0D1FA744D734C0E3D022878
:107FC00002D0207D00287DD0207F0026102818D1E7
:107FD000A079002803D067A16E480EF024FA6868E3
:107FE00001464030827F92070BD526724988618115
:107FF000C17F2173018CE181408C20820120A0711E
:108000002677614F203FB87C00285ED168686946BA
:108010008030807C09F007FC002805D0694668782C
:1080200009784018687004E05A4852A119300EF0DF
:10803000FAF9207D00283AD06868418852484038D3
:10804000806D4088814204D00F204AA1C0010EF00B
:10805000EAF968688030807C09F0C8FC002804D107
:108060004C4844A124300EF0DEF909F0EEFC002863
:108070001DD068688030807CFFF77AFE69784018F0
:10808000687041484038806D4030417A01290DD1F7
:108090002670696849886180807A20710120B877EC
:1080A000207F102801D0282800D1267726756978EE
:1080B00000290AD06868428833484038C286018760
:1080C000012000E001E0B8746E700AF029FA00287F
:1080D00005D1207D002802D0A878FAF7F9F8F8BD7C
:1080E000F8B50446FFF765FF274D0026203DA87E22
:1080F000002808D0667010202070E87EA070287FCD
:10810000E070AE769AE0204F403F3878002808D0E3
:108110002C22B91C20460EF008F80E2020703E706C
:108120008CE0A87B184F002815D0387F102808D085
:10813000282806D0002804D0FF200EA1C2300EF05F
:1081400072F90120E070E87BA070287C60700F203D
:108150002070AE7372E00121204609F099FC0028DE
:108160001AD0387D002857D10021204609F090FC14
:10817000F8BD00007372635C6C6C5F6374726C2E8C
:1081800073302E630000000094090020720000206C
:108190004F02000062070000A97CF8480090F848F0
:1081A000002910D0017805290DD2491C0170667094
:1081B0000D202070012028750622A01C00990DF0CA
:1081C000B4FFAE743AE0EE480670B879002812D0D9
:1081D000387F002804D00120EA4940020EF023F93C
:1081E00066700120E54920700A221431A01C0DF0B0
:1081F0009CFFBE7122E020460CF083F800281DD1C0
:10820000A87C002802D0DE480178CEE7A87F0028AD
:1082100002D0387D002801D00020A9E7387F00284F
:1082200003D0D849D8480EF0FEF866700A202070B6
:1082300006223946A01C0DF078FFAE77012097E7A3
:108240004EE710B5CD4C343C2178002904D01321E1
:108250000E2000F052FF10BDC9490088091D08F02A
:10826000EFFD002801D0022007E0C5484068014624
:1082700020318A79012A02D00C20207105E00022E9
:108280002271097E21724088E080012060711321F3
:10829000E1700E21A170207010BDB84810B53438BF
:1082A0000178002904D024210E2000F026FF10BD03
:1082B000012101702422C2700C220271417110BD93
:1082C00070B5AE4C0546343C2078002804D03E21E1
:1082D0000E2000F012FF70BD0AF03FF9002808D10F
:1082E0000AF03EF9002804D1A4480C30007F002891
:1082F00001D00C2003E0287809F033FD0020207124
:10830000012060713E21E170207070BD9B4810B566
:1083100034380178002904D03C210E2000F0EDFE15
:1083200010BD00210171012141713C22C270017018
:1083300010BDF8B5914C343C2078002804D03B2186
:108340000E2000F0DAFE13E70020A0710AF005F914
:108350008A4E01250C36022802D0307D002840D0FC
:10836000874F694678688030807C09F073FA00286E
:1083700003D1844985480EF056F8307D002806D098
:10838000A06D4030407A002801D0012600E0002690
:1083900078688030807C09F029FB002804D17B4874
:1083A000784908300EF03FF809F04FFB684031463D
:1083B000014316D07968FD2249882181217E400041
:1083C000490849003143114001432176684600784D
:1083D000002802D00420014301E0FB200140217667
:1083E000A5710020207165713B20E0702570BFE60B
:1083F00010B5624C343C2078002804D00E21084689
:1084000000F07BFE10BD5E4906220831A01D0DF074
:108410008CFE00202071012060710E21E17020701F
:1084200010BD70B5554C0546343C2078002804D06A
:1084300038210E2000F061FE70BD50480C30007FE6
:10844000002807D00C202071012060713821E170D4
:10845000207070BD287809F072FC28780CF05BF968
:108460000020F0E770B5454D0446343D28780028DB
:1084700004D037210E2000F040FE70BD3F480C3084
:10848000007F002801D00C200AE03D4E2188706852
:108490004088884203D10AF060F8022807D0022001
:1084A0002871012068713721E970287070BD7168EA
:1084B0007F2020310876487600208876A2788A715D
:1084C000E278CA7122790A72EAE710B52B4C343C83
:1084D0002078002804D039210E2000F00EFE10BDB7
:1084E0000AF03BF8032808D00AF03AF8032804D031
:1084F00022480C30007F002801D00C2003E01F49E7
:1085000000202C31C8712071012060713921E17087
:10851000207010BD70B5194C0646343C20780028F8
:1085200004D03A210E2000F0E8FD70BD0AF015F8E5
:10853000032808D00AF014F8032804D00F480C30A0
:10854000007F002801D00C2011E00C4D2C35E8797B
:1085500008280BD20001001910223146683000F0C3
:10856000D6FDE879401CE871002000E0072020716A
:10857000012060713A21E170207070BD88090020EF
:108580006400002074810000210200001708000030
:10859000F8B5FA4E04463078002804D03D210E206C
:1085A00000F0ABFDE4E5F5484030007F002801D045
:1085B0000C2034E0F24D218868684088884203D15D
:1085C00009F0CBFF022801D0022028E06F68648800
:1085D000FD883A896800B988401C844218D3E9486C
:1085E00041431046E84A50430DF019FE401EFF215A
:1085F00080B2F531884200D90846844200D2204634
:10860000691C401C0DF00BFE6D1C6843401E85B2BA
:10861000E620C05D002800D1BD84F58000203071C7
:10862000012070713D21F1703070A1E5F8B5D34C97
:1086300005462078002804D035210E2000F05DFD8D
:1086400096E5CE484030007F002801D00C2016E08F
:10865000A878002801D0012804D1A888FF21F5318D
:10866000884201D912200AE0C54F298878684088DD
:10867000884203D109F071FF022807D0022020713F
:10868000012060713521E170207071E57968002664
:108690000846C0310E70AA884A800122A0300271BB
:1086A000AA78012A00D000220A704079002801D05F
:1086B0000AF0DBFC2671E3E770B5B04C0546207884
:1086C000002804D030210E2000F017FD55E709F0F6
:1086D00044FF002804D1A9484030007F002801D081
:1086E0000C2003E028780AF0E0FB00202071012034
:1086F00060713021E17020703FE770B59F4C0546F6
:108700002078002804D033210E2000F0F6FC34E756
:1087100009F023FF002804D198484030007F00284A
:1087200001D00C2018E02978002911D00A290FD097
:1087300014290DD01E290BD0282909D0322907D0A1
:108740004B2905D0642903D0FF2901D0122003E072
:1087500028460AF023FC002020710120607133219B
:10876000E170207009E770B5844C06462078251D1D
:10877000002804D032210E2000F0BFFCFDE6314677
:10878000002009F0AEFA2870002805D17C480622A6
:10879000314608300DF0C9FC012060713221E170D2
:1087A0002070EAE670B5754C2178002904D031219B
:1087B0000E2000F0A2FCE0E600214156012504292C
:1087C00012D0002910D0081D0ED0001D0CD0001DA5
:1087D0000AD0001D08D0001D06D00A3004D00A308F
:1087E00002D01220207103E0084606F079FD657181
:1087F0003120E0702570C0E6FEB5604C0746207859
:10880000002804D025210E2000F077FCFEBD38881A
:10881000694608F015FB594D01460020083500292E
:1088200004D002212171286028710FE00098009E79
:108830000A30019060360020B07105222846019967
:108840000DF073FCB0790028F5D13888E0800E2057
:10885000A0702520E070012060712070FEBD10B571
:10886000464C2078002804D005210E2000F045FC5D
:1088700010BD0020207108F008FFE08008F0D1FF53
:108880002072012060710521E170207010BDF1B5EA
:108890003A4C2034A07B002804D010210F2000F097
:1088A0002CFC65E4354D4035A8790C2610270028AE
:1088B00016D1287F002813D109F04FFE022824D1B9
:1088C0002F4800994068098842888A421DD1014694
:1088D000C0310A7A002A05D04030807F80070DD44D
:1088E000E6730EE05E22125C920707D406220A723B
:1088F000A0304079002801D00AF0B7FB2F77002084
:10890000E07327740120A07332E40220F8E710B569
:108910001A480178002904D00F210E2000F0EDFB49
:1089200010BD00210171FF2181710021C943018126
:1089300013490E310A7882728A8882814988C181FE
:10894000012141710E2282700F22C270017010BD90
:1089500010B50A4C2078002804D02B210E2000F0FE
:10896000CCFB10BD0821A01D04F024FB00202071C9
:10897000012060712B21E170207010BD540900208E
:1089800064000020C40900001027000070B5FA4DF3
:1089900004462878002804D02A210E2000F0ADFBE0
:1089A000EBE5F54810222146303800F0B0FBF248E4
:1089B0001022A118203800F0AAFBEF4830380CF044
:1089C000BCFBED49102210392C46A81D00F09FFB7E
:1089D000002020710E20A0702A20E070012060711C
:1089E0002070CAE5F8B50546E348E34C40300090F6
:1089F000007F0C2628272034002801D0E6733EE0B3
:108A0000A07B002804D028210F2000F076FB04E48E
:108A1000A87805280DD013280BD0142809D01528C4
:108A200007D01A2805D0292803D03D2801D03B289B
:108A300003D12888D149884201D912201EE009F0CB
:108A40008CFD0228DAD1CE482A88406841889142BC
:108A500013D10146C0310A79002ACFD1AA784A71D0
:108A600001220A710099A0300F770021E17340794B
:108A7000002804D00AF0F9FA01E00220E07327741C
:108A80000120A0735FE4F8B5BB4F064638783D1D62
:108A9000002804D017210E2000F02FFB53E43146AC
:108AA000012009F01EF901242870002807D1B248DE
:108AB00006226030314605460DF037FBAC717C7103
:108AC0001720F8703C703EE470B5AB4C0646207839
:108AD000002804D00B210E2000F00FFB4DE509F01B
:108AE0003CFD032808D009F03BFD032804D0A24830
:108AF0004030007F002801D00C2016E03378002B96
:108B000003D0012B01D012200FE09B4DE035297AD4
:108B1000082909D22846721C0C3006F097FB287AE7
:108B2000401C2872002000E00720207101206071A5
:108B30000B21E170207020E510B58F4C20780028C3
:108B400004D00A210E2000F0D8FA16E709F005FD3E
:108B5000032808D009F004FD032804D086484030DB
:108B6000007F002801D00C2002E000F0BFFA0020B6
:108B70002071012060710A21E1702070FDE610B5BE
:108B80000AF032F9002803D07E497F480DF04BFCF3
:108B900008F04BFD0BF051FC002804D01720794958
:108BA00040010DF040FC08F0ACFF002804D0B920D3
:108BB000744980000DF037FC00F098FAFFF7F2F8E6
:108BC0006D4800210171012141710222C2700170C2
:108BD000D3E610B5684C2178002904D020210E205E
:108BE00000F08BFAC9E601781F290ED8411C0CD081
:108BF000002121710278411C104609F08FF80120F4
:108C000060712021E1702070B7E612202071F6E734
:108C1000F8B5594C2178002904D01B210E2000F012
:108C20006CFABFE401216171534E0C212171403671
:108C3000317F00296FD10078514F0025012804D0E1
:108C400000284AD01220207165E009F086FC002837
:108C500003D109F085FC002804D009F07EFC02282D
:108C600022D058E008F08FFF002854D0307D002833
:108C700051D1786801224580032108F0B4FB78685F
:108C800009F05AF97868923008F001FD002803D104
:108C90003C493E480DF0C7FB0AF00BF9002839D0DB
:108CA00085203849C00015E009F05AFC002832D16F
:108CB000707F00282FD001282DD004282BD008F059
:108CC00062FF002827D00AF0F4F8002822D02F48AD
:108CD0002C4918300DF0A7FB1CE009F03EFC0328DE
:108CE00004D009F03DFC03280FD014E000200AF066
:108CF00005F800280FD12571307D00280BD1786848
:108D00008030807CFFF734F805E0002009F0F6FFA2
:108D1000002800D125711B20E0700120207041E463
:108D200010B5154C2178002904D01A210E2000F02E
:108D3000E4F922E601781F290ED8411C0CD000214D
:108D400021710278411C104608F0FDFF012060717E
:108D50001A21E170207010E612202071F6E770B53C
:108D6000054E044630780C25002811D018210E201D
:108D700000F0C3F9AAE4000054090020FF0E00002F
:108D80006400002074810000D3020000240400006D
:108D900009F0E3FB03285AD009F0E2FB032856D080
:108DA000E14A107F002852D16079002801D00128C3
:108DB0002DD1A079002801D0012828D1A07B00283E
:108DC00005D0012803D0022801D003281FD1607BE1
:108DD00000281CD0C0081AD161880120800381427C
:108DE00002D82388834203D9207901280FD119E0C2
:108DF0002079002806D0012814D0022805D00328A5
:108E000005D102E020290BD30CE0A02B0AD2207957
:108E1000042805D12088202802D36188884201D9FE
:108E2000122514E0207950776079002802D00128BB
:108E300003D00CE0BD4A002105E0BB4A2032907906
:108E4000002804D00121204608F0CEFE054601206E
:108E5000357170711821F170307037E470B5B24C13
:108E60000546403C2078002804D02E210E2000F03A
:108E700044F92BE409F071FB0C22022815D1AA4811
:108E8000007F002811D1A9482B88083841684888FC
:108E900083421AD10846C030037A002B05D1203115
:108EA000C97E0F2903D0102901D0227103E00521CA
:108EB0000172002020710E20A0702E20E070288802
:108EC000E08001206071207016E40220F2E770B5A6
:108ED000954C0546403C2078002804D02D210E20DA
:108EE00000F00BF908E409F038FB0C21022814D13A
:108EF0008D48007F002810D18C4E2A88083E70686B
:108F000043889A4220D1C822125C002A05D13B2214
:108F1000125C0F2A03D0102A01D021710AE010221E
:108F2000A91CD6300DF001F970680421C03001721F
:108F3000002020710E20A0702D20E0702888E08095
:108F40000120607120700DE40220F2E710B5017875
:108F50000B000DF059FB3F9E9E399E9E599E9E9E92
:108F60009E3C3F9E9E8752559E9E999E9E9E432963
:108F70009E2D319E9E9E9E359E9E9E955C9E9E47FA
:108F80009E4B4F9E21259E6C6064689E709E7F83E1
:108F90007C788A8D74919E00801CFFF798FF76E0A4
:108FA000801CFFF75BFF72E0801CFFF7D8FE6EE0CD
:108FB000801CFFF7B5FE6AE0801CFFF729FE66E023
:108FC000801CFFF706FE62E0FFF7D9FD5FE0FFF7C8
:108FD000B3FD5CE0801CFFF777FD58E0801CFFF7D5
:108FE00052FD54E0801CFFF7FDFC50E0801CFFF7B1
:108FF000CDFC4CE0FFF7ACFC49E0FFF788FC46E015
:10900000801CFFF744FC42E0FFF729FC3FE0801C96
:10901000FFF7F2FB3BE0801CFFF7C4FB37E0801C4E
:10902000FFF7A1FB33E0801CFFF767FB2FE0801CFC
:10903000FFF742FB2BE0801CFFF7F8FA27E0801CCB
:10904000FFF7A6FA23E0801CFFF764FA1FE0FFF7A2
:109050003CFA1CE0801CFFF705FA18E0801CFFF7C3
:10906000E0F914E0FFF7C4F911E0FFF762F90EE050
:10907000801CFFF74BF90AE0801CFFF721F906E09E
:10908000801CFFF70AF902E0801CFFF7DAF80120E4
:1090900073E4002071E470B52349244C054640393F
:1090A000083C0A460126403260682B000DF0ACFAFD
:1090B00005171A1A04171A000122002108F093F963
:1090C000616800220846C0310A724A7209F067FFDF
:1090D000002803D016A11B480DF0A5F960E4167511
:1090E00088655DE4174812A13330F5E70E4900208A
:1090F000C031C8612039087270470B4A203A937E0C
:10910000002B03D1D076117701209076704730B5CF
:10911000134606E0CC18203CE47FD51A44555B1E6C
:10912000DBB2002BF6D130BD940900206C0000208A
:109130007372635C6C6C5F6374726C2E73302E633D
:10914000000000005108000070B5FD4D040008D07B
:10915000012C10D0022C07D0032C05D0F9A17020CF
:1091600007E0F8A1672004E02878012803D0F5A1E2
:109170006D200DF058F92C7070BD70B5F04D04469F
:1091800010280AD0112C16D028468178122C07D02E
:10919000132C0AD0EBA19F200BE0EAA1942008E059
:1091A000112908D0E7A1992003E0112903D0E5A1F6
:1091B0009C200DF038F9AC7070BD10B5E04894B04B
:1091C000007B002819D0172069460870DC4900A8E8
:1091D00006220D3102300CF0A8FF09A96846F9F704
:1091E000C2FE0446112805D0002C03D0D5A1BB2017
:1091F0000DF019F9204614B010BD3220E4E710B587
:1092000001220023114603F0B5FC10BDFFB595B057
:109210001D460E460746FFF7F2FF04000AD02078ED
:10922000222804D3A07F8006C00FA84204D10820C2
:1092300019B0F0BDC748FBE7372168460170478089
:10924000002D05D00121017146711799817102E04D
:1092500000206946087109A96846F9F784FEA07FD5
:10926000DF21084069010843A0770020E0E770B5DE
:109270000446084620380D4603000DF0C5F90A06DD
:109280000A11232C334249505761FF20ADA1083009
:1092900052E02078202851D1FF20AAA10B304BE0CA
:1092A000A7480178032949D08078132846D0207830
:1092B000242843D0252841D023283FD0FF20A1A136
:1092C0000E3039E02078222838D0232836D8FF20E5
:1092D0009CA1153030E0207822282FD0FF2099A1C2
:1092E000193029E02078222828D0242826D02628C2
:1092F00024D0272822D0292820D0FF2091A11C305B
:109300001AE02078252819D0FF208EA1233013E001
:109310002078252812D0FF208AA126300CE0207862
:1093200025280BD0FF2087A1293005E020782828A8
:1093300004D0FF2083A12C300DF075F8257070BD8E
:10934000FF2080A12F30F7E730B5834C0B88834A8C
:10935000022801D0934204D09D1FA54225D20228A5
:1093600002D04D88954203D04D88AD1FA5421CD236
:109370004C88A34219D88B88FF25F435AB4214D80A
:10938000022802D0C888904205D0C888724D0A3899
:109390002D1FA84209D2C888904208D0944206D016
:1093A0005B1C63438000834201DB072030BD00204B
:1093B00030BDF0B56A49884245D36A4A0125AD04FB
:1093C0001368A84201D398423DD30279002A06D0FF
:1093D000082A02D8067B082E05D90720F0BD047B99
:1093E000002CFAD0F6E7002A06D004688C422AD373
:1093F000AC4201D39C4226D3002E06D084688C4216
:1094000021D3AC4201D39C421DD300240CE005685B
:10941000A700ED598D4216D30127BF04BD4201D3E9
:109420009D4210D3641CE4B2A242F0D80022012570
:10943000AD040CE084689700E4598C4203D3AC423D
:1094400003D39C4201D21020F0BD521CD2B29642EE
:10945000F0D80020F0BDFFB50022099B002802D003
:10946000994205DC58E0002902D1002004B0F0BD8B
:109470000920FBE7845C002C12D087187D78112D21
:1094800043D010DC2B000DF0BFF80A401726262C25
:109490002C2E2E363640835C002B30D1521CD2B29B
:1094A0008A42F8DBE1E71C2D2FDA123D2B000DF08C
:1094B000ABF8042C2C121A2C022CD9D1BB78039CAB
:1094C000072B237001D25B0701D40A20CEE7029B51
:1094D00001241B7816E0E343DB0708E0012C08D0E9
:1094E00013E00620C2E70F2523072D075B19002B89
:1094F000F4D03046BAE7029B1B789C0701D50B20BD
:10950000B4E702242343029C2370835C521C9A1804
:10951000D2B28A4202DDABE7192676028A42A9DB83
:10952000A3E710B504780B46002C1FD001210E4A8A
:10953000012C1ED0022C22D0032C2AD125E00000C1
:10954000740A00207372635C6761705F636F726599
:109550002E630000023000007B0C0000FFFF0000C3
:109560000080010028000020023200000021197054
:1095700011E019708179890903290AD10BE019706A
:1095800081798909012904D105E019708179890956
:1095900001D0104610BD411C0622581C0CF0C5FD20
:1095A000002010BD08B51346002806D0FEA00068B4
:1095B000009048796A468009105C18700622581C91
:1095C0000CF0B3FD08BD30B50C46097895B02229E2
:1095D00002D2082015B030BD282369460B704880A0
:1095E000132A03D03B2A01D00720F3E708460A716B
:1095F00009A9F9F7B8FC050003D121212046FFF79E
:1096000036FE2846E6E700B595B0232369460B7081
:109610004880108888805088C880D0884881908889
:10962000088100208881C88109A96846F9F79BFC58
:1096300015B000BD70B50C00064610D0FFF7DFFD79
:10964000050003D1D949DA480CF0EDFEA68028893F
:10965000E0802889208168896081A889A08170BD07
:1096600070B50E46050003D00021092003F027FF46
:109670000120D04C022E207324D0032E04D0CC48DD
:10968000CA491E300CF0CFFECA4806210D3003F047
:1096900091FCA07C8006800EA074FFF78EFDA08B4D
:1096A00000280ED0002D0CD08300012200210920BB
:1096B00003F060FE092804D0BD48BC4928300CF0F6
:1096C000B2FE70BDBB480321103003F073FCA07CD8
:1096D00040218006800E0843A074B6480C3002F08A
:1096E00015F9DAE77FB501A9012003F0C3FA0028D4
:1096F00004D0AF48AD4967300CF095FEAE4E01A8DE
:1097000003F0C6FA050002D0052D4CD048E0029CBB
:10971000A07F01072CD520462230009068462346C2
:10972000628E80882146343301F07BFA0546A07FA3
:10973000F7210840A077002D05D0B5422FD09C48D6
:109740009A49783029E0E17F480889074000C90F2D
:1097500008432021095D4007400FC9000843E07716
:10976000207828281CD129212046FFF780FD17E00A
:109770004007C4D568462246808821460E32FFF74E
:1097800042FF0546A07FFB210840A077002D07D0AF
:10979000B54204D08648854992300CF044FE00253D
:1097A000284604B070BD0020FBE7F8B5040004D1E2
:1097B000ED207E4980000CF036FE7220207060683B
:1097C00008250178091F0B000CF01EFF11F90A3D56
:1097D0005FF83D0EF8F83E3D3D3D3DF986F93D0010
:1097E00073487249AA3074E087883846FFF707FD4E
:1097F000060004D16E486D49B2300CF014FE60785A
:109800000421284360706B4CA07F0843A07721217E
:109810003046FFF72CFDB07F8007800F012801D173
:10982000801EA080384602F057FE3846FBF72AFE1D
:109830003846FAF7C6F93946022003F040FEB07FF9
:10984000EF210840B077F8BD86883046FFF7D7FC97
:10985000002804D156485549D0300CF0E4FD60682A
:109860008078012804D052485049D2300CF0DBFDFA
:1098700060688179304602F04EFF0028E3D06178BD
:10988000294361706168C880F8BD87883846FFF752
:10989000B6FC060004D146484449E3300CF0C3FD51
:1098A00060783946284360706068C088308160689D
:1098B0000089708160684089B081022003F0FFFD5B
:1098C0000020B075FFF70EFF0028DDD001203749DA
:1098D00080020CF0A8FDF8BD80783C2815D0002748
:1098E000022815D00026002804D031482F49F8302E
:1098F0000CF099FD0021084603F0E1FD002107204E
:1099000003F0DDFD002E05D046E001270026F1E73B
:109910000126EAE76078284360702648817F294362
:109920008177002F38D160688688304601F055F87D
:109930000546807F6168800889798000012900D010
:1099400002210843A87760680622C08A28816068DF
:10995000008B68816068408BA8816068C079E87579
:1099600061682846183008310CF0DFFB6068062279
:10997000807B68706168A81C0F310CF0D6FBA87F53
:109980008107890F304602F090FDA87F8007800F85
:10999000012801D10748868006480178032913D0A1
:1099A0008078132814D00BE00302FF0144950000D7
:1099B00013030000740A0020023000000CE00FE0E6
:1099C000FF20FCA1453084E70120FFF7BDFBF8BD77
:1099D0001120FFF7D2FBF8BD204601F02AFCF8BDAC
:1099E000607828436070F8BDF7B505460078002719
:1099F00000090C463E4601287ED00022F14902288B
:109A00007BD0072804D00A2878D0EAA1EE482DE1BF
:109A1000686803780D2B31D006DC042B6FD0072B40
:109A200036D00A2B6AD106E0122B38D0132B40D047
:109A3000142BF7D1B2E011270726002C72D08088B2
:109A4000A0806968FB238979A171E04905468A7F76
:109A50001A408A77032103F0C5F80421284603F051
:109A6000C1F80021284603F0BDF80221284603F082
:109A7000B9F80121284603F0B5F8F9E001270926D5
:109A8000002CDBD08088A080686880792072EFE0AD
:109A900012270E2680882146FFF7CCFDE8E01A2722
:109AA0000726002CCAD04088A08068680079A07181
:109AB000DEE081783C2936D010271E26002CBDD050
:109AC0008088A0806868C08A20836868C08AE08235
:109AD0006868008B60836868408BA0836968207D1C
:109AE000497F4008C9074000C90F084320756968CD
:109AF000C007C00F497F03E05FE08AE0ADE01CE0F3
:109B000049084900084320756968A21DC8790831D1
:109B1000FFF748FD69682246887B0D320F31FFF759
:109B200041FD05E074E019270726002C70D0A271D2
:109B3000A648F722817F11407DE01B272E26002CAE
:109B400066D0A1806968A21D0879491DFFF72AFD2A
:109B500068682030C07A60736868C0780428A07B89
:109B600019D040084000A073F921084069681F22FD
:109B7000C9788907490F0843A07369684007C97A03
:109B8000400FC9000843A073696820460F300C31AC
:109B90000CF0CBFA6CE001210843E4E71E270E2607
:109BA000002C6DD0A1806868E21D407AA0716968C0
:109BB0008878C91CFFF7F6FC5AE0287A012805D0FE
:109BC000022815D080487BA132384FE01D270E2691
:109BD000002C55D06888A080A889E080E889208181
:109BE000288A6081688AA0817848DF22817FA2E785
:109BF00012270E266888FFF71DFD002C40D06878DC
:109C00004007400F032833D17048FD22817F92E73F
:109C100036E0287A03000CF0F7FC06041010202030
:109C2000202619270726002C2AD0A1806748A27178
:109C3000817F4908490081771AE019270726002CFF
:109C40001ED0A180287A012805D00320A0715F488A
:109C5000EF22817F6FE70220F8E721462846029A2B
:109C600001F04BFCFEBD532052A100010CF0DBFBC8
:109C70000298002C068001D0278066800020FEBD5F
:109C800002980680FAE710B5504894B080781328FF
:109C900002D0082014B010BD22206946087009A91E
:109CA0006846F9F760F904460021072003F007FC35
:109CB0002046EFE700B5454895B08078122801D0DE
:109CC0000820B5E41E216846017000218170C17032
:109CD00009A9F9F748F90028F3D10021072003F07A
:109CE000EEFB1120FFF749FA0020A1E400B5374848
:109CF00095B00078022801D0032818D11B2108A8AC
:109D000001730021817369460BA8F9F72CF900282B
:109D100004D1684640781B2801D0032088E4002144
:109D2000084603F0CCFB68468078002801D0082064
:109D30007EE40120FFF708FA002079E4F8B5234C0F
:109D400003000CF061FC0A068017808080804B3590
:109D50006E80FFF7CBFF00282AD1F7F7E9FD002836
:109D600026D02221017000210172F7F7C2FDA07FE9
:109D7000012152E08EB23046FFF741FA050004D1CE
:109D800011480CA12E300CF04EFB287821280FD062
:109D9000F7F7CEFD00281BD01221017002270772B1
:109DA00046800020A875F7F7A4FDA07F3843A07770
:109DB000F8BD00007372635C6761705F636F72650A
:109DC0002E630000FFFF000036050000740A00202B
:109DD000132229463046FFF7F6FBE9E7A578122D56
:109DE00006D0132D07D0FA49FA480CF01CFBDFE728
:109DF000FFF760FF01E0FFF746FF0028D8D1F7F733
:109E000097FD0028D4D022210170122D07D0022105
:109E10000172F7F76EFDA07F10210843C7E701210B
:109E2000F6E7A07C810901290BD0800904D0E9481C
:109E3000E74922300CF0F7FA03210020FFF710FC6D
:109E4000B6E70221F9E7E348E1492930CDE7F7B564
:109E500014460D0004D1DF48DD4931300CF0E3FA3F
:109E600028780827012807D002281FD0D948D849C8
:109E700062300CF0D8FAFEBD0098FFF7C0F906007A
:109E800004D1D448D24938300CF0CDFA0220B07554
:109E90001030207060783843607007CD083407C4F4
:109EA000CD482022817F11438177FEBD0098FFF7C6
:109EB000A6F9060004D1C748C54946300CF0B3FAEC
:109EC000A988C648814208D1EA88824205D1132276
:109ED00031460098FFF777FBFEBD814202D1E8884A
:109EE000002809D01220207060783843607007CDB8
:109EF000083407C4002006E07823002202200099DD
:109F000003F038FA0120B075FEBDB34840897047B0
:109F1000FFB591B01498F8F721FF00285DD1012416
:109F2000684603218471C9028180002201A920466C
:109F3000FAF719F9002850D16846152184714902B1
:109F4000818000261C2102A800960CF04DF901200A
:109F50000146684610310170002001466846417094
:109F60008178F9273940891C21438170017A0225C3
:109F70002943017212998186C6861F2101870C90A0
:109F800011980F9001A80B9009AA0BA902A8F9F744
:109F9000B5FE002821D168468F4E808CF08068463F
:109FA00084718F498180807809AA3840801C4108DB
:109FB0004900684681708586058713A80F900BA914
:109FC00002A8F9F79BFE002807D16846808C3081F3
:109FD00031460A311498F8F7D4FE15B0F0BD30B50B
:109FE0000C46804995B08C4241D37F4901229204AE
:109FF0000968944201D38C4239D3203800220125CC
:10A0000003000CF001FB06042F494D535C64002152
:10A01000082003F02EFA002802D0112015B030BD20
:10A0200024206946087000A80522A11C02300CF00B
:10A030007CF809A96846F8F796FF050002D0082DBC
:10A040000ED031E0082300221146184603F092F9A1
:10A05000082829D05F485E49D6300CF0E4F923E0A7
:10A060000620DBE76068002803D0884201D2102078
:10A07000D4E73D2168460170218841806188818054
:10A0800009A9F8F770FF05000ED1606800280BD011
:10A090006946098D018007E0206801F079FC02E043
:10A0A000204600F0D8FC05462846B7E73E2007E0EA
:10A0B000857000E0827009A9F8F755FFF3E73420B6
:10A0C000694608702078C0076846F3D0F0E707209B
:10A0D000A4E730B50C46444995B009688C4201D2DA
:10A0E00010209BE7203803000CF08EFA0504212194
:10A0F000232132002088FFF782F8002804D000785E
:10A10000222803D2082089E7384887E725216846B6
:10A1100001702188418009A9F8F725FF050015D1B4
:10A120000AA905220231A01C0BF0FFFF0EE0062554
:10A130000CE02068002805D0884201D2102505E0F7
:10A1400001F01BFC24480025808BA080284665E791
:10A15000072063E720481330704710B520211E48C0
:10A160000CF040F80120FEF7EFFF1120FFF705F893
:10A1700000211948C943818000218176E1218900AD
:10A18000818301460C300D310446F7F751FC12482B
:10A190000722214613300BF0C8FFFFF70EF8002806
:10A1A00003D00B4912480CF03EF900F0D5FF10BD6A
:10A1B00010B504463C210CF015F8A07F8008800003
:10A1C000A077202020700020A0752034607010BD82
:10A1D000B49D00008C050000740A0020FFFF000001
:10A1E000012A000000800100280000200230000049
:10A1F000FB0600007047FEB50546FF480C4681424D
:10A2000007D301208004844205D3FC4800688442BF
:10A2100001D21020FEBD002D02D0012D32D126E04A
:10A22000F74908220F4668460BF07FFF3946204663
:10A23000FFF777F90028EDD1FEF7BFFF060006D043
:10A240000722694638460BF070FF3046FEBD207885
:10A25000002801D0012805D1E94807223946C01D50
:10A260000BF063FF0021092003F029F90FE00978C2
:10A27000002907D0012905D0022905D0032903D0E0
:10A28000E048FEBD0720FEBD0120FFF7E9F9DC48EC
:10A290000C3885760020FEBD10B5D8490968884283
:10A2A00001D2102093E7D64902460C390B7B0D31C1
:10A2B0001846FFF777F9002089E7FFB599B0054602
:10A2C000002069460871087208A9087408751446C8
:10A2D000CA480122C849920400681E46002D05D0D4
:10A2E0008D420BD3954201D3854207D3002C08D071
:10A2F0008C4203D3944204D3844202D210201DB076
:10A30000F0BD2846204318D01F270CAB01AA0097A8
:10A3100028461A99FFF79FF80028F0D10DAB02AA42
:10A32000314620460097FFF796F80028E7D16846A7
:10A33000007AC10703D00A20E1E70720DFE78007A2
:10A3400005D568460079800701D50B20D7E703AF14
:10A35000002D0FD01A20694608731A988873294671
:10A36000F81C1A9A0BF0E1FE0EA903A8F8F7FBFD02
:10A370000028C4D1002C0ED02021684601738673BA
:10A3800032462146F81C0BF0D0FE0EA903A8F8F7C0
:10A39000EAFD0028B3D19A4908A8007C0C3948701E
:10A3A0000020ACE770B504460A2020700D46204618
:10A3B000F8F7D9FD002805D139202070294620461C
:10A3C000F8F7D1FD70BDF7B500260C4605460B2702
:10A3D0001AE02968B00009580978002903D001293A
:10A3E00001D00720FEBDA170296806220958E01C93
:10A3F000491C0BF09AFE277020460299F8F7B3FD2E
:10A400000028EFD1761CF6B22879B042E1D80026B8
:10A410003A270FE0A868B10041581022A01C0BF0A9
:10A4200084FE277020460299F8F79DFD0028D9D1B7
:10A43000761CF6B2287BB042ECD80020FEBDF0B509
:10A44000044671A003C897B06B4B00271591149078
:10A450009C4211D369480125AD040268AC4201D386
:10A46000944209D32078012809D16168994203D325
:10A47000A94204D3914202D2102017B0F0BD604926
:10A480000C390A78012A0CD18A88614B9A4203D090
:10A49000002806D0012804D08A7F13079B0F06D11D
:10A4A00001E00820E9E7D30701D1910701D5112088
:10A4B000E3E7218A574B0A46203A9A4207D30128FC
:10A4C00075D1002973D1628A002A70D111E0022867
:10A4D00001D0032801D1A02969D3012809D0484A15
:10A4E0000C3A5278D20704D0628A002A5FD0B42A8C
:10A4F0005DD8002806D0012808D0022804D00328FF
:10A5000055D117E0002518E0022516E0002902D1F8
:10A51000608A00280CD004256068007800280CD0E0
:10A52000012809D0022807D0032805D03548A4E720
:10A530000125F1E7032500E00127207A002806D055
:10A54000012806D0022806D003287CD105E0002689
:10A5500004E0012602E0022600E00326002D01D0DF
:10A56000022D14D1002E12D0E068FEF722FF002841
:10A5700083D123480C384078800702D02148401E00
:10A580007BE7022D03D1022E5DD0032E5BD0182174
:10A5900068460170218A4180218A8180857118482E
:10A5A0000C38007B002803D001286FD104E04AE07A
:10A5B00000216846C17102E001206946C871684601
:10A5C000077221780930012937D006210BF00AFEE5
:10A5D00069460E74207D8207C107D20F4007C90F5C
:10A5E0005200C00F11438000014314A8405C69462B
:10A5F000C873002827D00FE0008001002800002049
:10A60000800A002002320000070605040302010050
:10A61000FFFF0000E13F000009A96846F8F7A3FC2E
:10A62000002884D109A96846FFF7BCFE0028A7D1FD
:10A63000002D0AD0022D08D010E061680622491CC6
:10A640000BF073FDC4E7072017E7002E06D009AA18
:10A650006946E068FFF7B7FE002891D11B206946E4
:10A6600008700120887009A96846F8F77CFC00286A
:10A6700086D108A840791B2819D12B000BF0C4FF04
:10A680000504040707040A00032001E00FE002208C
:10A69000FEF75AFD012D0CD0608A002809D0002257
:10A6A00083001146104602F065FE002801D0032009
:10A6B000E3E60020E1E6F3B5032687B00D46002966
:10A6C0000AD0FA4885426FD301208004854203D323
:10A6D000F7480068854267D30798FEF790FD0400AD
:10A6E00005D02078222804D2082009B0F0BDF14816
:10A6F000FBE7A07F8707BF0F002D05D0294638460E
:10A70000FEF722FE0600F0D139460027EA4801296B
:10A7100007D0022931D0E949E9480BF084FE3046E0
:10A72000E3E7A27D2946012A02D0827F920701D564
:10A730001120DAE700291BD108216A46049711820B
:10A740000592418904AADF48FAF7FDF80028CCD128
:10A750006846008A082801D00320C6E768460188B9
:10A7600001814188418181888181C188C18102A99B
:10A77000079801F061FF0646D1E7A17D022916D1B5
:10A78000807F800613D4002D04D0A07F40070CD416
:10A79000002100E00121079801F08FFF0600BED1E3
:10A7A000A775002DBBD004E01AE01126B7E7002DF5
:10A7B00016D02A4621460798FEF725FF064611289F
:10A7C000ADD1A07F4007AAD42046082229460E30EA
:10A7D0000BF0ABFCA07F04210843A07700269EE786
:10A7E000102082E770B50C460546FEF708FD010013
:10A7F00004D022462846FEF7E6FE70BDAD4870BD87
:10A8000000B50146143195B0192901D2810707D04E
:10A8100001461E3104D00A3102D0072015B000BD18
:10A82000312269460A70887009A96846F8F79BFBCF
:10A83000F4E701B582B00220694608809E4802AB69
:10A8400000896A460021F9F7E7FE6946098802296E
:10A8500000D003200EBD1CB50021009102216A46E4
:10A860001180934901900968884201D210201CBDD3
:10A87000914801899348FAF766F8694609880229E0
:10A88000F5D003201CBDF0B50E46884985B01746AB
:10A8900005468E4207D386480122920400689642FC
:10A8A00004D3864202D2102005B0F0BD1F2F01D97B
:10A8B0000C20F9E7804C8D4226D3954201D3854286
:10A8C00022D3E08803A9F9F758FE0028ECD12878B4
:10A8D00069464873E08803A9F9F730FE0028E3D100
:10A8E0006946009008780221084369460870497B50
:10A8F000090703D00821084369460870E0886946C3
:10A90000F9F7B5FD0028CFD169468F80E08833463E
:10A9100001AA0021F9F780FE69468988B942C3D0AF
:10A920000320C1E71CB50C4600210091019122884B
:10A9300069460A805E4901900968002801D0884272
:10A9400001D38C4201D210201CBD002801D0002A66
:10A9500009D059486A46C1885A48F9F7F4FF694650
:10A96000098821801CBD0C201CBD10B50123FEF7F9
:10A970004DFC2CE4002310B51A461946FEF746FCA0
:10A9800025E430B505464A4895B000680C4681423A
:10A9900002D2102015B030BD2846FEF730FC00284A
:10A9A00007D00178222902D3807F800603D40820B3
:10A9B000F0E74048EEE7132168460170458009A999
:10A9C000F8F7D1FA0028E5D108AA0A2151567F29C3
:10A9D00001D02170DEE70520DCE7F8B5012304464D
:10A9E0001A46194602F0C6F8074601231A46022104
:10A9F000204602F0BFF8064601231A4604212046ED
:10AA000002F0B8F8054601231A460321204602F059
:10AA1000B1F80446002F03D128492B480BF003FD61
:10AA2000002E04D1AD20254980000BF0FCFC002D48
:10AA300004D125482149801C0BF0F5FC002C04D1E1
:10AA400021481E49C01C0BF0EEFC22213846FEF7BF
:10AA50000EFC3846F8BD10B50446006800280CD03E
:10AA60001249884207D301218904884205D310493D
:10AA70000968884201D2102014E400F071FFA08818
:10AA80000D4CA083A07E01280DD10021092002F0E9
:10AA9000F0FC002800D00120A17C8909012915D0F3
:10AAA0000321FEF7DDFD002006E400000080010028
:10AAB0002800002002300000740A0020B49D00002D
:10AAC000C6090000FFFF0000B30200000221E8E712
:10AAD00030B5F74B9A4207D301239B049A4205D322
:10AAE000F44B1B689A4201D2102030BD1578EB065A
:10AAF0005B0F042B07D85478072C04D39378102BC2
:10AB000001D8A34201D2072030BDD3785B0702D41D
:10AB100013795B0701D5062030BDC37FAC075B0806
:10AB20005B00E40F2343C3770878EF2318401378C2
:10AB30009B06DB0F1B0118430870F12318401378A4
:10AB4000DB065B0F5B001843087050780873002029
:10AB500030BD30B500240C70C378DB07DB0F0B7001
:10AB6000C578AD07ED0F6D002B430B70C5786D07F1
:10AB7000ED0FAD002B430B7014700179C907C90F9D
:10AB8000117003799B07DB0F5B001943117000798B
:10AB90004007C00F80000143117030BD70B51446EE
:10ABA0000D460646F6F7C4FE002809D0A221017022
:10ABB000142221460830F6F707FBF6F79AFE70BD1F
:10ABC000132229463046FEF7FEFC70BD70B51446D0
:10ABD0000E460546F6F7ACFE002809D0222101708A
:10ABE00045802178017261784172F6F782FE70BD6E
:10ABF000132231462846FEF7E6FC70BD10B5AE4C78
:10AC0000207C00280CD1204621461038FDF762F840
:10AC1000002803D0A9A1F2200BF005FC012020742C
:10AC200010BD70B594B015460C462C226946189E8E
:10AC30000A704880002B17D00822194601A80BF093
:10AC400074FA68468581102231460E300BF06DFA99
:10AC500009A96846F8F787F9002803D1A17F1022D7
:10AC60001143A17714B070BD002001900290E8E775
:10AC7000F0B50646008A97B080B20D460190FEF707
:10AC8000BEFA04468C48317848380746E8370990C0
:10AC90000B000BF0B9FC0EFCFB48085F8798B8D995
:10ACA000FAF9F8F7F6FC002301221946019801F0A1
:10ACB00061FF050004D1FF2080A130300BF0B3FB11
:10ACC000002C04D1FF207DA131300BF0ACFB387E8D
:10ACD000C00904D078486030C06DA86112E02B2014
:10ACE000694608720BA902A8F8F73DF9002804D0BC
:10ACF000FF2072A13C300BF096FB74490C980BF0CE
:10AD00008EFAA9617068A862B068E862A07F8007C7
:10AD1000800F012820780DD0252804D0FF2067A1BE
:10AD20004D300BF080FB324621460198FFF736FF8D
:10AD300017B0F0BD2528F6D0222806D0242804D04C
:10AD4000FF205EA146300BF06EFB25212046FEF76A
:10AD50008EFAE8E7002301221946019801F00AFF64
:10AD6000060004D1FF2055A158300BF05CFB002CED
:10AD700004D1FF2051A159300BF055FB2078252834
:10AD800004D03078012108433070D1E702202870C8
:10AD9000B068A860B068002802D000202871C7E71A
:10ADA0000120FBE72B2069460870434968464C396F
:10ADB000F8F7D9F8002804D0FF2040A178300BF034
:10ADC00032FB03201BE02A206946087000A81022ED
:10ADD000023071680BF0A9F904A810220230B168A2
:10ADE0000BF0A3F9344968464C39F8F7BCF8002851
:10ADF00004D0FF2031A189300BF015FB042028700E
:10AE00000998686094E7B068002804D1FF202BA15E
:10AE100095300BF008FBE07F400704D5FF2027A109
:10AE200096300BF000FBB06806220A3800903379A8
:10AE30000421019801F0FBF90028A6D0FF201FA1F2
:10AE40009B300BF0F0FA73E7002C04D1FF201BA11C
:10AE5000A3300BF0E8FA2046223010220546716834
:10AE60000BF063F928212046FEF701FAA07F800746
:10AE7000800F022814D100231A462146009501981C
:10AE800006E04BE1BAE0B0E095E03FE071E05FE161
:10AE9000FFF7C7FE11281BD029212046FEF7E7F94E
:10AEA000E07F317A4007400FC9000843E0773FE771
:10AEB0000080010028000020400B00207372635CBA
:10AEC0006761705F7365632E6300000040420F008E
:10AED000A07F000704D5FF20FD49B0300BF0A3FA96
:10AEE000A07F08210843A0770020608620463430E8
:10AEF0000BF078F9E07FFD220146C9071040890F69
:10AF00000843E077307A2034207011E700230122D3
:10AF10001946019801F02EFE040004D1FF20EC49EF
:10AF2000CD300BF080FA2B2069460872E94902A85F
:10AF3000F8F719F8002804D0FF20E549D2300BF0CB
:10AF400072FAE4488188204621300176090A417668
:10AF50000E2129702146FC316960017E2974407EF2
:10AF60006874DC482C30A860103030346C61E860C4
:10AF7000DEE6002C04D1FF20D549E6300BF053FA71
:10AF80002078212893D93079012802D0022808D1CD
:10AF900003E0E07F04210843E077387E0121084385
:10AFA0003876324621460198FFF7F8FD23212046E6
:10AFB000FEF75DF9BCE601220421019801F01FFCB7
:10AFC0000028A2D0002301221946019801F0D2FDE9
:10AFD000040003D1BE49C0480BF025FA0F202870A9
:10AFE000172028716E34AC60A2E60421019801F0AC
:10AFF00056FC002889D11020287099E600230122F0
:10B000001946019801F0B6FD050004D18720B0492A
:10B0100080000BF008FA2E462036307E41064DD5D2
:10B02000A17F8F07BF0FC00713D029468031486F1B
:10B0300000280ED0027CF37DD207D20F5B001A43AA
:10B040000274486F5108E27F4900D207D20F1143C2
:10B050000174307E000713D52A468032116F002913
:10B060000ED0087CF37DC007C00F5B001843087446
:10B07000116FE27F40084000D207D20F10430874DE
:10B08000307E80070BD5F8204259002A07D0012FC7
:10B0900005D02946307C31311032FEF783FA307EFC
:10B0A000C0060BD5F8204259002A07D0012F05D140
:10B0B0002946307C31311032FEF774FA0523684698
:10B0C0000370357E4570834822216038019A0170F3
:10B0D0004178C908C900C91C417042800372457299
:10B0E000F6F78EFD2078252809D021280BD07A4844
:10B0F00077495B300BF097F92078222803D9222179
:10B100002046FEF7B4F80021019801F06BFD0028FD
:10B1100000D10DE670486E49633092E674686D4D5B
:10B1200020786035092802D00A28F2D10BE0E168C6
:10B13000002902D02846F7F7E8FE2169002902D04D
:10B140002846F7F7E2FE21462846F7F7DEFEEFE550
:10B1500061485F49883074E65E4810B504222821B2
:10B160006030F7F7B9FE5B480024EC30017E4906F9
:10B17000490E01764038C465FCF739FD55493C312C
:10B1800008461038F6F78BFC52484C30047410BD5A
:10B1900070B50D46FEF733F8040004D14E484C4913
:10B1A000A7300BF040F9FF21053128460BF01CF8C1
:10B1B000A07F8007800F01280CD00221284688300C
:10B1C000FCF716FD002804D043484149AC300BF091
:10B1D0002AF970BD0121F1E70A46014610B5104673
:10B1E0008830FCF71FFD10BD70B5054611200C46D8
:10B1F0000870002161702121495D002908D00329D0
:10B200000ED0042910D034483149C6300BF00BF968
:10B2100020780009012802D9E87FC008607070BD5D
:10B220000007000F203002E00007000F30302070D0
:10B23000EEE7F0B504464068082601789BB008297F
:10B240000DD00B2903D00C294BD1012181716068ED
:10B2500087883846FDF7D3FF05004CD147E0478883
:10B260003846FDF7CCFF050004D1172018494001EE
:10B270000BF0D9F82878212833D0282833D16068FA
:10B2800002210C3000F050FF00282CD0606808210B
:10B29000001D00F049FF002825D02D2168460170CF
:10B2A000478029461022223101A80AF03EFF0FA94B
:10B2B0006846F7F758FE002804D007480449EF30E5
:10B2C0000BF0B1F8A87F10210843A877292105E0E9
:10B2D000BCAE0000F40A0020030200002846FDF77F
:10B2E000C6FF1BB0F0BD607830436070F9E7FE49DF
:10B2F000FE480BF098F8A87FEF210840A87729783E
:10B3000021290FD061688A79002A02D08978002922
:10B3100012D08007800F022849D0F448F249343017
:10B320000BF081F8FEF7DEF90028DAD0EF48EE499D
:10B330003F300BF078F8D4E7607830436070E87FF6
:10B34000C00701D0042100E00321212041552878C5
:10B3500029280BD03946062002F0B1F82878242895
:10B36000E0D122212846FDF782FFDBE700230122FE
:10B370001946384601F0FEFB040004D1C920DA4921
:10B3800080000BF050F825212846FDF770FF0D20B6
:10B3900008A90871204609A98830FCF735FC022865
:10B3A000C0D00028BED0D148CF491D30B8E7607862
:10B3B00030436070B6E7F7B58AB015460646FDF72C
:10B3C0001EFF002841D0017822293ED323293CD0FA
:10B3D000C17F490739D4807F8007800F01280DD0B5
:10B3E000002301220021304601F0C4FB0746C0487B
:10B3F0000290F7F781FD040007D101E00123F0E797
:10B40000BA48B94959300BF00EF8002F1FD08837D1
:10B4100067610298F7F770FD07460298F7F76CFD31
:10B4200009212170266225710B99E760A1602061D6
:10B4300003A92046FCF70CFC022806D0002804D003
:10B44000AA48A94975300AF0EEFF0DB0F0BD002002
:10B4500007466061E4E730B5002387B00546012266
:10B46000194601F087FB04462846FDF7C8FE007820
:10B4700022281BD9002C04D19C489B4981300AF01A
:10B48000D2FF0F21684601701721017120466E30EE
:10B49000029069461A30FCF7B7FB022806D0002854
:10B4A00004D0E520904980000AF0BDFF07B030BD10
:10B4B00030B5002387B005460122194601F05AFB3A
:10B4C00004462846FDF79BFE00782228EED9002C82
:10B4D00004D18648844993300AF0A5FF10206946BC
:10B4E000087020468830FCF78FFB0028DED0E9206A
:10B4F0007D4980000AF097FFD8E7F7B50546007848
:10B500000027000982B00C463E4602287ED007285C
:10B5100002D00A284AD14AE068680178082907D091
:10B520000B2930D00C292ED070486F49D33060E100
:10B5300014271A26002C6AD04088A080FDF75FFEF1
:10B540000090002804D169486749AF300AF06BFFCA
:10B5500000980099C07DA21D1831FEF723F8686895
:10B5600008228089E081696820461030091D0AF0B0
:10B57000DCFD207E01210843F92108402076009857
:10B580004021807F47E018270826002CD3D08088F0
:10B59000A080FDF734FE050004D1F7205249800059
:10B5A0000AF041FFA11D2846FFF71EFE23E1002CF3
:10B5B00001D0288BA080287A01287DD0022804D0D1
:10B5C00003282FD048494B4813E11C270726002C9D
:10B5D000B1D0A088FDF713FE0090002804D1FD2013
:10B5E000414980000AF01FFF287B8007800F012857
:10B5F000A07914D040084000A071FD210840297BAB
:10B600004907C90F49000843A07101E0E3E0DFE00A
:10B6100000988021807F084300998877EBE0012122
:10B620000843E9E713270B26002C84D0A088FDF7F8
:10B63000E6FD00900023A0880122194601F09AFA45
:10B6400005460098002804D12A48274960380AF0A6
:10B65000EAFE002D04D181202349C0000AF0E3FE58
:10B660000098807F8007800F012859D0E86A817890
:10B670008907890F0129A17954D049084900A1718E
:10B680008278FD255207D20F294052001143A17143
:10B69000E322114002785207D20E1143A171DF223A
:10B6A00011404278D207920E1143A1710021E1713D
:10B6B000C1782172427900E037E00179607AD307DE
:10B6C00040084000DB0F18439307DB0F28405B0066
:10B6D00018435207FB23D20F1840920010436072A8
:10B6E000A07A4008400007E0BCAE00000E03000056
:10B6F000540B002067040000CA07D20F10438A07CA
:10B70000D20F2840520049071043C90F1840890042
:10B710000843A0720098007823286CD92621AFE056
:10B72000A86AA4E701221143A9E7297BFE48022960
:10B7300010D017270C26002C4AD0012911D003293C
:10B740001ED004291FD005291DD0F849F8480AF059
:10B750006AFE23E019270726002C4CD00121A17195
:10B7600005E00121A171E17989088900E171017E7B
:10B77000CA094906D201890E49000A4302760DE042
:10B780000220A07106E0687B0007000F8030A071E6
:10B79000052918D0E07980088000E071A088FDF7C5
:10B7A0002EFD05460078212825D0232804D0E04826
:10B7B000DE490C300AF037FEA088002101F012FAB1
:10B7C000222128465DE0E07980088000401CE4E703
:10B7D0000498068015E0002C01D06888A080287AA3
:10B7E000032828D004280FD005284DD0D048CF49B1
:10B7F00064300AF018FE0498002C068001D02780DF
:10B800006680002005B0F0BD15270C26002CDFD087
:10B810000023A0880122194601F0ACF9050004D1EB
:10B82000C348C2492A300AF0FEFD0622A11DA869BC
:10B8300009F0DCF9DFE716270726002CC8D0A0881E
:10B84000FDF7DDFC00900023A0880122194601F0DD
:10B8500091F905460098002801D0002D04D1B44884
:10B86000B24938300AF0DFFD2878C00601D5022041
:10B8700000E00120A071009800782328BBD927217F
:10B880000098FDF7F4FCB6E717270C26002C9FD094
:10B89000A088FDF7B4FC00906D7A002804D1A4487C
:10B8A000A2494B300AF0BFFD0621A01D0AF09AFC08
:10B8B0000020A071207A032108432072FB21084058
:10B8C0000099C97FC907490F08432072680692D5BD
:10B8D000E07904210843E071A07AE90740084000BC
:10B8E000C90F0843E17A2A0749084900D20F1143DA
:10B8F000FD22AB07DB0F10405B001843A072E80687
:10B90000C00F114040000143E17274E710B50446D6
:10B91000807990B08009012804D04D20834900012E
:10B920000AF081FDFFF76AF90120694608707E4838
:10B930000AA9A0380190201D0290601C0B90684657
:10B94000FCF786F9002804D07948784987300AF056
:10B950006AFD0322601C0B990AF0E7FB10B010BDD2
:10B9600010B5714CA03C002805D00146102220469D
:10B970000AF0DBFB0120207410BD10B50446FFF770
:10B980003DF969491022A03920460AF0CEFB10BDCE
:10B9900070B50025644C00281CD06649884207D346
:10B9A00001218904884205D363490968884201D28C
:10B9B00010250DE0062109F003F9411C07D05A4972
:10B9C0004039C865207E80210843207600E00725A5
:10B9D000284670BD207E4006400EF6E7F3B50020F5
:10B9E00089B00D46029000290AD0524885421CD3E6
:10B9F00001208004854203D34F480068854214D358
:10BA00000998FDF7FCFB060003D03078222815D1F9
:10BA100002E04A480BB0F0BD002D08D1B07FC1094B
:10BA200003D08007800F022801D01020F2E7B07FFA
:10BA3000C10601D4000703D5002D01D00820E9E795
:10BA40003948007EC00712D1F07F400701D50D2094
:10BA5000E0E7002201231146099801F08BF8070066
:10BA600005D0B07F8007800F022802D00BE01120A4
:10BA7000D0E7002D07D02A4639463046FFF728F890
:10BA800002900028C6D128488C38F7F735FA040010
:10BA900003D126492A480AF0C6FC0A2020700998DA
:10BAA000206238468830A060B07FFB218007800F7D
:10BAB000012829D0002D4CD002202071381DE060D3
:10BAC00038780007400F20743878C006C00F6074C3
:10BAD000A07C2A788008D2078000D20F1043A0747F
:10BAE0000840F17F01AAC907490F0843A074A8784C
:10BAF000E07469462846FFF72CF8684600792075FF
:10BB000068460078607528E001202071207B2A7843
:10BB10008008D2078000D20F104320730840297894
:10BB20008907C90F89000DE0E00B0020BCAE0000C2
:10BB300053040000008001002800002002300000B3
:10BB4000630500000843207324213046FDF78FFB76
:10BB50000BE0032020710520207325213046FDF7DE
:10BB600086FBB07F4006400EB07703A92046FCF765
:10BB70006FF8022805D0002803D0FD49FD480AF0DF
:10BB800052FC029846E7FFB581B00A9D06461C4666
:10BB90001746142128460AF027FB0B980021016064
:10BBA000F8070ED0F44920680968884239D312306A
:10BBB00028602068143068602068A8600B982168AD
:10BBC0000160B80726D56068002803D0EA490968F3
:10BBD000884226D3029900290AD0FC3600280ED0CC
:10BBE00031461030FDF79DFC00281BD1606810E045
:10BBF000002816D0E86080366068B0670AE0FEF77B
:10BC0000A9FA0146072230460AF08FFAFEF7F6FF3E
:10BC1000DA48E860780707D5D749A06809688842FC
:10BC200001D21020EEE528610020EBE5FFB5D44AF3
:10BC30000E4607CA97B002AB07C3002700970197CB
:10BC40001798FDF7DCFA050005D02878262804D0DF
:10BC500008201BB0F0BDCB48FBE700231A4619466D
:10BC6000179800F087FF040004D1C248C049803013
:10BC70000AF0D9FBA87F8007800F1690012814D006
:10BC8000022824D0BB48BA4999300AF0CCFB0121E4
:10BC90000022852E31D01EDC002E26D0812E26D00B
:10BCA000822E26D0832E1ED125E0002EEFD12146F4
:10BCB0002846199AFEF70CFF0028CAD119988078F7
:10BCC000009019980078C007C00F0190DFE719981D
:10BCD000002808D1DBE7862E11D0882E11D0892EBE
:10BCE00011D08A2E11D00720B3E710460EE0084687
:10BCF0000CE002200AE0032008E0052006E0062010
:10BD000004E0082002E0092000E00A20002222715D
:10BD100001216A461176211D0791002801D020716A
:10BD2000FAE0169801280CD0A66AE06A02220121E6
:10BD300010900020A0602846173002291AD0012157
:10BD400019E0E66AA06A1090032030702078FB2387
:10BD5000C006C00F7070B07801221840009BF370CD
:10BD60008008019B800018430221B0700020707190
:10BD70003071DEE70021890009190861681C022A78
:10BD800001D0012100E00021890009190861B07883
:10BD90008007800F01285ED1109880788007800F7F
:10BDA000012858D110980079844610984079009065
:10BDB000169801281DD0317908A801747179017590
:10BDC00008A8027C6046024008A8007D009908404F
:10BDD000139010433FD06C491A98884207D3012131
:10BDE0008904884215D364490968884211D2102019
:10BDF0002FE70CAA0DA91998FEF7ABFE08A8007C46
:10BE000061460840307108A8007D009908407071B3
:10BE1000D6E720463C3021460090F031169801913B
:10BE2000022834D000211A9B20460C33FFF7ABFECA
:10BE30000028DDD12046503021460090F43116987C
:10BE40000191012825D0002120461A9B139AFFF763
:10BE50009AFE0028CCD110988078400702D4E87F61
:10BE6000C0072BD0169902A8012914D0109909787F
:10BE70004900405A21780907490F4900C8408707FF
:10BE8000BF0F2AD0012F14D0022F0FD113E00121B0
:10BE9000C9E70121D8E721780907490F4900405A2D
:10BEA000109909784900C8408707BF0F032F04D0B5
:10BEB00004E0022711E001270FE00227169801286D
:10BEC0000BD1B078FB210840E97FC907490F08432F
:10BED000B07020780007400F3070207810224008A2
:10BEE000400020701099D2434978C907C90E114308
:10BEF00008402070C00623D4022F21D0012F21D06A
:10BF00000020A061E0612062606220461830A060DD
:10BF1000E87F40084000E877204606A98830FBF714
:10BF200073FE002806D0022804D06F2010490001BB
:10BF30000AF079FA25212846FDF799F9002088E6CC
:10BF4000032008E020460D211B300AF04BF9204663
:10BF50001830A060042069460875E87F0121084375
:10BF6000E87705AA29461798FEF730FED4E70000C7
:10BF7000BCAE00008E05000028000020400B002011
:10BF8000606701000230000000800100F0B587B05A
:10BF900015460E0004460DD06A48854207D301209D
:10BFA0008004854206D368480068854202D210208A
:10BFB00007B0F0BD2046FDF722F9070004D038781D
:10BFC000272803D00820F3E76048F1E700231A464A
:10BFD0001946204600F0CEFD040003D15C495D48BF
:10BFE0000AF021FA0020002E05D0022E08D0012EE2
:10BFF00011D00720DCE701216A461171A06018E02A
:10C00000234618336946A360087110222946184652
:10C010000AF08BF80DE021461831A16069460871DD
:10C02000A061E061206260620621284608F0C8FD38
:10C03000A0612078C10714D0400840002070022081
:10C04000694608702046183002907030FBF7DCFD1E
:10C05000022806D0002804D03E483D4923300AF08B
:10C06000E2F925213846FDF702F90020A0E770B576
:10C0700094B00D460646002B02D0072014B070BDC8
:10C08000FDF7BDF8040007D02078222802D3A07F56
:10C09000400603D40820F1E72C48EFE7002D19D023
:10C0A0002D216846017046801022294601A80AF019
:10C0B0003CF8E07F297C4008C9074000C90F0843CD
:10C0C000E077297C40078906400FC90EC900084364
:10C0D000E07703E02E2168460170468009A9684692
:10C0E000F6F741FF694609782D2905D1002803D1CB
:10C0F000A17F10221143A177A17FBF221140A17718
:10C10000BCE710B50C46FDF77AF8002805D00E49BB
:10C1100009688C4203D2102010BD0C4810BD214686
:10C12000FFF762F8002010BD05E00278401C002AED
:10C1300001D0002070470A46491E89B2002AF4D176
:10C14000012070470080010028000020023000001C
:10C15000BCAE00000F07000030B50346072903D02E
:10C160000820DA781C7916E00720FAE707290BD0B7
:10C170005500ED186D79072D01D0401EC0B2521C3C
:10C18000D2B20F2A07D105E05500ED186D79072DC1
:10C19000F3D0F4E700222546641EE4B2002DE5D179
:10C1A00030BDFFB581B00C461646114620460A9FA9
:10C1B0000B9DFFF7D1FF00280AD020790F2803D369
:10C1C000FEA1A0200AF02FF9A078C00907D019E03D
:10C1D000072E02D0112005B0F0BDFD48FBE7019805
:10C1E0002880381D6880002068712871EF800498CD
:10C1F00028812846F6F7DFFE002803D1EFA1AD2005
:10C200000AF011F9E07821794018491CC0B2217177
:10C210000F2801D30F38C0B2400000194671817950
:10C22000F12249084900114081710020D3E7FFB590
:10C2300083B01C4616460F4600231A4602210C9D69
:10C24000039800F097FC010008D033463A46019568
:10C2500000940398FFF7A5FF07B0F0BDDC48801EEF
:10C26000FAE7F0B5054616460F4650888DB0002314
:10C270000122022100F07EFC040003D1CFA1DF20C7
:10C280000AF0D1F8002069460871A078400603D171
:10C29000CAA1E3200AF0C7F8042F5ED32A78D0079A
:10C2A000C017401C06D161786B78994255D121782E
:10C2B000090752D00121142A46DA012A42D0122A53
:10C2C00002D0132A40D128E00C2F3DD1A27852068B
:10C2D000520E012A38D0207800090001401C20703D
:10C2E000687860706846017168792A7901021143A3
:10C2F00068460181E879AA790102114368464181C3
:10C30000687A2A7A0102114368468181E87AAA7A1A
:10C31000010211436846C1811AE0062F14D120782A
:10C320000009000120707188012001F0C8F8022185
:10C3300068460171C91E018168792A790102114399
:10C3400068461FE0062F0AD06A461279002A1BD0E1
:10C350007088324601A9FDF77AFD0DB0F0BD207856
:10C360000009000120707188012001F0A8F8022165
:10C370006846017168792A79010211436846018192
:10C380000021C9434181E3E70028E6D0748868466C
:10C3900081766978C176022181830021C18304A856
:10C3A00005220090062311462046FFF740FF002893
:10C3B000D3D088A1D6200AF036F8CEE7F7B58CB0F6
:10C3C00015460C990D98F9F7CEF9C0B2082851D14D
:10C3D000002069468885688800230122022100F038
:10C3E000C9FB040004D1FF2074A163300AF01BF8DC
:10C3F00001230021E07822790BE046003619767996
:10C400009E4201D1491CC9B2401CC0B20F2800D1C4
:10C4100000201646521ED2B2002EEED1002902D1C3
:10C4200017206946888504AB02330BAA00950C9946
:10C430000D98F7F73BFC0006000E07D002281BD032
:10C44000032817D0FF205DA1893011E06846808D58
:10C4500000280FD002A901910090688804230122CE
:10C460002146FFF79EFE002804D0FF2053A176301E
:10C4700009F0D9FF0FB0F0BD68781021084368704B
:10C48000F8E70020584902464300401CCA520828D9
:10C49000FAD3704700218170017809090901017000
:10C4A00000214170C1700171704770B50D460023C5
:10C4B0000122022100F05EFB040004D1FF203FA115
:10C4C000CF3009F0B0FFA0786906C009C001490E5D
:10C4D0000843A07070BD704710B50146012000F000
:10C4E000EEFF10BD3EB58DB2002301220221284689
:10C4F00000F040FB040004D1FF2030A1E43009F03B
:10C5000092FF20786946000900012070022008701F
:10C5100036488880C88000222846FDF798FC3EBD3A
:10C52000F7B505460078002700090C463E4601286D
:10C5300004D0FF2021A1F33009F075FF287A0328E9
:10C540000CD041201DA1C00009F06DFF0298002C05
:10C55000068001D0278066800020FEBDEA89702712
:10C5600010460A3086B2002C0AD06888A080A889BC
:10C570002081E28020460A30296909F0D6FDE5E7EE
:10C5800002980680E8E7F8B543680246D9799C79B5
:10C59000090221435C7A1E7A25025C88981D354386
:10C5A000241FA14238D11B79022B35D1042D34D060
:10C5B000052D3DD0062D34D0402D19E07372635CFB
:10C5C0006C326361705F636F72652E630000000000
:10C5D000043000007372635C6C326361705F636F80
:10C5E00072652E6300000000000C0020FFFF0000B9
:10C5F00012D3061D0F461446284600F0E9F9082814
:10C600000AD01120207003202072A581E7812661C5
:10C610006078082108436070F8BD001DFFF7CEFE6A
:10C62000F8BD031D50880A461946FEF7C4FEF8BD42
:10C63000001DFFF716FEF8BD70B50D4600238CB047
:10C6400006461A46022100F095FA040031D02078FF
:10C650000007000F01282ED01220694688746078E8
:10C660000523801CC874082088822888C8826888AE
:10C670000883A8884883E888888302A90C20019150
:10C6800000901A4621463046FFF78BFD00280ED158
:10C69000F02300223146012000F06CFE20780009D2
:10C6A0000001401C20706078801C607000200CB07D
:10C6B00070BDCD48FBE71120F9E770B50D460023AA
:10C6C0008CB006461A46022100F054FA040006D047
:10C6D00020780007000F012803D00820E7E7C248B0
:10C6E000E5E71321684681746178C1740221818273
:10C6F000C58202A906200523019100901A46214611
:10C700003046FFF74EFD0028D1D120780009000106
:10C7100020700020CBE7F3B581B00D460023012245
:10C720000221019800F026FA00260446002803D1D1
:10C73000AE49AF4809F077FE2079A8423BD2AC4819
:10C74000AA49401C09F06FFE35E0E07841000F195E
:10C75000401C7979C0B20091E0700F2801D100200F
:10C76000E0702079401E2071B879C00708D0009889
:10C770000199042815D09D498220183109F053FEF3
:10C78000B8790007410F08D0400F019904280CD058
:10C7900096498F20183109F046FE009807280AD1E3
:10C7A00007E00846FEF784FEEAE70846FEF753FE78
:10C7B000F3E7761CF6B228466D1EEDB20028C4D110
:10C7C0003046FEBD10B500230122022100F0D2F94F
:10C7D000040004D1B5208549800009F024FEE078EA
:10C7E00021794018C0B2E0700F2801D30F38E070F3
:10C7F00000202071A07880210843A07010BDF8B5FA
:10C8000017460D4600231A46022100F0B3F9040032
:10C8100005D0002D0CD0002F07D0062006E0072DF4
:10C8200001D00820F8BD0720F8BD0820A84204D890
:10C830006F486E49423009F0F6FD29462046FFF761
:10C840008BFC0646002F28D0002E26D1E0782179D7
:10C850001CE0420012195379072B03D093791B0770
:10C860005B0F04D0401CC0B20F280CD00CE040007D
:10C8700000198079F12318406B071B0F1843907142
:10C8800000290AD104E00020491EC9B20029E0D1E4
:10C89000574856495A3009F0C6FD3046F8BDF8B53C
:10C8A0000D4600231A46022100F064F9040004D169
:10C8B0004F484E49683009F0B6FD681E052804D37C
:10C8C0004B484A49693009F0AEFD0F21E2782079E2
:10C8D000002310E0560036197779AF4206D1B179BE
:10C8E00049084900B1715B1CDBB21146521CD2B23F
:10C8F0000F2A00D100220646401EC0B2002EE9D108
:10C900000F2905D248000019817901221143817154
:10C910001846F8BD10B50446402801D2072010BDC6
:10C9200000F056F8082802D03120000210BD002186
:10C93000304802E0491C082903D24A00825A002AE2
:10C94000F8D1082903D049004452002010BD04202A
:10C9500010BD10B5402801D2072010BD00F038F8F6
:10C96000082805D00021234A40001152084610BD76
:10C97000052010BDF0B58BB016460C00074607D059
:10C98000002E05D06188402904D207200BB0F0BDED
:10C990001020FBE72088002801D0172801D90C209F
:10C9A000F4E7084600F014F808280FD0258803A8FB
:10C9B0002A463146023009F0B8FB01A8009062888F
:10C9C0002B4607213846FFF732FCDFE70520DDE77D
:10C9D00001460020074A02E0401C082803D2430019
:10C9E000D35A8B42F8D1704702300000BCC500001A
:10C9F000AD020000000C0020F8B50546E54C079E8E
:10CA0000069821706270A370E6702071681C42085D
:10CA10005200E14B0021880000198446C261605C2D
:10CA200040008218002D0AD0002005E0664647002D
:10CA3000F669401CF353C0B2665C8642F6D8491CC6
:10CA4000C9B20529E7D30026D21C9708B000BF0061
:10CA500000198760304600F042F9A15D761C48431A
:10CA6000C219F6B2052EEFD3501B80B2F8BDF0B557
:10CA70000546C84F8C460020FF247E5DA9009646DF
:10CA80000346CF190CE0F9695A008A5AC2498A4212
:10CA900004D1401CC0B2FF2C00D11C465B1CDBB291
:10CAA0009E42F0D86146002909D100280BD0002D04
:10CAB00007D0B84949788E4203D2401EC0B2002840
:10CAC00001D071460C70F0BD70B5B24C8D000023E2
:10CAD0002D19615C09E0EC695E00A45B844202D11F
:10CAE0001370012070BD5B1CDBB29942F3D80020AB
:10CAF00070BDFEB51C4617460D46060008D0002D39
:10CB000006D0F01C80088000B04203D01020FEBD8B
:10CB10000E20FEBD002F03D0002C01D0A74201D96A
:10CB20000720FEBD0094234622463946002001948A
:10CB3000FFF762FF2988814207D0814201D2042198
:10CB400000E0092128800846FEBD009423462246C5
:10CB5000394630460194FFF74FFF28800020FEBD84
:10CB600010B5044600F0C5F8002801D0E0B210BDB1
:10CB7000FF2010BDFFB50546874881B01E460C4614
:10CB8000854204D0052C02D20398022802D300204B
:10CB900005B0F0BD002769460F7028466A46214659
:10CBA000FFF792FF00280ED068460178204600F07B
:10CBB000A8F8002EECD00028EAD1284600F099F819
:10CBC000002809D103E03846002EF6D1E0E7FF2027
:10CBD00072A15C3009F027FC21462846039A00F038
:10CBE0009CF8D5E7F8B505460C4600206A4E694624
:10CBF0006E4F0870B5423BD0052C01D30720F8BD1D
:10CC00000A4621462846FFF75FFF002830D06846D5
:10CC10000178204600F075F8230009F0F5FC0504C2
:10CC2000090C11161B0001462846FEF7D5FA15E03F
:10CC3000FDF7E0FA12E001462846FFF74CFC0DE054
:10CC400001462846F6F7B5FF08E001462846F8F702
:10CC500012FC03E056A17B2009F0E5FB4D4A684633
:10CC6000A10000788918C96940000E520020F8BD63
:10CC70003846F8BD524A1268914201D210207047DE
:10CC8000052801D3072070470872002048727047BA
:10CC9000F8B504464A480068844201D21020F8BD25
:10CCA000207A3C4A83009B18617A3B4D125C11E06C
:10CCB000DE694F00F65BAE420AD04A1C6272DA6946
:10CCC0004B00D25A228000F01CF860600020F8BDB2
:10CCD000491CC9B28A42EBD861720520F8BD0EB575
:10CCE000384B40000ECB0091029301926946085ADE
:10CCF0000EBD28494978814201D9012070470020A2
:10CD0000704770B50C460546FFF7E9FF214AA900B8
:10CD1000891889686043401870BDF8B50C4606460E
:10CD200000206946134608706A4619462046FFF7F8
:10CD30009EFE002500282BD0164A6846A1000078E8
:10CD40008918C96940000E52684601782046FFF7ED
:10CD5000D8FF0546230009F057FC0504090C0F1401
:10CD6000170029463046FEF713FA11E0FDF720FAC6
:10CD70000EE0FFF78FFB0BE029463046F6F7E0FEAA
:10CD800006E0F8F771FB03E009A1622009F04BFB14
:10CD90002846F8BD100C0020FFFF00007372635C92
:10CDA000686F73745F636D2E6300000002300000D3
:10CDB0007372635C686F73745F636D2E6300000051
:10CDC000280000206C67010010B5014620220948A8
:10CDD00009F0ABF907490020C877084610BD06499D
:10CDE000012048610548064A0168914201D10021AD
:10CDF00001607047400C00200005004078000020D2
:10CE0000BEBAFECA8107C90E002808DA0007000F63
:10CE100008388008C24A80008018C06904E0800891
:10CE2000C04A800080180068C8400006800F704724
:10CE3000BD4948788978884201D3401A02E021220E
:10CE4000511A0818C0B27047B74923314878897819
:10CE5000884201D3401A02E02122511A0818C0B2B8
:10CE60007047B149463148788978884201D3401AE1
:10CE700002E02122511A0818C0B27047A94910B522
:10CE80000C310868FF22120290430122D2031043A2
:10CE90000860A54900202331487088702339487004
:10CEA0008870463148708870A04808F0C8F89F48DC
:10CEB000401C08F0C4F8F5F741FC00F028F910BD5B
:10CEC00020207047B4E770B50C4605460026FFF7F2
:10CED000AFFF9549A04214D30A46203A00232046CA
:10CEE000641EE4B200280BD08878105C2870887823
:10CEF0006D1C401CC0B288702128F0D18B70EEE709
:10CF0000012600F004F9304670BD202070479BE7F1
:10CF100070B50C4605460026FFF796FF824923317F
:10CF2000A04214D30A46203A00232046641EE4B2ED
:10CF300000280BD08878105C287088786D1C401C05
:10CF4000C0B288702128F0D18B70EEE7012600F086
:10CF5000DEF8304670BD202101700020704710B50A
:10CF60000446FFF77EFF2070002010BD70B50C4610
:10CF70000546FFF776FF6C494631A04215D30A46B5
:10CF8000203A00232046641EE4B200280BD08878A3
:10CF9000105C287088786D1C401CC0B288702128F5
:10CFA000F0D18B70EEE7002400E0614C00F0AFF8A8
:10CFB000204670BD70B50C460546212904D9FF20D6
:10CFC0005CA1473009F02FFA55484068103840B24C
:10CFD000FFF718FFC6B20D20FFF714FFC0B286425C
:10CFE00007D2FF2053A14D3009F01DFA01E0F5F7FB
:10CFF000E8FB21462846FFF766FF0028F7D070BD02
:10D00000F8B507464948484C401E474E007825462B
:10D0100046362335002806D1A9786878212200F009
:10D020006BF800280ED0A1786078212200F064F817
:10D03000002814D0B1787078212200F05DF8002823
:10D0400028D033E038496878C91C0F546878401CF0
:10D05000C0B26870212829D10020687026E03249CA
:10D06000607820390F546078401CC0B2607021286D
:10D0700001D1002060702D4F7F1E3878002815D018
:10D08000A1786078212200F037F800280ED0002027
:10D0900038700BE02449707826310F547078401CAA
:10D0A000C0B27070212801D100207070A978687812
:10D0B000212200F021F800281DD0A17860782122DB
:10D0C00000F01AF8002816D0B1787078212200F00C
:10D0D00013F800280FD0F5F756FB144807F0B7FFF8
:10D0E00001214903884203D016A1C12009F09BF910
:10D0F0000E4807F0C4FFF8BD401C884205D090429E
:10D1000001D1002901D0002070470120704710B5DF
:10D11000064807F09CFF002801D1F5F723FB10BD5E
:10D1200000ED00E000E400E0800C00207D00002025
:10D13000072000007372635C736F635F72616E64DB
:10D140002E6300007372635C736F635F72616E6461
:10D150002E6300000C4908784A78401CC0B2904207
:10D1600000D008707047094A074820BF40BF20BF61
:10D170004178037843701368002B02D103788B4207
:10D18000F3D00020704700007F00002000E200E0A4
:10D19000FEB5F34C07466068FF213E0181552178BA
:10D1A000FF2913D00901083141583246491E08327F
:10D1B00009020192090A805800F0C8F9002802D03B
:10D1C0002478254615E06168207888552770FEBDD3
:10D1D000E34842680198115828010090083010581F
:10D1E00000F0B4F9002806D1DD482C4641680098CB
:10D1F0000D5CFF2DECD1DA4821014068855547547C
:10D20000FEBD70B5D64A04460020157A53680AE080
:10D210000201561C9E5DA64203D10C329A588A42E6
:10D2200004D0401CC0B28542F2D8FF2070BDF8B5D2
:10D23000CB4F3E7801F013FE0146FF2E68D034013B
:10D24000254678680835405900F080F9022802D94F
:10D25000786840595AE0C2494868025D0A70A11CCA
:10D26000425C002A0CD0521E425441590122D20580
:10D2700089180902090A41513046FFF789FF30E059
:10D28000631CC25C0092221D94468258002A10D072
:10D2900001239B029A420FD99205920D43595703DD
:10D2A000DB191B021B0A43516346C3589A1A920AA0
:10D2B00009E0FF21C1540AE0435952039A181202AF
:10D2C000120A4251002242543046FFF761FFA4483F
:10D2D0000C344168C26800980959800012580098BF
:10D2E00090479F4C2078FF2812D001F0B8FD0146EE
:10D2F0002078626800010830105800F027F90128F2
:10D3000096D92078616800010830085801F09AFD2C
:10D31000F8BDF8B51C4615460E460746FF2B03D34D
:10D3200090A1D32009F07FF88D48FF21C7604560A8
:10D3300004720674017000224270104604E002017B
:10D34000521C401CA954C0B2A042F8D3F8BD70B51D
:10D35000834C06466578207C854203D381A1E62074
:10D3600009F061F8E068A90046506078401C6070E0
:10D37000284670BDFFB581B01D46FF2401F06FFD4A
:10D38000774F064679780198814203D875A1F42039
:10D3900009F049F872480021037A406810E00A0158
:10D3A0009446521C825CFF2A24D0019FBA4205D1C8
:10D3B00062460C328758029A97421DD0491CC9B266
:10D3C0008B42ECD8FF2C17D021014B1C019AC25480
:10D3D0000B33029AC250039B614F0022012B0ED0E7
:10D3E0000B1DC25001239B029D4216D9AA05920D26
:10D3F00008D008E00C46E1E7FF2005B0F0BD0B1DAA
:10D40000C550EFE71A4653039B190E461B02083618
:10D410001B0AAA1A8351920A09E0002D00D10125A6
:10D420006B039B191D022D0A0B460833C550891C3E
:10D4300042543D463E782046FFF7AAFE2878B04287
:10D4400015D001F00CFD014628786A68000108300B
:10D45000105800F07BF8012807D928786968000186
:10D460000830085801F0EEFC01E0FFF7E0FE0198FB
:10D47000C3E770B50C46054601F0F1FC06462146AF
:10D480002846FFF7BEFEFF2817D0354D0401204681
:10D49000696808300858314600F058F8012109033E
:10D4A00040186968A41C095D400B002901D089025D
:10D4B0000818002800D1012070BD002070BDF3B510
:10D4C00081B00F460198FFF79CFEFF282AD0244D1B
:10D4D0002E7869683246344604E0844205D02646F8
:10D4E0002301CC5CFF2CF8D11CE0FF2C1AD0A64203
:10D4F0001FD11001085C2870FF2818D001F0AFFC84
:10D500002A780146120168680832805800F01EF837
:10D51000012809D92878696800010830085801F005
:10D5200091FC06E00020FEBDFFF781FE01E001F066
:10D5300091FC39460198FFF79CFF22016968FF239F
:10D54000541C0B558A5C3301CA54FEBD401A0002BC
:10D550000121000AC905884200D900207047000057
:10D56000CC0C00207372635C736F635F74696D65CC
:10D57000722E6300F0B500241C4A01211C4B0803E5
:10D58000546018601B4B1C601B4C20601B480469D6
:10D59000E443E406E617046910252C430461184CA3
:10D5A0006160184D2960761C00E020BF1F68002FC5
:10D5B000FBD0002E03D107691026B743076190689E
:10D5C0008005906801D5104A10436960A160002170
:10D5D00019600121084A09031160F0BD10B5044625
:10D5E000FFF7C8FF2060002010BD000000C500400C
:10D5F00080E100E000C1004080E200E000ED00E0DA
:10D6000000C3004000C0004000FCFFFF70B51F4990
:10D610000A68002A17D000231D4601244A68521CBC
:10D620004A60092A00D34D600E792246B2400E6846
:10D6300016420AD072B60B6893430B6062B6496813
:10D640000160002070BD052070BD5B1C092BE5D377
:10D650000FA1362008F0E7FEF5E70120104980050C
:10D6600008607047EFF31081CA07D20F72B601212C
:10D6700081400648036819430160002A00D162B660
:10D68000EBE7024800210160416070478400002000
:10D690007372635C736F635F6576742E6300000062
:10D6A00000E200E001208107086070470120810747
:10D6B000486070471048C068C00700D0012070471C
:10D6C0000D488068C00700D0012070470A484069B3
:10D6D000C00700D0012070470748C069704706495D
:10D6E0008A69D20306D589698907890F814201D1E8
:10D6F000012070470020704700040040F8B5F84C46
:10D70000207BE17A88421CD00126F64D0027E07A82
:10D71000215C14200A4642435019037C052B11D08A
:10D72000037C062B1CD0037C072B28D0437C012BC9
:10D7300033D0EDA1EF4808F076FE207BE17A8842F5
:10D74000E5D1F8BD0674E07A0A2807D0E07A401CDB
:10D75000E072491CC8B2AA5802210CE00020F7E789
:10D760000674E07A0A2808D0E07A401CE072491C6E
:10D77000C8B2AA5803219047DFE70020F6E70674F5
:10D78000E07A0A2807D0E07A401CE072491CC8B24F
:10D79000AA580821EFE70020F7E74774E07A0A2843
:10D7A00007D0E07A401CE072491CC8B2AA58072191
:10D7B000E1E70020F7E770B50024CF4E0620707235
:10D7C000CE4825464477047738300473C472CC4879
:10D7D00007F035FCCB480575F572CB49601E8860B3
:10D7E0007571B570F57035717570C848643905701C
:10D7F00045701420604340180574641CE4B2052C85
:10D80000F7D30120F5F764F80020F5F761F801205F
:10D81000B071F4F727FDBE48F4F736FDBD4C20701B
:10D82000BD48F4F731FD6070F4F7F2FF70BD10B53C
:10D83000F5F719F8B74C2078F4F744FD6078F4F761
:10D8400041FDAD4C207A002803D0F4F7CAFD00203A
:10D85000207210BD70B5A84CA079002804D0A2A1F8
:10D86000AE4808F0E0FD70BDE07A002803D19EA12B
:10D87000AB4808F0D8FD0126A6710025E572607A54
:10D88000042114225043974A801801749E488168ED
:10D89000491C04D0691E81600120F5F719F80020A9
:10D8A000F5F716F8F4F7FAFF07F00AFDF5F7FBF8BD
:10D8B0009C480560056001209B49C0030860F5F79E
:10D8C00071F992480078022804D0032804D1E07846
:10D8D000002801D0A67000E0A570F5F7D0F870BD63
:10D8E000034680490520142242435218203A127FF1
:10D8F000002A04D0401E0006000EF4D17047142206
:10D90000424351180A46803AD366012220390A77E9
:10D910007047012805D0032805D1002903D1002034
:10D9200070470029FBD010B4734C00236370774A12
:10D93000002890700CD002280AD007291AD20800BB
:10D9400078440079001887441505070D0F1113005E
:10D95000D37003E01B2000E03A20D07001206070FB
:10D9600010BC70475820F8E77720F6E79620F4E7D8
:10D97000B520F2E710BC0020704710B5634840782E
:10D98000F5F798F880B210BD411E1422504310B52F
:10D99000544A8418203C042902D8207F002803D14F
:10D9A00051A1624808F03FFD207F012804D0B32038
:10D9B0004DA1800008F037FD0020207710BD70B524
:10D9C0004E4C607F217F884201D1012500E0002577
:10D9D000F5F709F8F5F76EF8617F227F914201D1E2
:10D9E000012100E00021A942EBD170BDF7B5074647
:10D9F000481E84468EB0C0B2142205905043394A66
:10DA000085180495287C2D1D07282AD1344C002622
:10DA1000E07A227B824221D0235C059A934201D195
:10DA2000012601E0002E04D00A2811D0421CA25C7D
:10DA300022540A280ED0401C227BC0B28242EBD175
:10DA4000002E0BD0207B002806D0207B401E04E057
:10DA50000022ECE70020EFE70A202073049A01205F
:10DA600010746046244C042813D8142041431D48E8
:10DA700008182038007F00280BD00498007C01286B
:10DA80000BD00498007C012803D01098807A0128DC
:10DA900007D015A1264808F0C6FC1098807A012806
:10DAA0006FD104980F4B007C022845D00C4C207B92
:10DAB0000A2872D0207BE17A401C884203D10AA157
:10DAC0001C4808F0B0FC049901204874217B05989B
:10DAD0006054207B0A2864D0207B401C20731CE10A
:10DAE000D80D0020E80D00207372635C72656D2E06
:10DAF00063000000CF0500006C0E0020A00D002088
:10DB0000780E0020C00D00204C0E00208E0000205A
:10DB10002FD200008C000020FDD600007D02000006
:10DB20005E02000000F5004080E200E0CB02000051
:10DB30001503000022030000607A059A0146904216
:10DB400006D0014614267043C018807C9042F8D15C
:10DB5000627A824208D1617A14225143C918897CC1
:10DB600061720121A17207E014224243D2181426E7
:10DB70007143927CC9188A74142206215043C0183C
:10DB800081741098007A062819D201007944097925
:10DB900049188F440812100E0C0AE07A00288ED023
:10DBA00091E700209AE700200FE0B4200DE07320F9
:10DBB0000BE0322009E00A2007E0062005E0FF2004
:10DBC000FDA1E03008F02FFC0020029010980168C1
:10DBD0000298081A28601099097A002912D00221A7
:10DBE000401A0102090A296010980268406810185A
:10DBF0000002000A68601098807A0228109803D00A
:10DC0000007B74E00421EBE7007A002813D00222A5
:10DC1000029810188446109842686046083016181A
:10DC2000E848029A4078904202D9E278002A04D06B
:10DC30003046083005E00422EAE7029A801A80198B
:10DC40000830627A062A1CD0627A14235A43DE4BCB
:10DC5000D2185268914214D0DC4B0793617A142297
:10DC60005143D94A89184A688968D21BC91B1202D4
:10DC70000902120A090A90423AD89A4238D89942BF
:10DC800036D83818801B0002000A286010996044BA
:10DC9000CF4AC9680002000A9446421A01239B0534
:10DCA00007929A4201D2104614E00A1A09929A4247
:10DCB00001D207980EE0079A6346624503D9591AC4
:10DCC0000818401C06E0099A624506D9181A40183F
:10DCD000401C4042002860DC03E0B7A1BD4808F0CA
:10DCE000A2FB286880190002000A686000202872E0
:10DCF0006868082608300002000A68601098407AB8
:10DD0000A8721098007A687203280ED200280CD0EE
:10DD1000FFF7D0FC002803D007E0002011B0F0BDD1
:10DD200002983A210E1A32200290A6480178012961
:10DD300001D0032909D141780298814205D9E078C0
:10DD4000002802D10298081A861928689F4AC01B29
:10DD5000844601026868090AC01B03021B0A029379
:10DD60008E421AD81346914217D80299994214D874
:10DD7000617A062915D0667A6146062203920092DE
:10DD80001422914B7243D2189368DB1B8B4216D836
:10DD90000396967C062EF3D177E0059801F055F9AD
:10DDA000BBE70499022205980A74627A062A00D019
:10DDB000627A8A7460720120A07211B0F0BD062EE2
:10DDC00063D000223146944614227F4B4A43D21836
:10DDD0005368DB1B834229D2917BAB7A99421FD8CF
:10DDE00004980521059C01747B4D287B0A2811D0DD
:10DDF000287BE97A401C884203D16FA1774808F05C
:10DE000012FB287B2C54287B0A2807D0287B401C37
:10DE1000287382E7E87A0028EFD0F2E70020F7E7DE
:10DE200001218C46917C0629CED102E06046002873
:10DE30002AD03546009114202A46424362480621E2
:10DE4000171839741038007B0A28634816D0017BF4
:10DE5000C07A491C814203D157A1614808F0E3FA16
:10DE60005D48017B4554017B0A290BD0017B491C8D
:10DE70000173BD7C0098A842DDD106E0C07A00287D
:10DE8000EAD0EDE70021F3E70096049902204E4D19
:10DE90000874607AB04207D1049900988874059894
:10DEA00060720120A07221E00398062E0FD0062890
:10DEB00003D141A14B4808F0B6FA0398142250430D
:10DEC0004019059981740499009888740EE0062819
:10DED00003D139A1444808F0A6FA0398142250430C
:10DEE000401905998174049906208874012011B0A5
:10DEF000F0BD70B50D463D4A441900210B46101A7D
:10DF00008B4103D22CA13A4808F08DFA394885425A
:10DF100003DD29A1384808F086FA3848854203DA3B
:10DF200025A1374808F07FFA3648844205DA002CEC
:10DF300001DB204670BD334800E03348201870BD37
:10DF4000401E70B5C0B2142148431F494418607B7D
:10DF5000062813D201007944097949188F44020C2C
:10DF60000A080604002068E0B42010E073200EE0E8
:10DF700032200CE00A200AE0062008E0FF200EA173
:10DF8000E03008F050FA617B0020002955D00221D2
:10DF90004018616840180002000AF4F78BFD0C2558
:10DFA0006557124A441900210B46101A8B412FD293
:10DFB00001A10F482AE000007372635C72656D2E48
:10DFC000630000008E000020E80D0020FFFF3F00EE
:10DFD000FFFFFF000E070000D80D00200702000021
:10DFE000C5030000DD030000E3030000FF7F841E83
:10DFF000F50300000020A107F603000000E05EF832
:10E00000F70300000080841E00807BE108F00BFA1B
:10E01000FB48854203DDFB49FB4808F004FAFB4856
:10E02000854203DAF749FA4808F0FDF9F9488442D5
:10E0300007DA002C03DB204670BD0421A8E7F54871
:10E0400000E0F548201870BDF0B5064683B0F348EF
:10E050000190457A029534687068001B0702F04809
:10E060003F0A001B0090062D2DD014202946414365
:10E07000EC480122081884464168E9489205864622
:10E08000081B904210D3631A93420DD30246704688
:10E09000724503D900984018401C05E073450ED91D
:10E0A000411A0819401C404200280CDA60460295CB
:10E0B000857C0198C0790028D5D003B0F0BDD14946
:10E0C000D94808F0B0F90298854226D01421484377
:10E0D000D4490123401802908068D1499B058C46A1
:10E0E000011B8646994210D3221A9A420DD36346E9
:10E0F000614503D900997144491C06E019466245FF
:10E100002DD9091A0819401C4142002905DD029841
:10E11000B17A807B814200D37446062D15D0C14967
:10E120001420454368184268121B1202120ABA42B0
:10E130000BD2B37A827B934200D38468857C0198AA
:10E14000C0790028B9D1062DEAD13068A042B4D0F8
:10E15000E0190002000A3460706003B0F0BDA94904
:10E16000B14808F060F9D8E7F0B5B049044648680E
:10E1700085B0C005C00D1CD0103840B200280CDAA4
:10E180000207120F083A920892005118C9698007D5
:10E19000C00EC1400806800F09E08108A44A89002A
:10E1A000891809688007C00EC1400806800F002842
:10E1B00008D000272078002806D0012804D00020AD
:10E1C00005B0F0BD0127F5E72079062813D201003C
:10E1D0007944097949188F44020C0A080604002082
:10E1E00018E0B42010E073200EE032200CE00A208A
:10E1F0000AE0062008E0FF208249E03008F013F929
:10E2000021790020002905D002214618834D002FD6
:10E2100002D003E00421F8E70020E871694602AA71
:10E22000A068F4F751FC694608228A56E06801A903
:10E2300080180122C01C1F2801DA019209E003AAFC
:10E24000F4F742FC6846007B002802D00198401C8D
:10E25000019000990198401808300002000A0190CE
:10E26000881B0002000A0090607969468872009855
:10E270000390F4F7B8FB009A019B121A181A6D4923
:10E2800012020002120A000A8A4216D8884214D8E2
:10E290006846FFF7D9FE00990398814205D0881996
:10E2A0000002000AF4F706FCA0600120E9790029C9
:10E2B00086D0002FB0D005B0F0BD0020F6E7F3B552
:10E2C0008FB05D480C460B9006F0C1FE5B4A0F997B
:10E2D000524F56185A4D203E00280BD05948007D09
:10E2E000002803D058A15B4808F09DF82078012849
:10E2F0007ED060E1687F0A280CD0687F297F401CAF
:10E30000884203D150A1544808F08DF820780128A4
:10E3100004D00CE0287F0028F4D0F7E7F07F002835
:10E3200003D049A14D4808F07EF80120F077697FBD
:10E330000F9814224A4E51438919087420780228F4
:10E3400022D0687F14214843861920793072607981
:10E35000707232460C323146A068F4F7B5FB0C20DF
:10E3600030560F2804DD1F3830733068401C306091
:10E370000C217156301DE26801905018C01C1F28F6
:10E3800070DA01200199FDE028494868C005C00DF8
:10E3900021D0103840B200280CDA0207120F083AD8
:10E3A000920892005118C9698007C00EC140080642
:10E3B000800F09E081081E4A8900891809688007D2
:10E3C000C00EC1400806800F002804D105201EA100
:10E3D000000208F028F8687F1421484386190021BC
:10E3E000E0686A460691117006A9F4F76DFB00E03B
:10E3F000D7E06A46002010560F2834DD012033E0B4
:10E400000020A107B8DF0000F603000000E05EF87E
:10E41000F70300000080841E00807BE16C0E00206A
:10E42000FFFFFF00E80D00200E07000000ED00E0F8
:10E4300000E400E0FFFF3F00780E00209200002083
:10E44000A00D0020C00D00207372635C72656D2EFC
:10E450006300000011050000EF040000F404000058
:10E46000E00C002082E0002006994018079002206E
:10E47000B0722079307260797072A068311DC01C52
:10E4800006911F2801DA012009E0F4F71DFB684618
:10E490000078002804D0069806990068401C08609F
:10E4A000307A062813D201007944097949188F443B
:10E4B000020C0A08060400200FE0B4200DE07320CF
:10E4C0000BE0322009E00A2007E0062005E0FF20EB
:10E4D000FD49E03007F0A7FF00202179002943D053
:10E4E00002214018069071680830081807990890B2
:10E4F00009180698081A0C900020F871F4F773FABE
:10E5000004463060079820180002000AF060787A0C
:10E51000062825D0797A14204143EC480818406831
:10E520000899029040180002000A0390707A694628
:10E53000887402A8FFF788FD0299039A091B121B31
:10E5400009021202E24B090A120A0C98994207D8F2
:10E55000824205D80299069808180002000A306025
:10E56000F8790028C8D110E00421BAE704AA01997B
:10E57000F4F7AAFA6846007C002804D001980199B3
:10E580000068401C08602078B072687F0A2806D0B6
:10E59000687F401C68770B9806F071FD47E000200B
:10E5A000F8E7F07F002804D0A320CAA1C00007F03C
:10E5B0003AFF0120F077CA490F98087420780228A2
:10E5C00003D1C4A1C74807F02EFFC54E2079307291
:10E5D0006079707232460C323146A068F4F774FAF2
:10E5E0000C2030560F2804DD1F3830733068401C73
:10E5F00030600C22B256301DE16801908818C01CB2
:10E600001F2802DA012001990BE003AA0199F4F70F
:10E610005BFA6846007B002804D0019801990068E5
:10E62000401C08602078B072AD4901200875687FF1
:10E63000297F884224D07C7A062C23D0F4F7D3F9A2
:10E6400014214C43A14961180A7C042A18D00A7C81
:10E65000032A15D04B6889681B1A081A1B0200028E
:10E660009B4A1B0A000A082B0AD31146934207D87B
:10E67000884205D8687F297F884201D0F4F7FFF9E6
:10E6800011B0F0BD687F297F8842F7D111B0F0BD8D
:10E6900010B50020F4F709F910BD10B50120F4F70A
:10E6A00004F910BDF1B5009802281ED08E4C607A96
:10E6B000062803D187A18D4807F0B5FE0026A67174
:10E6C0000125E572607A03211422804F5043C0195E
:10E6D0000174F4F7D9F9009800280BD0012829D04B
:10E6E000032879D07BA1824844E082480078F3F780
:10E6F000EFFDF8BD8048007F002803D075A17F485A
:10E7000007F091FE65717C4D00202E60F4F7E0F873
:10E71000A968481C04D0012300221846F4F70EF91A
:10E72000607A617A401CC0B2142251437A580121A8
:10E730009047F8BD0120F4F7CBF8607900280DD0A0
:10E740006D488068401C09D0607A617A401CC0B274
:10E75000142251437A5806219047F8BD6648007F3D
:10E7600001280AD0022812D0032822D0042834D04D
:10E7700058A1634807F057FEF8BD2079002803D060
:10E780002671F4F786F9E5705B480677F8BD207AC4
:10E79000002802D1F3F7FCFD2572607A617A401CF3
:10E7A000C0B2142251437A5800219047524806774C
:10E7B000F8BD514F0123397B78680022411A184671
:10E7C000F4F7BCF82079002803D02671F4F761F93A
:10E7D000E57002203877F8BD19E0474E217870685F
:10E7E0000123411A00221846F4F7A8F8207A0028DD
:10E7F00002D1F3F7CDFD2572607A617A401CC0B278
:10E80000142251437A58002190473577F8BD607A39
:10E81000617A401CC0B2142251437A5805219047B6
:10E82000F8BD10B5304C607A062803D129A13548CF
:10E8300007F0F9FD607A617A401CC0B2142251439E
:10E84000224A52580421904710BDF0B583B00620EB
:10E850000290F4F7C8F8244C0090617A2A4801909D
:10E86000062920D0617A1420414318480918097CF0
:10E87000042918D0617A142251430818007C032817
:10E880007BD0019900980B6849681B1A081A1B0273
:10E8900000020F4A1B0A000A082B6ED3114693424E
:10E8A0006BD8884269D814488068401C03D009A1FD
:10E8B000164807F0B8FD00206071607A06282CD158
:10E8C0006078002829D023E0B8DF0000E80D0020A0
:10E8D000FFFF3F007372635C72656D2E6300000082
:10E8E000C00D00201E0500006C0E00204F0500002A
:10E8F000A20500008C0000204C0E00205B050000EB
:10E9000096050000A90500005C0E0020E50500004A
:10E91000FE48C178417081780170607A062815D070
:10E92000607A1421FA4A48438018007C04280DD1EB
:10E93000607A0290607A0121142358438018017490
:10E94000607A58438018807C6072A172F14D687FB4
:10E95000297FF14F884233D0F04E287F142148435D
:10E960008019007CC05D0128287F07D048438019AA
:10E97000007CC05D02282FD044E0FDE11421484313
:10E980008019807A01280AD0287F0221142250435E
:10E990008019007CC155287F0A2808D009E0287F0B
:10E9A0000021142250438019007CC1552AE0002028
:10E9B00001E0287F401C2877687F297F8842CCD1DE
:10E9C000D74D287D00284CD0287CC15D012928D056
:10E9D000C05D022830D03AE0287F142148438019D6
:10E9E000807A012803D0CFA1D14807F01CFD297FF0
:10E9F00000201422514389198872297F51438919B3
:10EA0000097CC855287F142148438219287F484330
:10EA10008019017C0098FEF7E9FF287F0A28C8D1F9
:10EA2000C5E7A97A012904D00221C1550020287523
:10EA30000DE00021C1550AE0A87A012803D0B9A150
:10EA4000BC4807F0F0FC0020A872297CC855287D3E
:10EA5000002806D0297CB24A0098FEF7C7FF0020A4
:10EA60002875029806281ED014214843A84940184A
:10EA7000017C012917D107210174AF4D287B0A2899
:10EA80003CD0287BE97A401C884203D1A5A1AB4841
:10EA900007F0C9FC297B02986854287B0A2831D0EA
:10EAA000287B401C2873607A06287DD0A07A002835
:10EAB0007BD00020A072617A1420414394480E1844
:10EAC0009F49B56873680A46F6687C32CB679660E2
:10EAD00055609C4D697E002916D00226617A142269
:10EAE0008B4851430818407B06281BD2010079440B
:10EAF000097949188F440A1412100E0CE87A00287C
:10EB0000C4D0C7E70020CDE70426E7E700210FE0E7
:10EB1000B4210DE073210BE0322109E00A2107E066
:10EB2000062105E0FF208849E03007F07CFC002149
:10EB30002973687E022801D0012810D12869009A23
:10EB40004018821A1202120A3A2A08D932380321CE
:10EB500000026976000A28613220287308E0322911
:10EB600006D2207A00280AD1F3F712FC012005E032
:10EB7000207A002803D0F3F734FC00202072634988
:10EB80000822487820700978012901D0032906D18C
:10EB900001212171297B884201D9421A0832A378C8
:10EBA000002B00D0921C01E08DE09BE02179002930
:10EBB00001D1002B5DD09446644A00990092019ADD
:10EBC000176852687F1A511A3F0209023F0A090A60
:10EBD000BC451BD85D4A974218D8009A914215D877
:10EBE000297B884223D92B69421A9A1A1202120AE7
:10EBF000101880190002000A2A616860002914D0E8
:10EC0000032028770006000E3ED14CE00020207142
:10EC1000A070297B002925D028694018801900029E
:10EC2000000A6860022028772EE00120E9E781428F
:10EC30000BD92A69511889190902090A6960002843
:10EC400001D00420DDE70220DBE7002B03D135A152
:10EC50003F4807F0E8FB286980190002000A686055
:10EC6000002004E0296989190902090A69602877E6
:10EC700019E0287B00280FD02969081880190002A4
:10EC8000000A686002202877286901238119002280
:10EC90001846F3F753FE09E0286980190002000ABC
:10ECA0006860002028770120F3F712FE607A1421B3
:10ECB000484317490C2240188256012300206968F6
:10ECC000F3F73CFE0EE00120F3F702FE0020F3F71D
:10ECD000FFFDF3F7E3FD207A002803D0F3F781FB73
:10ECE00000202072A078002804D0F3F7D2FE002084
:10ECF000E070A0706078002804D00448C1784170AA
:10ED000081780170207900282BD023E08E0000202C
:10ED1000E80D0020A00D002091000020E00C002054
:10ED2000C00D00207372635C72656D2E630000007D
:10ED30000706000023060000D80D0020350600005D
:10ED4000E00D00204C0E0020B8DF0000FFFF3F0068
:10ED5000870600000020CF49E0700978002900D123
:10ED60002071CD48017BC07A814203D0CB484078E6
:10ED7000F3F7AEFA0120E07103B0F0BDF0B5C84C76
:10ED80000746607A83B0062803D1C6A1C84807F0B9
:10ED90004AFB607A1421C74E48438019007C03283F
:10EDA00003D0C0A1C44807F03EFBC44DA868401C76
:10EDB00003D0BCA1C24807F036FB607A1421484357
:10EDC00081190C20085600216A4600911171C01962
:10EDD00001AA6946F3F778FE6A46042010560F2808
:10EDE00001DD012000E0002000994018696840180A
:10EDF0000102090AA9606079002804D001230022D9
:10EE00001846F3F79BFD03B0F0BD70B5AE4CAD4AAC
:10EE10000B1AA34214D3451AA54211D3934203D926
:10EE2000101A43185B1C0BE0954204D9511A0818BC
:10EE3000401C434204E0A549A54807F0F4FA00232A
:10EE4000184670BD10B50146012300220220F3F7D9
:10EE500075FD10BD10B50220F3F73AFD10BD10B5D9
:10EE6000F3F7C1FD10BDF0B58D4D0446E87A83B0CF
:10EE7000002803D18BA1974807F0D5FA642C4DD315
:10EE8000954900200246091B824147D39348417FA0
:10EE9000007F814242D19248007D00283ED1687AAD
:10EEA0001421844F4843854EC519306801AA0019C2
:10EEB0006946F3F709FE694604200856002802DD7A
:10EEC0000098401C0090A96800986B680A18D21A34
:10EED0001202844B120A9A4220D8AA7C062A08D031
:10EEE00014235A43D2195268511A0902090A81425D
:10EEF00014D3B068401C05D00120F3F7E9FC0020D2
:10EF0000C043B060306800193060A86800994018AC
:10EF10000002000A7061012003B0F0BD002003B0C0
:10EF2000F0BDF8B50646401EC5B2142061496843DD
:10EF30004418207C002803D15AA16B4807F073FACB
:10EF40006648017F407F81420CD0684A14234B43BE
:10EF50009B181B7CB3420CD00A290CD0491CC9B2A7
:10EF60008142F3D15E48017D002964D0007CB0422B
:10EF700061D10020F8BD0021F1E7217C052905D0F1
:10EF8000217C062902D0217C072928D10121217466
:10EF9000C17A0023027B8A4221D00246565CAE42EF
:10EFA00001D1012301E0002B04D00A2911D04E1C0D
:10EFB000965D56540A290ED0491C167BC9B28E4262
:10EFC000ECD1002B0BD0117B002906D0117B491E00
:10EFD00004E00026ECE70021EFE70A211173617CD1
:10EFE00000292AD06774C17A0023027B8A4224D088
:10EFF000425CAA4201D1012301E0002B04D00A297E
:10F0000012D04A1C825C42540A290FD0491C027B50
:10F01000C9B28A42ECD1002B0FD0027B0146002AF4
:10F0200006D00A7B521E04E00022EBE70021EEE747
:10F030000A220A7301E018480027217C01299CD18B
:10F04000617C002999D10120F8BD70B505461420D6
:10F05000184A05216843801801740F4C207B0A2848
:10F0600011D0207BE17A401C884203D11749204807
:10F0700007F0D9F9207B2554207B0A2807D0207B74
:10F08000401C207370BDE07A0028EFD0F2E700202A
:10F09000F7E700008E000020D80D00208C00002033
:10F0A0006C0E00207372635C72656D2E630000004D
:10F0B000EA060000E80D0020EB0600004C0E0020E0
:10F0C000EC060000FF7F841E0020A107B8DF0000CF
:10F0D0000E0700002D070000FF1FA107A00D002054
:10F0E000C00D0020FFFF3F006A070000E00C002079
:10F0F0000702000070B5FF4D00246C702C70AC61ED
:10F1000000F0CEFC284620304470C473AC6214304A
:10F110002C6305F094FF002804D0FF20F6A14E30A8
:10F1200007F081F92C7770BD0B23DB4310B5C21AB1
:10F13000F54998421FD008DC1C3222D00A2A20D080
:10F14000142A1CD0182A08D117E0083011D004283E
:10F150000DD0082809D00C2805D0FF20E6A1753075
:10F1600007F061F910BD04200CE000200AE0FC204B
:10F1700008E0F82006E0F42004E0F02002E0EC20B3
:10F1800000E0D820C86010BD70B50125DF49022617
:10F190000E60DF490022CA63CD63DE49C96A0907F0
:10F1A0000ED4DC494031CB6ADB4A53620B6B93626D
:10F1B0004B6BD3628B6B1363C96BD30519435163DC
:10F1C000D14C002826D0012828D0FF20CAA1A13088
:10F1D00007F029F9D148A063FF200430606325635C
:10F1E00003202061C849962040314860C1491C2055
:10F1F0000856FFF799FFCB49C9488860C948CA49F2
:10F2000080304160C9490160C9480660C949102081
:10F21000486070BDC8486061C84803E0C848606184
:10F22000C648801FA061D5E770B50C46B14D0146B8
:10F230000622A81C06F079FF2C7270BDAD48203064
:10F2400040787047AB4A517010707047F8B504466B
:10F250000D465079117900020843690009190884A4
:10F260001F461646501C06F0C1FF317800020843C5
:10F27000A90060502846083001268640002F0ED095
:10F28000012F04D0FF209CA1E83007F0CCF8206BC0
:10F29000304301460120A84001432163F8BD206BA3
:10F2A000B043F6E770B50D460446082904D9FF209F
:10F2B00091A1F93007F0B7F80022A24809E09100C7
:10F2C000635809180B6053001B191B8C0B62521CEE
:10F2D000D2B2AA42F3D3206B9A494031086070BD84
:10F2E00010B50446FFF720FF8248047710BD81481F
:10F2F0002030007B704710B5834CC178616206F006
:10F3000075FF0002E06110BD252808D0262808D02E
:10F31000272808D041000A2807D8091D06E0022145
:10F3200005E01A2103E0502101E0891DC9B2764AA7
:10F33000916075494031486170476E4988617047F6
:10F3400070B5002818D002226A4C784B0320A272B4
:10F35000F0331860734D72486860002001262075F4
:10F3600000290BD0012910D002291BD0952062A1C1
:10F37000800007F058F870BD0122E5E77248012AC5
:10F3800001D0466070BD066070BD5A48012A006B0E
:10F3900005D00121490508432063696070BD012142
:10F3A0000905F8E7A069002803D153A1674807F0D1
:10F3B0003AF8A169A06A40186549886059486549CA
:10F3C0008030816060491031C1600120216BC00331
:10F3D00001432163686047482030C67370BD08B59B
:10F3E0000C20694608705148002110380161564AC6
:10F3F000012111610BE000BF00BF00BF00BF00BFD3
:10F4000000BF00BF00BF6A461178491E11706946EF
:10F410000978002902D001690029ECD068460078FB
:10F42000002804D1494834A1203006F0FCFF08BD73
:10F43000F8B53E4CF034206886083E48B600416876
:10F44000C906CD0F10218160002727603549344857
:10F450008860FFF7C4FF35481038076100F020FBD3
:10F460002660002D02D0334910204860F8BD10B549
:10F4700006F0BCFE00022449000AC86310BD2349FF
:10F48000022008602A49086070472049022080391C
:10F4900008607047304908707047164810B534301E
:10F4A00005F0D5FD002804D0284813A15A3006F0F5
:10F4B000BAFF10BD0F4810B5343005F0E0FD10BDA7
:10F4C00011494860704770B50A4D0446A86AA042C9
:10F4D00004D31E4808A16B3006F0A5FF0120287355
:10F4E0001C49002008392C6148601948446000F02C
:10F4F000DEFA70BD7C0E00207372635C68616C5F25
:10F500007263732E630000000015004080E100E08C
:10F51000C01F004080000010001700405B06000084
:10F520000040000400F50140408000401011004000
:10F5300080E200E000130040060102002500030203
:10F5400005010300001600400010004047020000C3
:10F5500040850040488100409700002010B5FF48DA
:10F5600002210173C6210161FD4A00215160806AB8
:10F57000FC49C630486000F09AFA10BD0121FA48F3
:10F5800089058160F548026B8A430021026301739B
:10F590007047F64801214160C160F1490020486090
:10F5A000F0494860ED4988627047F149402008629F
:10F5B000F0490A6802430A607047EE480168402239
:10F5C00091430160EA49002008627047E9480168F8
:10F5D000102291430160E849012088617047E749A2
:10F5E0000020C861E34801681022114301607047A0
:10F5F000E249CA69012A01D000207047DC4A9268BA
:10F600005206520E524202700020C861012070471B
:10F6100070B5D248D24D017B002902D0696801291A
:10F6200009D00024D5490A69012A06D00023807A2E
:10F63000012804D006E00124F4E74023F7E7CA6874
:10F64000012A04D000221A43012802D004E020221B
:10F65000F9E74B68012B05D000231343C84A022861
:10F6600002D007E01023F8E71668012E02D1CE6819
:10F67000012E04D000261E43022802D007E00826EF
:10F68000F9E71268002A02D1CA68012A04D00022D0
:10F690003243022802D005E00422F9E7002C01D011
:10F6A000022300E000231343022807D14868012801
:10F6B00004D16868012801D0012600E00026B14885
:10F6C0001E4302681206120E02D04A69012A00D0B7
:10F6D0000022A24C2034227300680006000E02D0E3
:10F6E0008869012800D000206073A148006A0028C2
:10F6F00003D000F0A8FA012800D00020A07300F089
:10F70000C7F9002068603046F3E670B50C00054686
:10F7100003D19D499D4806F086FEE00706D0012CE6
:10F7200004D06D209849C00006F07DFE002D0ED05B
:10F7300002218A4801294172C4728E4809D00229E7
:10F740000AD0924890491A3006F06DFED1E60121A8
:10F75000EFE70168042201E001680822114301601B
:10F76000C7E670B57D4C0022E37A990701D54107C1
:10F7700014D47A49DD062031002D05DA4D7B002DA9
:10F7800002D08D7B002D09D01D0702D50D78002DEC
:10F7900004D15B0703D54978002900D10122637A9F
:10F7A0007449002B06D00225284010430CD0FFF7E7
:10F7B0003FFE9EE66C4A76489060086880088000AC
:10F7C000086000F06DF994E6012B07D0022B0ED0F3
:10F7D0006E486D496B3006F026FE8AE60868042202
:10F7E0009043086000F05CF90120A07281E608688F
:10F7F00008229043086000F053F9A57279E6574952
:10F8000008757047F8B5554F544D2037FA7B564C64
:10F810000021286B002A31D00122D203A26090433C
:10F820002A46544D10632E685A4A102090600020DA
:10F8300028601014A060FFF7D2FD00F029F92E60B7
:10F84000281460605349102048604448817A4A482F
:10F8500001290DD002290ED04C484FA1801F06F07F
:10F86000E2FD0020F8733D48007D022874D0F8BD09
:10F8700001210160F5E701214160F2E73A4A906019
:10F880000E462963FFF7C4FE044636482E754168CC
:10F8900069620068A862AA7A022A0AD16A78002AF4
:10F8A00007D0334B403B5B681B7813402A789A4360
:10F8B00008D03E70E20708D0084603F04AFD012157
:10F8C000A86A09E001223A70F4E7A10601D50221F5
:10F8D00002E0A10702D5002103F04BFD2448403887
:10F8E00041680622A81C093106F0F2FB002809D164
:10F8F0001F48297A403840680078C009814201D108
:10F90000012000E0002078702046FFF72AFF2648FB
:10F91000007800280DD001284AD002285BD00328A7
:10F9200078D01DA1214806F07EFDA87A022870D06B
:10F93000A3E0A00701D502F0EDFB200702D50120CE
:10F9400002F020FC600702D5002002F01BFCA0069C
:10F95000EBD502F07CFBE8E793E000007C0E002092
:10F96000408100404085004000F50140008000409B
:10F9700040150040001200400010004000110040FF
:10F980000014004040160040F8F40000630300003B
:10F9900000400004001300407372635C68616C5F98
:10F9A0007263732E6300000097000020E6040000DD
:10F9B000A00701D504F0BBFF200702D5012004F009
:10F9C00021FF600702D5002004F01CFFA006ACD583
:10F9D00004F0A4FEA9E7A007BF27002802DA3C40F4
:10F9E000F3F702FB200703D53C400120F3F7FBFAB5
:10F9F000600703D53C400020F3F7F5FAA00602D5D6
:10FA00003C40F3F7EFFA60068FD5F3F7EEFA8CE798
:10FA100000E012E0A00701D5F3F7EAFA200702D5CB
:10FA20000120F3F7E4FA600702D50020F3F7DFFACC
:10FA3000A00690D5F3F7DAFA77E7287B00281CD0E8
:10FA40001F494E6002281FD0012803D01D491E48BF
:10FA500006F0E9FCA96A2869884204D81A481949BD
:10FA6000401C06F0E0FC2969184841600120296B20
:10FA700080050143296316494860287D012800D08C
:10FA8000F5E6F3F7C5FAF8BD2969A86A4118EBE76E
:10FA900010480021C160016141604161816170478E
:10FAA0000D480021417281720121C17270470A48DC
:10FAB0000121026B89050A430263054841607047D2
:10FAC0004081004098F90000FB04000040850040A0
:10FAD00000F50140001100407C0E00202E4800215E
:10FAE00001704170704770B5064614460D460120FE
:10FAF000F1F758FC28490120284B08709E60DC6013
:10FB00001D6170BDF8B504460120F1F74BFC224998
:10FB10000120087021494C60214900264E600321D4
:10FB2000204D0906A960204F002C0AD0012C03D0DB
:10FB30001EA1412006F077FC3E60032000066860AD
:10FB4000F8BD386001200006F9E710B512480178C9
:10FB500000290ED00321134A0906916010494A6812
:10FB60000021002A03D0154A1268427000E041705B
:10FB700001700020F1F716FC10BD0748017800293C
:10FB800007D007484068002802D00C480068C0B27F
:10FB900070474078704700009800002000F5004052
:10FBA00000F1004000F5014000F200407372635C18
:10FBB00068616C5F63636D2E6300000000F40040B9
:10FBC0003A4800210170417010218170704770B572
:10FBD000064614460D460220F1F7E4FB01203349A6
:10FBE000334A0870E41E14619660556070BD10B50C
:10FBF0000220F1F7D7FB2D49012008702D48002184
:10FC000001604160816001202B49C005486010BD42
:10FC100010B5264C2078002811D001202649C005B7
:10FC2000886000F034F80021002804D001206070C2
:10FC30002248006801E061701020A070217000204F
:10FC4000F1F7B0FB10BD10B51848017800290BD0B2
:10FC500018480068002805D000F019F8002800D0E6
:10FC6000012010BD022010BD407810BD10B50F4816
:10FC70000178002909D000F00AF8002803D00F48C5
:10FC80000068C0B210BD102010BD807810BD0948BA
:10FC90000168002905D04168002902D08068002849
:10FCA00001D0002070470120704700009A0000201A
:10FCB00000F5004000F1004000F5014000F4004074
:10FCC000FFB593B0044600201D9E049015981C9D1E
:10FCD0001027082806D0E06901F014F8002809D0A0
:10FCE0003770CCE028880921384328801F980227E4
:10FCF000017016E0E169012088710521E269C902FD
:10FD00009180E1698872E169F9480881E169002020
:10FD10008873288820210843288011211F980427F0
:10FD200001701F980225801C0390307810900A20E3
:10FD30003070204618301190F6F76BFC00206FE011
:10FD40001598102809D1022D07D06846828A049997
:10FD50000398401A8270110AC1706846C08A1699C9
:10FD6000884203D9E349097A149106E0884204D114
:10FD70001099002901D0317021E003990870000A20
:10FD800048701E980088401BC01B83B2FF20C01B18
:10FD9000984200D203460398149AC0190CA9009205
:10FDA000019002912020015D6846C08A0022F6F78A
:10FDB000A5FC3070002806D0C0B2832862D0684607
:10FDC000C08A208345E00F98002805D0C948006804
:10FDD00000790A2830D33CE06846008EC119C9B2C8
:10FDE0000491022D0FD01F99049A4978914203D1B2
:10FDF0006A46128C824209D0BE480491006801789C
:10FE0000032909D027E008461F994870B9480068BF
:10FE10000178042906D008E000790A281BD20120C5
:10FE20000F9009E06946C98A8180039904980818EF
:10FE300003900498281885B205AA14991198F6F72A
:10FE4000EBFB002805D11E980088401BB84200DB60
:10FE500076E7022D0ED01598102807D1049A039941
:10FE60006846808A891A8870000AC8701E980580C2
:10FE7000002030709F4800680078032802D00020DE
:10FE800017B0F0BD0220FBE7F8B50446406B002632
:10FE9000134600282BD0491F8DB2618F2A460832A5
:10FEA000278F8A18BA4221D89A7840185F781102B1
:10FEB00039430170090A41701A79DF781102394318
:10FEC0008170090AC1700571290A41712A46591DBC
:10FED000801D06F02AF9608FAD1D401980B2608741
:10FEE000626B002110180170417000E00926304655
:10FEF000F8BD30B50B88048F9C4212D9446BE018D2
:10FF00004478057824022C430BD0447905792402E7
:10FF10002C436404640CA41D1B190B80106000208A
:10FF200030BD822030BDF7B588B000256846058217
:10FF300005275DE00398417802780E021643417967
:10FF4000027908021043000452D40A980123068063
:10FF500005A802905B02002200970195304609999E
:10FF6000F6F7CCFB04004AD16846018A0183039866
:10FF70004179027909021143437802781C02144343
:10FF8000B4421ED10A041CD44B0401215B0C89032A
:10FF900000950B4301970295C17880780A020243CD
:10FFA00020460999F6F7C6F9040011D1039948795A
:10FFB0000A79000210430122D20310430871000A9B
:10FFC000487103AA06A90898FFF793FF0400CED052
:10FFD0000399009501970295487809780002084333
:10FFE00069468B8A00220999F6F7A4F9822C06D17A
:10FFF00003AA04A90898FFF77CFF04009AD068467A
:020000040001F9
:10000000058209E003984179027909021143490404
:10001000490C0171090A417103AA04A90898FFF764
:1000200068FF0028EED0822C02D020460BB0F0BD35
:100030000020FBE730B50446406B002597B0002850
:100040000DD00B2268460270228F0281606B0391F3
:10005000019000216846F3F7E2FA6846057065638F
:100060006587258717B030BDF8B50F460546696B23
:100070000020069E144600290FD0012B0DD13246D8
:1000800039462846FFF74FFF002806D1002C04D040
:1000900032463946284600F044FEF8BD0022028070
:1000A000C262831D0263C3614263428702872030BC
:1000B0000170704710B50022D24302800420FDF782
:1000C000FEF910BD10B596B00446FFF7B3FF208EC1
:1000D000002808D0012069460870E06A01900021DC
:1000E0006846F3F79CFA0020E062206316B010BD6A
:1000F00001280000B40E00200146098800200A07EC
:1001000000D501200A06120F01D002221043CA05B1
:1001100001D5042210438A0501D510221043490558
:1001200001D5202108437047FFB5A9B00600329DD4
:10013000359C2B981F46229016D0007841060FD48C
:100140008106890E1E2909D021884A05520E0BD13D
:100150003A88172A08D3FE4A914205D0C10906D031
:100160008006800E122802D003202DB0F0BD20465C
:100170002C302690F7492A980872002018AA03907C
:1001800010726A46107404AA0A60339A4A6020AA60
:10019000908090812298007801908106681C1C90C4
:1001A000701F1D902B98890EC21C2492224620326B
:1001B0001B92083A401C02920B0006F025FA1FFD24
:1001C000FD11FD1FFD8EFDFCFDFBFDFAFDF9FDFCA3
:1001D000FDF8FDFDFDF7FDF6FDFDFDFDFDF5FD0066
:1001E000032E76D102E018A9087219E303202870C3
:1001F0001C9917220A7000224A70CFE2052EF0D116
:100200004178027808021043208320A98880249A2C
:100210005178127809021143618300287ED0884208
:100220007CD800202072E080401E60840298F6F79F
:10023000F0F905202870A81C0190022000901BAA4C
:100240002A990298F6F7E8F9002868D118A8807C66
:10025000012803D002206870102002E0012068709D
:1002600002202490002225A91CA8F2F746FD0028B0
:100270002BD120A8007D2499814226D13A8800996B
:10028000801C511A814220DB10A8C18D0198017099
:10029000090A417001991CA8891C01910099019AD1
:1002A000891C009125A9F2F728FD20A8007D01995D
:1002B0001BAA091801910099081880B200902A9988
:1002C0000298F6F7A9F90028CCD00098022826D089
:1002D00064E272E018A9087261E2072E6DD34178DA
:1002E0000346027808021043208320A98880249ABC
:1002F0005178127809021143618300280ED0884298
:100300000CD8012020725879197900020843E08046
:1003100000202073E06900F0F5FC01E098E0A9E01E
:1003200000280ED1E169012088710521E269C90226
:100330009180E1698872E16987480881E16900205C
:100340008873F01F60842298C01D60620298F6F7DF
:1003500060F907202870681C00900120019000209F
:1003600010A9C8852FE00198012814D0E069807990
:10037000012830D000981E38417F007F09020143D8
:1003800000980170090A41700098801C0090019843
:10039000801C80B2019010A8C18D00980170090ADC
:1003A00041700098801C09E00AE296E13BE1DFE041
:1003B00004E29BE077E036E016E2AFE000900198BF
:1003C000801C80B201901BAA2A990298F6F724F9A2
:1003D000002803D007E010A8818DD1E73988019863
:1003E000081A0428BFDA0198012843D0E06980790F
:1003F000012804D010A8818D5548814206D110A84B
:10040000818D00980170090A417009E000981E383A
:10041000417F027F0802009910430870000A48706B
:100420000198801CBAE1072E01D0152E76D14178B3
:10043000027808021043208320A98880249A5178EA
:100440001278090211436183002801D0884201D942
:1004500001203FE7012020720020E0802073052E5C
:100460000AD01D982299E269C0B2491DF2F71FFC1B
:10047000002801D00A202DE70020C04360841AA87C
:10048000019023A9229802970395009100780023F8
:100490008206920E20462A99FFF712FC0390208BC9
:1004A00020A988807BE1032EC0D1402220A98A8127
:1004B0004178027808021043208320A988802A9975
:1004C0001EAB1C9A02930192009139880022491EAA
:1004D0008BB21B990978F6F711F918A90872002850
:1004E00033D10B20287010A8008F3FE0052E9DD13E
:1004F000802220A98A814178027808021043208353
:10050000249984464A78097812020A43628420A911
:1005100088801248824202D30720DBE6AFE03F200A
:100520008002024362842A981FAB1C9902930191B6
:1005300000903888401E83B21B9801786046F6F719
:10054000DDF818A9087200280CD08328AAD107E08A
:10055000FFFF0000B40E002001280000010200008F
:100560000220B8E00D20287010A8808F401C15E1F3
:1005700001990C22C9095143C91CB14204D90198FF
:1005800040067CD5002009E1427803781002184328
:1005900020AA9080844622980078400609D505203C
:1005A0006A46107422980078C00905D000201074A3
:1005B0001DE106206A46107424981F902A9A009024
:1005C0000023701A029383B21E9001921B9800229E
:1005D00001786046F5F7AEFE18A908720022694658
:1005E0000A74832801D102200390229800784006E3
:1005F0000DD52088C00506D520A9208B8988884282
:1006000001D100206062002018A90872C6E0FF2115
:10061000013120A88181808820831E9860841F98E2
:1006200060621320B8E0052E29D3417802780802D1
:10063000104320A98880218F002902D0FE4A9142D0
:1006400006D10A216A4611740121C943218702E0BB
:1006500007216A46117422992A9A491D0192009134
:1006600001221D990023D203029311438BB22499D6
:100670004A78097812020A431B99097800E0C9E018
:10068000F5F758FE18A90872002269460A7401227B
:10069000520220A98A81832808D0002809D0218FFE
:1006A000E54881427ED10020208778E08888208339
:1006B0004DE7606B002808D031462046229AFFF7AC
:1006C000E3FB18A90872002869D12B463A46304648
:1006D000229900F056FB039061E02298022E4078A8
:1006E00001907DD1002801D0012879D108206946E8
:1006F00008740198087521A800901B9800220178C1
:100700002046019BFFF7B0FC6946002248758A75B8
:10071000002802D10198012809D0208F002806D096
:10072000002008740120800220A988810EE004A81E
:100730003399F2F774FF0390002069460874012092
:10074000800220A988810398022807D0BB4800684E
:100750008079002805D018A908722BE00198208321
:100760001DE00398002803D0812018A9087240E0FA
:1007700021A800901B98012201782046019BFFF7D9
:1007800073FC18A9087220463499FFF753FC18A986
:10079000087A002803D11920287001203880684683
:1007A000007C00E03CE0002804D004A83399F2F774
:1007B00036FF0390039800282ED01AE0062012E599
:1007C0002078000713D5012E11D109216846017444
:1007D000A188818204203499FCF771FE082100E091
:1007E00005E020A88181CDE60198400612D50320BE
:1007F000039020A9208889890843208020A988891E
:100800004005400E04D026992B98086026988680D3
:100810000398AAE40420E6E418A8007A00280ED081
:100820000120287022980078687020A88088A8701D
:10083000000AE87018A8007A28710520388020A9DD
:100840002088898988432080E2E7FFB50746A1B068
:1008500000201C903A7801209040794A7C68104032
:1008600010AA1087744B22885B1C9A4203D0002880
:1008700004D0100702D5012025B0F0BD249E002031
:10088000307023980025028810A8028518A80575E5
:100890006A4B68461972057404A8186020462C300B
:1008A0001B902A985860249E94463878721C052123
:1008B000039201282DD0022808D003287DD130785A
:1008C000800980011D303070B889A08038780228F6
:1008D00004D13078800980011B303070F01C1FAAD1
:1008E00001900292009110A8008D0022C01E83B2D8
:1008F0002020015DB889F5F701FF0028DED10398BB
:10090000B9890170090A417010A9888FC01C088537
:1009100028E1787B18AA10753A7B012A02D0022AB6
:10092000CCD1FCE022887F231B011A4010AB1A8730
:10093000802A4AD006DC102A10D0202A0ED0402A65
:100940000AD124E0FF3A013A65D0FF3A013A79D062
:10095000FF3AFF3A022A76D00525A2E02078C006A9
:1009600001D5082000E010201C9004206A46107475
:10097000002090821AA81DAA1EAB03960192029035
:1009800000933B8A20461C9AFFF79AF984E0228B59
:100990003B8A9646934268D10A221C92002839D19C
:1009A000039801906046401E1FAA83B20292202045
:1009B0000091015D0022704600E0BAE0F5F79EFE6E
:1009C000014618A801750B201AE0228B3B8A964637
:1009D00093424AD10C221C92002862D103980190C4
:1009E00060461FAA401E0292009183B22020015D42
:1009F000628C7046F5F782FE014618A801750D203D
:100A0000307010A8818F491C01850421684601744B
:100A1000218B818245E0238B3A8A9C469A4224D1DD
:100A200012221C9200283CD1606A002813D00022B8
:100A30006B4607C3638C07E0FEFF0000B40E002086
:100A400009F800000DE04BE02020015D6046F5F75D
:100A500071FC18A9087513203070012010A90885B1
:100A60001FE0398A228B914201D00425B6E016217D
:100A70001C91002815D11B98818802682046FFF739
:100A800003FA18A9087500280BD11B983346016892
:100A900080881AAA00F075F9054602281BD0042D9B
:100AA00019D01B988088002811D06846007C002847
:100AB00004D004A82A99F2F7B2FD05460120694640
:100AC00008741B981B990068059000208880002DF1
:100AD00048D0052D2ED06846007C032878D07DE0D4
:100AE00018211C91002806D0388A20832046B96836
:100AF000FFF7A0FAD5E72046183000902020015DCE
:100B0000237E01222046FFF7AFFA18A908750028B6
:100B1000ECD119203070012010A90885E6E7208863
:100B200001214902084010A90887FF38FF38022830
:100B300006D0052510A92088098F884320804DE024
:100B4000208F9849884290D116201C90386900283F
:100B500005D06063B88A20870020608702E000200B
:100B6000C043208710A8008F7F21090102468A43D5
:100B70000DD0782300220420B968FCF7FBFB3878FD
:100B8000A07010A92088098F0843208002E02188E6
:100B9000814321806846007C002805D08248416856
:100BA00004A8F2F73CFD054618A8007D002815D0E2
:100BB0001C98707001203070208BB070000AF070AB
:100BC00018A8007D3071052110A8018506E0FFE717
:100BD0007548416804A8F2F722FD05467248017A7B
:100BE00020884005400E22D11B98808800281ED006
:100BF000239A0026138810AA1385249A2A9B6F46ED
:100C00004CC71B9A039412681AABFFF78DFA05467E
:100C100002280CD00120694608741B982A990068A4
:100C2000059004A8F2F7FBFC05461B98868010A8E7
:100C3000018D2398018028461EE600B597B0042850
:100C400007D102206A461070019100216846F2F730
:100C5000E6FC17B000BD10B5534C037800222168A4
:100C6000012B02D0022B42D126E00B78002B01D0C1
:100C7000042B03D10A712268032111702168838833
:100C80000A79D200921D8B5221680A79D20008326B
:100C90008918C2880A80216803890A79D2000A3239
:100CA0008B52428920680179C9000C314252216877
:100CB0000879401C08711EE00A7482888A802168C5
:100CC000C288CA80226801891181226841895181C4
:100CD000C1682068C1606168F2F7A1FC0146022882
:100CE00007D02068007C002802D1002903D0812091
:100CF00010BD832010BD002010BD406B002800D027
:100D0000012070478178012909D100880521C90295
:100D1000884202D0491C884201D10020704705203A
:100D20007047F7B586B00024684615460F468481A3
:100D300005261AE0049841780278090211432980B7
:100D4000811D019602940091417902790B021343AF
:100D5000C178827809020A43417800780902084381
:100D60003946F5F7E7FA002806D104AA03A9069840
:100D7000FFF7BFF80028DDD0822800D1002009B09D
:100D8000F0BD10B51488844201D2052010BD17248F
:100D90001C701080421E581C491C05F0C6F900202A
:100DA00010BD0000FEFF0000B40E002010B540484A
:100DB00004F04DF9002801D00C2010BDFF211131A5
:100DC0003C4805F011FA3B4901200870002048809A
:100DD000E03188718874887520310871344804F0D6
:100DE0004EF9002010BD10B5314804F028F9002854
:100DF00003D031A1312005F016FBFFF7D7FF002803
:100E000003D02DA1382005F00EFB10BD10B504460F
:100E1000274804F01CF9002801D00C2010BD2549FA
:100E20000878002807D0002008702148216004F0CD
:100E300026F9002010BD1E4804F021F91F2010BD26
:100E400070B505460C461A4804F001F9002801D097
:100E50000C2070BD174A5088A84202D11078002893
:100E600004D0134804F00BF9122070BD1048226022
:100E700004F005F9002070BD10B504460C4804F0DC
:100E8000E6F8002801D00C2010BD0A48017800299E
:100E900007D00020C0432080054804F0F0F812205D
:100EA00010BD40882080024804F0E9F8002010BD01
:100EB0009D000020C00E00207372635C6C6C5F6448
:100EC000622E630010B5282105F08CF910BD70B5B5
:100ED000054600780A0700090001120F1043287028
:100EE0000B0005F091FB07050705070509050B0039
:100EF000062408E00C2406E0222404E00024F2A1E9
:100F0000572005F090FA68788009800120436870C6
:100F100070BD00780007000F704710B50622C01C96
:100F200005F003F910BD10B50622093005F0FDF8F3
:100F300010BD0278BF23C9071A40490E0A43027048
:100F4000704702785206520EC9010A430270704778
:100F500070B515460E4604461F2A03D9DAA1A8200B
:100F600005F061FA20462A463146093005F0DDF8E1
:100F70006078AD1D80098001A906890E0843607064
:100F800070BD70B515460E4604461F2A03D9CEA182
:100F9000CC2005F048FA20462A463146093005F0B3
:100FA000C4F86078AD1D80098001A906890E084348
:100FB000607070BD70B501780907090F03292ED044
:100FC000052931D1411C827E0C46437E1102194312
:100FD000037FC27D1D02037EC67E1B021343827DFA
:100FE000407835438006800E22281DD106291BD368
:100FF0001920C001814217D8FF26F436B54213D814
:10100000002A11D0082A0FD88A420DD28B420BD861
:10101000617F227F09021143814207D904E04078B1
:101020008006800E0C2801D0002070BD012070BD0C
:1010300000210A464254491C2229FBDB704710B5A7
:1010400002788B07920892009B0F1A430270427835
:10105000520952014270012908D0022906D0032901
:1010600005D0FF2098A1EE3005F0DDF910BD01217B
:101070000A43427010BD10B502788B0792089200A7
:101080009B0F1A43027042785209520142700129A3
:1010900007D0022905D0032904D08BA18E4805F082
:1010A000C2F910BD01210A43427010BD00788007CB
:1010B000800F70470278EF23C9071A40C90E0A4310
:1010C0000270704770B50546C1700B0005F09CFAC0
:1010D0000E080A0C0E1012120C14141212160C1810
:1010E0000C2413E0082411E002240FE017240DE083
:1010F0000D240BE0012409E0092407E0062405E0A3
:101100007548002470A1A03005F08DF96878400979
:1011100040012043687070BDC0787047017AC27981
:10112000080210437047817A427A080210437047E0
:10113000017BC27A08021043704781794279080224
:101140001043704700797047817B427B080210434F
:10115000704770B5017AC37909021943431C857A37
:101160001C46467A2B023343657926792C02344398
:10117000C21C5A4E00798D1FB54214D8FF25F43594
:10118000AB4210D800280ED008280CD888420AD2CA
:101190008C4208D8507A117A00020843B11D884267
:1011A00001D8012070BD002070BD0B4610B5011D97
:1011B0000522184604F0B9FF10BD817A427A080270
:1011C0001043704701717047007970470B4610B5A6
:1011D000011D0822184604F0A8FF10BD027B0A700A
:1011E000407B487070470B46014610B508220E310F
:1011F000184604F09AFF10BD0B46014610B50422B4
:101200001631184604F091FF10BD10B50822001DDC
:1012100004F08BFF10BD10B504220C3004F085FFE4
:1012200010BD017170474171090A81717047C17128
:10123000090A017270470079704781794279080282
:1012400010437047017AC279080210437047017158
:101250007047017170470B4610B5011D08221846F2
:1012600004F063FF10BD10B50822001D04F05DFFFF
:1012700010BD70B515460E4604461B2A03D912A1AF
:10128000174805F0D0F82A463146E01C04F04DFF1F
:101290006078E90640094001C90E0843607070BDDE
:1012A00070B5054640780E46C406E40E1B2C04D9E2
:1012B0000B4805A10C3005F0B6F82246E91C304673
:1012C00004F033FF204670BD7372635C756C5F7011
:1012D00064752E6300000000070200007A0C000015
:1012E000F7030000C1074008C207C90FD20F511809
:1012F0004008C207D20F51184008C207D20F511838
:101300004008C207D20F51184208D007C00F40183A
:101310005208D107C90F0918500840187047002219
:1013200002808271C271C2720273427382738270D0
:10133000C270027142714276828303464284203336
:101340009A7102859A72C2750276C2730274DA7259
:101350001A739A7319750284FF21603081709A752F
:10136000704770B504460020A083208C1E46484379
:101370001546114604F061FF2084F000294604F070
:101380004EFF401C80B20146192269439202E0835D
:10139000914201DD401EE0837D202946000204F0D9
:1013A0003EFF401CA08470BD70B50546087B0E460C
:1013B000C006C00E08730020A87504463019007AD4
:1013C000FFF790FF29194874A97D641C0818E4B23E
:1013D000A875052CF2D3C0B2252803D979A18A209B
:1013E00005F021F870BDF8B5044630302646274692
:1013F0002546C036A03780350090032909D0002942
:101400001AD0012924D0022902D1A11CFFF7CCFF58
:10141000F8BD1146FFF783FF002028836883A88367
:10142000E883288468847871E88538732621085514
:10143000A08430703071F8BD0020E885B871A188B3
:1014400023890A460098FFF78CFFA11C0098DDE76E
:101450000020E885B38A328AA1880098FFF781FFCF
:10146000F8BD70B5867D0D460446002E01D0252EB0
:1014700001D9122070BD002A18D0287EE17D50438A
:101480000818252104F0CBFE0846E1754207520FEB
:10149000C908504B69189A5C097A8A4368D031466A
:1014A00004F0BDFE491CCAB2002007E0002070BD58
:1014B000002803D02118097C511ACAB22118497C8E
:1014C00091423AD32918097AC943CB07DB17D21ABC
:1014D000521E1206120E35D08B07DB17D21A521E7F
:1014E0001206120E30D04B07DB17D21A521E12060C
:1014F000120E2CD00B07DB17D21A521E1206120E38
:1015000028D0CB06DB17D21A521E1206120E24D098
:101510008B06DB17D21A521E1206120E20D04B0673
:10152000DB17D21A521E1206120E1CD00906C9175A
:10153000511A491E0A06120E18D0401C0528B7DBA6
:101540001F2070BDC00013E0C000401C10E0C000B0
:10155000801C0DE0C000C01C0AE0C000001D07E0B8
:10156000C000401D04E0C000801D01E0C000C01D9F
:1015700020769BE738B505460C466846FEF738F8F6
:1015800000281ED0694600200856207209216156A5
:101590000022411A00D5494220356B798B420FDC7D
:1015A000FF2B0DD0A17A491CC9B2A172AB79994227
:1015B00002D8617A7F2903D160720020A0720122D3
:1015C000104638BD7372635C6C6C5F7574696C2E09
:1015D000630000007667010010B5040004D0FF200E
:1015E000FAA1AB3004F01FFFFB4821464143FB4802
:1015F000FF230918FF330022581C5A544254C81DB7
:10160000FF30FA3002704270F448001FC378A342E2
:1016100002D18270FF23C370EF48EF4BC01E081841
:101620009B1EC91802700A7010BD70B5EB480026E9
:10163000001F8670FF24C47035462846FFF7CCFF94
:101640006D1C2D062D0EF8D00020E4490B229201CE
:10165000E14B43435B189B181E74401C0006000EB0
:10166000F6D0DF48FFF7E4FC0021DD48FFF722FD5C
:101670000121DB48FFF7E3FCDA4804704470847012
:10168000C4700471447170BDCFE71B20704730B542
:101690000021D24A0B239B01CF4C4C43A418E418E1
:1016A000247C002C05D0491C0906090EF4D000202A
:1016B00030BDC94C01254C43A218D21815740170D5
:1016C000284630BD10B5044600F0D0F900280CD0F3
:1016D0002046FFF781FFC0490B224C43BF49002041
:1016E0006118920189180874012010BD10B50446D4
:1016F00000F0BCF9002802D0BA484471012010BDA6
:10170000034610B5B748B44940794843B349421835
:101710001046FF30E130C17F807F04F0D5FF10BD5F
:1017200010B5B048AC4940790F224843AB49401846
:10173000A949D239095CFF30FF3004F09FFF10BD8A
:1017400010B5044600F092F9002802D0A5480471B3
:10175000012010BD034610B5A2489F4900794843B7
:101760009E4942181046FF30E130C17F807F04F06F
:1017700098FF10BD70B59B4C97492079974D484311
:101780004019C11DFF31F931FF30E130807F0F2258
:1017900004F064FF002813D020798F494843401992
:1017A000FF30FF3002300178491C01700178407829
:1017B000814204D1884885A1773804F034FE0120A5
:1017C00070BD884884490079484384494018FF30F7
:1017D000E130C17F807F814201D10120704700202C
:1017E000704770B57F487C49007948437B49401871
:1017F000FF30E130867FC57F0F242946304604F054
:1018000026FF002801D0204670BD70066906400EF4
:10181000490E884201D3401A01E0081A201AC0B2CA
:1018200070BD0F20704770B50C46054600F01EF9DC
:1018300000280ED0002020706748454367482818CC
:10184000FF30FF300230017842788A1A22704170EE
:10185000012070BD70B50C46054600F007F9002860
:101860000BD05D4845435D482818FF30FF300230FB
:1018700001784078081A2070012070BD5849016035
:10188000704710B5044600F0F1F8002802D0554822
:101890000470012010BD5149091FCA78FF2A02D0E7
:1018A0000021016007E08A784C492439012A02D0DE
:1018B000016001207047002070474848801E017871
:1018C000012908D001210170464801784348001FD2
:1018D000C170012070470020704710B5044600F029
:1018E000C5F8002802D03F484470012010BD3B4994
:1018F0003C4B091FCA785B789A4206D18A78203916
:10190000002A02D001600120704700207047334850
:10191000344A001FC1785278914209D1FF21C17029
:10192000801C0178002903D000210170012070473C
:101930000020704729482B4A001FC17852789142F5
:1019400004D18078002801D0002070470120704722
:1019500010B5044600F08AF8002802D02148C4706F
:10196000012010BD034610B51E481B49C0784843EE
:101970001A494018C21DFF320B21FC328901401860
:10198000C17B807B04F0A0FE10BD10B51548124944
:10199000C0784843114940180B2189014118C97B7F
:1019A0000D4AD21E8018062204F068FE10BD0D48B4
:1019B0000949C0784843094941180B20800108189B
:1019C000C17B807B81420FD1012070477372635CC1
:1019D000646D5F712E630000D1020000F40F0020DF
:1019E000C51200209E0000200020EEE710B504463E
:1019F00000F03CF8002802D021488470012010BD7E
:101A0000034610B51E481F49807848431E494018B8
:101A1000C21DFF320B21FC3289014018C17B807B43
:101A200004F03FFE10BD10B51548164980780B2212
:101A300048431549920140181249891E41188018DF
:101A4000807B062204F00AFE10BD0D480D49807807
:101A500048430D4941180B2080010818C17B807B49
:101A6000814201D10120B0E70020AEE7002805D176
:101A70000648007C002801D00120A6E70020A4E74A
:101A80009E000020D1020000F40F0020B4120020BC
:101A9000F8B5FF4E0446B079002500280AD0002989
:101AA0002DD1657010202070F079A070307AE07030
:101AB000B57124E0F64F203F387A012804D0707ABF
:101AC000012810D00020F8BD002918D1657013201E
:101AD000EF4920701C221639A01C04F026FB0120BF
:101AE000A0713D720BE0002909D165701420E8490E
:101AF000207008220A31A01C04F017FB7572012027
:101B0000F8BDF8B5E3480178002902D00C2630462C
:101B1000F8BD0026DE4D3446403D2E756E75EE75DF
:101B20002E76AE75294620396E730F464E734037B8
:101B30007E717F218170687E002804D0FDF73DFD15
:101B4000FEF766F86C763C72D14884711430FFF76A
:101B5000B9F9CF483C30FFF7B5F9D8E710B5CD4B10
:101B600000221A70CA4B203B1A711A46603A11665D
:101B7000D065FFF7C6FF002804D0FF20C6A187303C
:101B800004F051FC10BDC2484038007D7047C04988
:101B900010B54039C87B897B42078307D20FDB0F22
:101BA000D218C007C00F101840000B0004F02CFD25
:101BB000050B060B04080F00BB4906E0BB4810BD2F
:101BC000B949083101E0B8490839085A10BDFF2069
:101BD000B1A1A73004F027FC002010BDAC48B449E7
:101BE0004038008A48437047F8B5A94C0646407B08
:101BF000403CE07337791346A773012F26D0308815
:101C00002082A348B27B203882710546603D29704E
:101C100006221946681C04F088FAB0796873062217
:101C2000F11DE81D04F081FA607B0126002800D038
:101C3000667597486038407B002800D0A6753B0049
:101C400004F0E2FC0506082549084B000020D7E710
:101C500000211DE08E4801211430FFF738F98C482F
:101C6000E91D1430FFF75FF9687B002807D00128D1
:101C700007D0FF2088A1EE3004F0D5FB0CE0002156
:101C800000E0012182481430FFF75BF904E00621EF
:101C90007F481430FFF71BF90020E07520767C4860
:101CA000691C1430FFF739F9794829781430FFF7A7
:101CB00040F9774804213C30FFF709F97448691C62
:101CC0003C30FFF72AF9724829783C30FFF731F9A8
:101CD00026750020F8BD0221DAE7FF206EA1F8305A
:101CE000CAE770B56A4C0125403C0346257620467C
:101CF0002030007A002801D03A2070BD64480022CC
:101D0000803806789E4206D1E2750622401C04F017
:101D10000CFAE57500E02276002070BD70B504462F
:101D20005B4D0020403DA87528462246323804F01D
:101D3000FCF92846203844730120A87570BD544929
:101D400020390871704710B5514C0022403C627533
:101D5000607302462046123804F0E7F901206075EE
:101D600010BD4B49203948717047F8B500F0A4FB0D
:101D7000474C0025403C607E002804D0FDF71DFC48
:101D8000FDF746FF6576434F3D70FDF793FBA07B63
:101D9000012804D00021084601F0A6FAF8BD002170
:101DA000022001F0A1FA3A4C203C207A002809D008
:101DB000374881790029F1D11321C17105720121C0
:101DC0008171F8BD78780028FBD0314E0622803E24
:101DD000707BE0733078A0753046F11D703004F0F0
:101DE000A4F930460622711C773004F09EF93C209D
:101DF000A072012020727D70F8BD10B5244C403CCB
:101E0000E17BA07CCA0701D0C2070BD08A070FD59F
:101E100082070DD42620FDF777FAA07C0221084323
:101E2000A07410BD2520FDF76FFAA07C0121F6E714
:101E30004907F6D54007F4D42720FDF765FAA07CC2
:101E40000421ECE770B5134E3078002872D1104CA5
:101E5000403C207D00286DD0FDF71FFB0025A574B8
:101E6000E57475702846FDF715FB0020FDF78CF929
:101E70000D480D38FDF73FFA0B481038FDF7F7FA1B
:101E8000FDF76CFBFFF7B9FFFDF7FFFA012111E049
:101E900068130020A40000207372635C6C6C5F61A7
:101EA00064762E63000000008E6701009A8913009B
:101EB000710200000020FDF743FA0F210520FDF715
:101EC000C1F92646403E3178701CFDF7ADF9A07B84
:101ED00001280CD004280AD0607D002807D02146B4
:101EE00012390846627B6630FFF732F86575A07DCF
:101EF000002807D0FE480146427B12399C30FFF78C
:101F000040F8A575306E0178002903D00178001DD6
:101F1000FDF7C8F9F06D0178002906D0F44A401C9D
:101F2000C732FDF754FE01206076FDF7C3FA0020AA
:101F300070BDFFE70C20FBE7EE494860704770B5C5
:101F4000050001D0FFF759FFE94C2034E07C002860
:101F50000AD0A07B012804D19920E749C00004F0F1
:101F600062FAFFF702FFE3E7002D0DD00221002007
:101F7000FDF7E6F9DE4840300079032801D001285A
:101F800002D10220FDF73BFCE07D002600280DD0A9
:101F9000D74D203D2846691C9430FEF7BEFF2846E9
:101FA000691CBC30FEF7B9FFE6752676D048743060
:101FB000FDF786FAA07B030004F026FB0504040469
:101FC0000D04090001210846FDF79FFB03E0CA4903
:101FD000CA4804F028FAE17BA07C81430120002953
:101FE00003D1A17B012903D0E074C24908709FE7A7
:101FF000A674FAE710B5FDF750FABE48007800283D
:1020000018D1BB482030007D002813D00020FFF7F6
:1020100096FFB74840300079002809D001280FD03A
:10202000022805D003280BD0B349B54804F0FBF9CA
:10203000002010BD00F040FAFDF73CFA0C2010BD66
:10204000F0F7E6FFF4E7AB49012048707047F8B5B8
:10205000002400F0E0FF002824D0FF202D30FDF701
:102060006CF9A44D2878A24F403701281DD00228D2
:1020700001D0032834D0A2489F496B3004F0D3F933
:10208000287800280DD0387900280AD0012808D0F7
:10209000022838D0032836D099489749803004F078
:1020A000C2F9F8BDFFF761FEF8BD914E2036B07B56
:1020B000032815D0707E002803D0FDF798FDFDF7AA
:1020C00074FA8B48C430FDF7FBF9B07B012812D0BD
:1020D000042810D0B879012806D0032804D004E0E1
:1020E0000120FFF72CFFCBE7102421460E200143EF
:1020F0000020FDF70AFB7879012801D1FDF76FFA7E
:1021000002202870BCE728780228CDD10120FDF7F5
:1021100076FBF8BD70B5764840304079012801D192
:1021200000F0D4F9724C2034607E002803D0FDF713
:1021300044FAFDF76DFD00F06EFF00280CD06D4DE8
:102140002878022804D06E486B49A33004F06BF95C
:10215000A07B012803D006E0FFF707FEE8E6992000
:102160008000FDF7EAF80120FFF7E9FE2878002853
:10217000F4D028780128F1D039205F49000104F01B
:1021800052F9D5E6F0B5074689B000200690FDF774
:10219000AEF800900020019056480078022804D044
:1021A00057485549F03004F03EF9514D40356879B3
:1021B000012801D100F08AF94D48C430FEF7A9FE8C
:1021C0004B4E04462036002F70D03046A430FEF728
:1021D000F1FE0028F8D0FDF731F80028F4D0707E29
:1021E00000280AD005277F1EFFB2FDF72CFD02282C
:1021F0000FD0012800D0002001903D492046C43175
:102200000C46643C030004F0FFF906A4A4A40CA44B
:1022100056A4002FE7D177203AA1C00004F003F9BB
:10222000E9E7B07B012841D004283FD0019A00980B
:10223000104304D1A879002801D0022836D168794A
:1022400001281DD1607A00281AD101206072087817
:1022500006224006C00FA0722548C91C6B3003F04F
:1022600064FF244C224FA07871377F2804D1A92025
:1022700024A1C00004F0D7F8A07838707F20A070A7
:102280001B489C30FDF71CF91A480321017028797E
:10229000002860D001280AD002285CD0032806D08C
:1022A000164818A1E03804F0BEF854E051E00120CF
:1022B000FDF7A5FA4FE00E480F462038C978C079DF
:1022C000814230D10A4839792038027A91422AD1A4
:1022D0007979427A914226D1B979827A914222D192
:1022E000F979C27A91421ED1397A027B914211E08A
:1022F00008130020A4000020981E0100F60400002E
:10230000DE0200007372635C6C6C5F6164762E6346
:102310000000000007D13978407B4906C90F81428F
:1023200001D1012100E00021B07B012801D0042867
:1023300001D100290AD100280BD101990098084346
:1023400004D1A879002801D0012802D1307E0028CC
:102350001FD001200690707E002803D0FDF72DF9D4
:10236000FDF756FC0698002802D00120FFF7E7FD94
:102370005D48017800290AD00178012907D000784A
:10238000032804D095205949C00004F04CF809B046
:10239000F0BD55480422406855490F3003F0C5FE92
:1023A000387806224006C10F4F4840680177F91C73
:1023B0001D3003F0BAFE4C484D4940680322091D08
:1023C000133003F0B2FE4848494A4068B97D817530
:1023D0000F3A117ED37D09021943018311468B7E8A
:1023E0004F7E1B023B438380137FD77E1A023A4302
:1023F000C2808A7F4B7F1102194301813C4905222B
:1024000010310A3003F091FE3948374A1130017912
:102410005768C906C90EB97600794009F876287A56
:10242000002809D0A07900283AD11320E0710020BB
:1024300020720120A07133E00020A8727888B08556
:10244000387FE8732A48394606221D31833803F065
:102450006CFE27490622F3390878A87508467730BC
:10246000491C03F062FEB888F087F888208038891C
:102470006080F87E20710198002860790BD00121DE
:1024800008436071FDF7F2FB61794000C907C90F8D
:102490000143617102E04008400060710120287230
:1024A000114C0020207000F007F8FDF703F8012020
:1024B000616800F019FF4EE710B5FDF76AF8FDF707
:1024C0005DF8FCF7B5FFFCF7DAFF10BD064810B564
:1024D000801CFDF78DF8002802D103497F20887009
:1024E000FDF774F810BD0000A400002004230100D3
:1024F000DB1300208107C90E002808DA0007000F4F
:1025000008388008F74A80008018C06904E0800815
:10251000F54A800080180068C8400006800F7047A8
:1025200010B500F03BFF10BD70B5F04C0546626879
:10253000002908D0002A04D0FF20EDA10C3003F0C0
:1025400072FF656070BD002A04D1FF20E8A112303F
:1025500003F069FF0020606070BDE948C07E7047ED
:10256000E7482830C07E704738B5E04C20680168E5
:102570004978012925D001216846FAF7C9FC684647
:102580000078E049000203F04AFE2068426AC06811
:1025900012685118FBF7ADFC2168C860D84A206862
:1025A00028320321904218D0028B002A15D0012234
:1025B0004272017200210171021D017F00F0FBFED9
:1025C00038BD7D21C068C900FBF793FC2168C86055
:1025D000FFF7DDFA21680861E0E7028B521C0283F5
:1025E0004172E6E7FFB5C64E85B0706A346805688B
:1025F00060680190306A0390298E0798401A80B273
:1026000002900898002804D02746383720464830E2
:1026100002E0371D2846A830009003203871059845
:10262000002820D001287DD002285ED003287AD04F
:10263000AFA1B54803F0F7FE0898002807D0387915
:10264000032804D0B048AAA1093003F0ECFEA16A27
:102650007069FBF74EFCB860616A206A88427DD9D8
:10266000009801601FE1306A002804D1A648A0A1AB
:102670007A3803F0D8FEA449288B373948434018EC
:10268000069900F0A6FEA0619F49A8883739484303
:10269000069900F09EFEE061316A9B48891CA162A8
:1026A0002A8B37384243A069974B121AE63BD2185F
:1026B0005118A162944BAA7D373B5A4340008018C1
:1026C000FF30193020626062306A081AED21FF384D
:1026D000C90015388842AFD28C49884204D28A4852
:1026E00083A15D3803F09FFEB6E0874A288B373A16
:1026F000E16850430818069900F06BFEA06182491A
:10270000A88837394843069900F063FEE061306AD3
:10271000002804D17C4876A1553803F084FEAE2011
:10272000405B01E02CE05AE00028288B784AE16801
:102730001DD050430818A169401AA0622169A06801
:10274000734A4843A1694018A97D4000514340188D
:10275000FF3017302062A888504300E0A1E0E16913
:10276000411A6F20C000081A6062A06A34E050432A
:102770000818A169401A3168D63849684018DCE762
:10278000284680300190C08D002802D0306A002891
:1027900004D15F4856A1401F03F045FEA8885C495C
:1027A000E3694843C01AA06201999C46CA8D216919
:1027B000A368521A4B43A169591863465343C91879
:1027C000AA7D534B49005A438918FF3117312162C2
:1027D0006F21C900411A6162316A401A35E00898D8
:1027E000002803D03420005D002878D1A88848490B
:1027F0004843E169401A02994843A0622846803064
:102800000490C08D0028019829D0002804D03E48AB
:1028100037A1163803F007FE04983D4AC18D02988F
:102820000818E16948434000FF3017302062A8884B
:102830005043411A6F20C000081A606200F0AEFDDC
:1028400000281CD0A16A0398081AED21FF38C9009E
:102850005538884200D3EFE601203871ECE60028B5
:1028600002D00398002804D1294821A11A3003F08E
:10287000DAFD0198A16AD6380818A062CCE7FBF708
:102880009EF8726901461046FCF7BFFAA16A081A61
:10289000ED21FF38C90050388842DCD2012009B050
:1028A000F0BD0099086000981A4900688035081842
:1028B000F860298B0798081A00B2002804DD0598F3
:1028C000022801D0032000E00120787108983870B8
:1028D0000898002820D03420005D00281CD0022059
:1028E000DDE7000000ED00E000E400E0B4000020BF
:1028F0007372635C6C6C5F6C6D2E73302E630000C2
:10290000F413002010270000190500002902000020
:10291000E20400004B1700000898012148402034D1
:102920006075317F3A46304600F045FD0020B6E73D
:1029300010B5FE4900280A68516A096807D0126874
:102940008988FB4BD2695943891A03F068FC10BD92
:10295000F8B5F64F38680468416A26460D68203697
:10296000717D00290AD0618E2A8E914206D1407A6B
:10297000012803D1EF49F04803F055FDFBF71FF89C
:10298000014638684069FCF740FAFFF7D1FF2A8E0C
:10299000618E1318994202DB491C618602E0401CDB
:1029A00010186086B07D002806D19C21608E495B9E
:1029B000884201D1401C6086DC480168088B0328EE
:1029C00002D2401C088302E0618E982041532846C1
:1029D00040300646C1898089081A298E401E401859
:1029E00087B218E0D148EB7E00685B00406A00794E
:1029F0004100D248415AC05A401881B2207D00237C
:102A0000FFF7F0FD00280FD001280ED0CA48C949B1
:102A10003A3003F008FD628EB81A00B20028E1DAFD
:102A20000820B07200F010FEF8BD608E401C608679
:102A3000F1E770B5BD4D002168680162C27E1300E8
:102A400003F0E2FD045656034A56426A14680268CF
:102A500011700268516000682030407D002808D164
:102A6000FAF7ADFF69680968096CFCF7CEF9002830
:102A700018DC6868228E0168498E914206D1214691
:102A800080318B8B9A1ACA83238605E0891A9E228D
:102A900011530168498E21860268C1681164C168BA
:102AA000416111E068680168098E228E8B1A224606
:102AB0008032D3830168098E218601680B6CC36064
:102AC0000B6C4361886C9062204601F0D8FC0028B2
:102AD0000DD098499A4808E0C1684161FFF7B2F902
:102AE000002804D096489349801D03F09CFC70BDDB
:102AF000934890490D30F8E710B58C4A0B001268E6
:102B000003F082FD0906090F1F0C2E2E082B2E0044
:102B1000FFF78FFF10BD00F068FC10BDFCF772FEE0
:102B200010BDD07E022806D0D07E032806D0FF201C
:102B30008049A3300EE0FFF70BFF10BDFFF714FD37
:102B400010BDD07E0228F6D0D07E0328F6D0FF201C
:102B50007849AE3003F067FCF0E7FAF715FF10BDD7
:102B6000FF207449BC3003F05EFC10BDF3B581B0AA
:102B70000E4601276D4D734C0B0003F045FD090611
:102B80002F39392F40403939400001216D48FFF776
:102B9000CBFC31460198FFF7AFFFE07E022826D13B
:102BA00068680568406A0668FAF7E7FEB188604A17
:102BB0005143EA69891AD639E962B72802D26248D4
:102BC000081803E0081A6049B7314018E8625F4806
:102BD000E96A814200D80846E86205E00198FFF7FB
:102BE0008BFFE07E022802D1206820300775FEBDF1
:102BF0002C600198FFF780FF00202860FEBDFF20B9
:102C00004C495C3003F00FFCFEBD70B50C46064627
:102C10000B0003F0F9FC09060D10100D1A1A101024
:102C20001A00484801212830FFF77EFC2146304633
:102C3000FFF762FF70BD43483C4D283028603046A6
:102C4000FFF75AFF0020286070BDFF20394982300D
:102C500003F0E9FB70BDF0B5344C0020216885B06D
:102C600003258D76CA7E0746032A03D0C97E002934
:102C700029D029E0087F002803D12E49344803F0E9
:102C8000D2FB2068067F684605714571FAF797FE0A
:102C90000290FF20F53003900121684601706946DB
:102CA0003046FBF70CFB00E020BF2068007FFCF7FC
:102CB00038F90028F8D02068007FFAF765FE206810
:102CC000077700F072FB012021688F7605B0F0BD18
:102CD00016490A68907600E020BF0A68D07E002876
:102CE00003D0D07E937E9842F6D0D07E002803D0C9
:102CF00000200021917670470120FAE770B5114954
:102D00000024CA7E094D032A03D02831CA7E032A33
:102D10002ED12960002827D0012821D00C48054950
:102D2000973003F080FB0020296813E0B4000020F6
:102D3000E2040000F0280100F70500009E67010092
:102D4000A1030000F4130020C4F8FFFF38120000B4
:102D500072020000086048622860002C08D070BD34
:102D60000320FFF7B5FF01E0FFF775FF0446DAE740
:102D70000C2070BDF8B5F94F04461F25E67E3300E0
:102D800003F042FC042920031B20F548844204D0B0
:102D9000FF20F449FC3003F046FB02203C60FFF7C3
:102DA00097FF002805D03968002008604862386025
:102DB00011E00C25002038600AE00120FFF79EFF9B
:102DC000054603E0E749E84803F02DFB002D02D05B
:102DD000E07EB042D2D1E07E002804D0E248E14952
:102DE000801D03F020FBF8BD10B5DD48FFF7C2FFE2
:102DF000DB482830FFF7BEFFD94900205031087565
:102E0000D649C91F4870D64948610A4628325061E0
:102E100088769076D1494860086010BD70B5044648
:102E20000120FFF767FBC5B20B20FFF763FBC0B2C1
:102E3000854204D0FF20CB49C63003F0F4FA0120CC
:102E4000FFF758FBC5B21820FFF754FBC0B285420C
:102E500004D0FF20C349C73003F0E5FA0420C04383
:102E6000FFF748FBC5B21920FFF744FBC0B285420B
:102E700004D0FF20BB49C83003F0D5FAB748B849A1
:102E8000083804700020C87688760A462832D07642
:102E90009076B24B012408331C711860486250626E
:102EA00008601060FFF7A0FF70BDAC4908310871E1
:102EB0007047FEB5AA49CA7E08462830A74C002AAA
:102EC00002D1C27E002A03D0C97E022903D005E0C8
:102ED000A648216006E0C17E002901D00C20FEBD7D
:102EE0002060A348FAF7FCFC216808779B4920681A
:102EF000C91F0160C91C4162007F002804D1AD20B8
:102F00009849800003F08FFAFAF737FD9949884213
:102F100000D20846FF30C83086B220680325C57647
:102F2000FEF735FE21680861FEF758FE00270028ED
:102F300027D0FEF753FE21684A6A10600968012015
:102F4000087001466846F9F7E3FF684600788A4949
:102F5000000203F064F90191FAF731FD019971184B
:102F6000FAF7C7FF2168C8602068057245720771CB
:102F7000021D017F00F01FFA2068078300202760F0
:102F8000FEBDFAF71CFD3146FAF7B3FF2168C860B1
:102F900008680770096801204870E5E77047F8B5D0
:102FA0006F4EF17E002904D131462831C97E0029B7
:102FB00001D00C20F8BD0221F176694C674F5034E6
:102FC0000837776234600025386025753979C07E0E
:102FD0004A006A4940008A5A085A2B46101881B2A2
:102FE0002A462846FFF7FEFA002804D0CF205D4984
:102FF000800003F018FA25610120A5602075658620
:1030000025865748703085753968088E401E0886B9
:1030100035830020F8BD10B5504801244068817EFA
:1030200003290CD001684978002906D0006A544968
:10303000884202D90024FFF706F8204610BD00247C
:10304000FBE74648406802681178491C1170016A24
:103050000068C26A914204D8007D012801D0012095
:1030600070470020704700207047F8B53B4C3C4843
:103070002060416A00680D68002634210E54A621A4
:10308000495D00294BD1007D032848D1FAF797FC10
:10309000014620684069FBF7B8FE00283FDDFFF7D6
:1030A00047FC298E401C4118206802681186006880
:1030B000018E9C22525B511A09B200292FDD012199
:1030C0002030817528464030C1898089081A298EB0
:1030D000401E401887B21BE0496A09794A00274917
:1030E0008B5A028E007D9446EA7E5200895AC91896
:1030F00089B201236246FFF775FA00280FD0012834
:103100000FD002280BD01B481649193803F08BF951
:1031100021680868028EBA1A12B2002ADCDA266028
:10312000F8BD20680068018E491C0186F0E7F8B5FB
:103130000A4D00266A680128516A0C6853D1087943
:103140000E4940000B5A1068077D032F1AD0027DEC
:10315000022A24D0007D012834D044E0B4000020AD
:10316000F4130020F0280100070200006D2B01007D
:103170000B2C0100F6050000102700009E670100DF
:10318000D98213000661106886609C20025BE07E95
:103190004000085AC01881B2002303201BE02246D9
:1031A0008032D78D0761E07E928B4000085AC018AC
:1031B00081B200230220FFF715FA6A680121126824
:1031C00011750AE09C20025BE07E4000085AC0189E
:1031D00081B200230120FFF705FA002803D09C49A3
:1031E0009C4803F020F9FAF735FB9B480078EFF78D
:1031F0006FF8686806830268218E51860068203067
:103200008675F8BD38B5944C0021083460680D46C9
:1032100000684278002A01D045701FE0007800283D
:1032200009D001216846F9F773FE684600788B499A
:10323000000202F0F4FF6068426AC0681268511828
:10324000FAF757FE01466068C160057103214172BB
:10325000021D017F00F0AFF860680583FAF7FAFA03
:103260007D480078EFF734F838BD7B4A10B5014649
:10327000083250680B0003F0C7F9060D1504081753
:103280000C31012100F0D1F807E00021106800F0B6
:10329000CCF810BD0120FFF74AFF00210846FFF7D8
:1032A00043F910BD032116E0416A02680968D36939
:1032B00093608A886A4B5A430368DA600A46C032D0
:1032C000D3890B83137B8B75138A8B80538ACB80B6
:1032D000928A0A8102210068017510BD5D485C492F
:1032E000913003F0A0F810BD70B500280BD05A4CF7
:1032F000083401280ED002281ED056485449B43054
:1033000003F091F870BDFFF77DFF00210846FFF73D
:103310000BF970BD6068002501684D7000F045F83C
:103320000320F5F7B8FEFAF795FA4B486560007888
:10333000EEF7CEFF656070BDFFF764FF606800F0D8
:1033400034F800210846FFF7EFF80420F5F7A3FE54
:1033500070BD414908314968CA7E022A08D10A680D
:103360001378002B04D150600968CA6A1018C8622B
:103370007047394A10B50832526800290CD001292B
:1033800007D0022907D033483149D93003F04BF830
:1033900010BD801E00E0401F106210BD2E48083096
:1033A0004068002800D0012070470021C176817656
:1033B00001604162704710B50B46C17E847EA14218
:1033C00004D011461846FAF77AFF10BDFFF7EDFF5B
:1033D00010BD024610B50020002905D00846504314
:1033E000204902F01CFF401C10BD1B4810B50830DE
:1033F0004068C07E030003F007F9041515030B15A0
:1034000001F05EF900280CD00F2017A1800106E022
:10341000FEF7F0FD002804D0F12013A1800003F096
:1034200002F810BD10A11448F9E710B504460029B0
:1034300003D00020FFF77BFE03E007480078EEF79B
:1034400047FF2046FFF7B1FF0020F5F724FE10BD2F
:10345000F028010092060000AC00002010270000B8
:10346000E204000040420F007372635C6C6C5F6C9E
:103470006D2E73302E630000CB030000F8B5FEF70D
:10348000B0F90446FEF756FAF84E0546706920304A
:10349000407D002809D0012827D002282AD00328FF
:1034A00032D0FF20F2A19A3037E0F0481830FEF712
:1034B0001EFA002801D003200FE0EC481830FEF778
:1034C00049F9002804D070695B21095C002908D003
:1034D000E6481830FEF7D2F90120716920314875AD
:1034E0001DE002212030417519E0E0481830FEF758
:1034F000C5F914E0DD481830FEF72CF900280ED18C
:10350000FF20DBA18C3008E0D8481830FEF7EFF937
:10351000002804D1FF20D6A1943002F084FFB069C6
:10352000F72201781140017072692032937DDB0728
:103530001B0F1943FB2319400170D37DDB075B0F81
:1035400019430170577DEF23022F04D0012F07D0BC
:10355000032F07D00CE0012C06D8002D04D007E083
:103560006D1E2C43002C03D019401023194300E09A
:1035700019400170D17F002916D0517D012913D047
:10358000BF48FBF79DFFBE480021283001767269D5
:10359000916ED26E42610161B949B269FCF7A3FA3A
:1035A0000020FCF7AFFA03E0FBF78AFFFCF7CDFA47
:1035B000B0690078C00606D4F0690078C00602D46D
:1035C000F079002806D0B079002803D101210846FF
:1035D000FCF79BF8032030703079002803D1FBF70B
:1035E000BDFF01203071F8BD70B5A0481C30FEF75A
:1035F000B9F901259D4C002802D00020607002E03E
:1036000065709F48E061606940300078002802D012
:103610006078002805D0E069FBF752FFFCF795FAC7
:1036200070BD9748FBF74CFF9548283005766269D6
:10363000116F526F42610161914AE169FCF753FADF
:103640000120FCF75FFA70BD10B588490023486976
:1036500002462030C3768377012049239854A03254
:103660009279002A03D008700021022001E0002195
:103670000320FFF7FAFD10BD70B57C4C6079C206DF
:103680002046406901468031002A01DA002202E02A
:10369000CA8DCB8BD218CA850246C0321379002B53
:1036A00005D0034640331D8AC98B69181982617A97
:1036B000002903D03D2001F051F94AE003462033B0
:1036C000D97E042945D0217A002913D0480701D496
:1036D000C80601D51E2030E0080701D53D202CE0AA
:1036E000C80705D1880703D461A1664802F09BFE94
:1036F0002A2022E04030817D002905D0418A4D1CDE
:103700004582858AA9420FD2517A062902D0117AC0
:10371000062905D1018B4A1C0283828A914203D279
:10372000028AC1898A4201D3222006E09A7F8089D9
:10373000002A0AD088420FD3082001F00FF96069EF
:103740002030C07E042804D006E0062804D33E20A2
:10375000F3E7FFF779FF70BD0120207000210846D4
:10376000FFF783FD70BD10B5404840690146203128
:103770008A7F002A29D0012A27D0022A06D0032ACC
:1037800004D03BA1404802F04EFE10BDC97E032983
:103790000FD0082919D001464031CA898989511AA8
:1037A000891E89B2032900D303218030828B5118EE
:1037B00009E0014640318A89032A06D3028EC9896D
:1037C00080305118491C018310BD8030818BFAE78D
:1037D00000B5030002F018FF0604070B0F121217C2
:1037E00000290ED00FE0891E02290AD90BE0891F9B
:1037F000012906D907E0082903D004E00B390C2978
:1038000001D8012000BD002000BDFEB505461748C7
:103810001830FEF740F8002804D11B4814A1D13815
:1038200002F001FE114CA069FDF702FC0321A06922
:10383000FDF721FCA069EF220178114001702946B3
:10384000FDF740FC002601272B0002F0DDFE0E5C98
:103850005C085C2C6060255C4C5C603C375C60699B
:103860006521095C002911D0062111E0C400002067
:103870007372635C6C6C5F736C6176652E630000C1
:1038800090140020430200005C080000C030417921
:10389000A069FDF797FC3AE060698030417CA0693F
:1038A000FDF7D7FC33E06169A069B831FDF7ADFCE5
:1038B0006169A0698C31FDF7AEFC28E00621A069A2
:1038C000FDF7C5FC23E020690178A069FDF7A9FC9C
:1038D00020698188A069FDF7A6FC20694188A0695C
:1038E000FDF7A5FC13E00096019660696030007951
:1038F000002803D069460878384308706946A069F3
:10390000FDF7B1FC03E0F949F94802F08CFDFDF741
:10391000D4FF002804D1F648F449801D02F083FD4D
:103920000C2D06D0072D03D0606940304682877584
:10393000FEBD606940300683FEBDF0B5ED4CC82089
:1039400061698DB0405C04280AD0052835D15C201F
:10395000405C00282AD0012060314871022026E016
:1039600010226846D63101F030F86169102204A8AF
:10397000B03101F02AF8684601F0DFFB08AE8DCEC9
:10398000616984250E4678360DC66F5000250D6797
:103990004D67012540267554D74D88318DC5284681
:1039A0000822093002F0C1FB052000E00D20FFF7DE
:1039B0002CFF61690020C03108720DB0F0BDF8B570
:1039C000CC481830FDF767FF002848D0C94C207A52
:1039D000002844D16069C421095C002500290ED06B
:1039E0002030C17E0120FFF7F3FE002807D1606977
:1039F0002030C17E0420FFF7EBFE002806D060696E
:103A0000C921095C0126062907D00DE06069502113
:103A10000D526030457102204EE02030C17E0420FE
:103A2000FFF7D6FE002813D0616908462030C27E19
:103A3000921E130002F0E8FD166262621D6262626D
:103A400060621F6262622843626262626262466210
:103A500060695E21095CC90702D0C0304572F8BDBB
:103A60000C20FFF7D2FE60694030817F31438177BF
:103A7000F8BD072020E0FDF79AFF0028F8D0606924
:103A8000403005700B2017E0F9F741FA0C28EFD30E
:103A900060690821B830F9F73BFA002806D0606960
:103AA00004218C30F9F734FA002804D1C72093A1FF
:103AB000C00002F0B8FC0420FFF7A7FEF8BDFFF736
:103AC0003CFFF8BD00228A66CA66C6770A4678318E
:103AD000C8C9894878322838D26842632830C8C0BB
:103AE00008220D30091D02F020FB0620FFF78DFE95
:103AF000606940308575F8BD0920DDE700F036FFCC
:103B0000F8BD70B57B4C3B216069095C08292FD159
:103B10000146028EC0314B89521C9A4228D1227A2A
:103B2000002A25D10A8A83889A4207D14B8AC58800
:103B3000AB4203D18B8A0589AB4209D043884B85C0
:103B40008A854A8ACA858A8A0A860122E6210A5417
:103B500001221146FDF747FC00210420FFF785FBF9
:103B600060690021C92211542030C1760321817778
:103B700070BD70B55F4C60692030C07E172803D0DF
:103B80005EA1624802F04FFC616900220B4640339F
:103B9000DA7608469A75E030867D0B240125002EE2
:103BA00006D0837C002B14D1C4740275857410E098
:103BB0001E7F002E07D01A774C88FA235C520276BB
:103BC0000C23837505E04E88FA235E520276057752
:103BD00084752031CA7670BD70B5464CA0798007D7
:103BE00036D5207A002833D160692030C17E01208B
:103BF000FFF7EEFD00282BD1A0690126C078002533
:103C0000030002F001FD0E8585088537465F0A85B1
:103C1000168526625285032152E060692030C07EFD
:103C2000052804D0394835A1333802F0FCFB60691F
:103C30000CE060692030C07E092804D033482FA1F1
:103C40002D3802F0F0FB606956210D542030C57606
:103C500070BD60692030C07E0B2804D02B4827A19E
:103C6000263802F0E0FB60695B210E540C21203005
:103C7000C17670BD60692030C07E0F2804D0234813
:103C80001EA11F3802F0CFFB60695B210E5410218A
:103C9000EDE760692030C07E102804D01B4817A1D2
:103CA000183802F0C0FB12210AE060692030C07EA3
:103CB000102804D0154811A1123802F0B4FB1421C9
:103CC0006069D4E7FFF755FF70BD60690146C030F9
:103CD000027A062A04D14031897F890700D505720E
:103CE000417A0629F0D1457270BD0000703801009C
:103CF000CD070000C4000020B81400207372635C7C
:103D00006C6C5F736C6176652E6300004C0500007F
:103D1000FD49FE4802F087FBE6E710B5FC4C606900
:103D20002030C17E0020FFF753FD002803D1207A08
:103D3000012108432072207A002808D1E069FDF7AC
:103D4000EBF961699122505405202031C87610BDED
:103D500010B5EF4C60690146C0314A7A002A06D09E
:103D6000097A062903D0217A012211432172217A8E
:103D7000002928D14030807F800715D4E069FDF705
:103D80005AFA61694031C877E069FDF756FA61690E
:103D900040310884E069FDF755FA6169022240313B
:103DA0004884887F10438877606900220146C031CB
:103DB0000B7A062B00D10A724030837FDB0702D1D9
:103DC00006234B72028310BDF8B5D14C60692030D8
:103DD000C17E0020FFF7FCFC0125002807D16069A7
:103DE0004030007F002802D1207A28432072207AB8
:103DF000002830D160690026014640304682857532
:103E0000B031E069FDF7EFF96169E0698831FDF7EC
:103E1000F3F960690146E030827D0827002A06D068
:103E2000817C002913D1C774067585740FE04A8818
:103E3000F8204252FA31E069FDF7C8F96169E0699A
:103E4000FF310331FDF7CAF96069E03087756069B9
:103E50000F212030C176F8BD10B5AD4C606920301F
:103E6000C17E0020FFF7B4FC002803D1207A012195
:103E700008432072207A002812D1E069FDF769F921
:103E800000280ED0E069FDF75FF96169CA2250523F
:103E9000098E00F0D6FD002806D0282000F05EFD37
:103EA00010BDFFF73AFF10BDE069FDF74BF96169FE
:103EB000C0310873E069FDF740F96169C031C8811C
:103EC000E069FDF72BF96169C0310882E069FDF70F
:103ED0002AF96169C0314882E069FDF729F9616911
:103EE000D422505208202031C87610BDF8B5884C35
:103EF000A079C00776D0207A002873D1606920307D
:103F0000C17E0120FFF764FC002863D1E069002531
:103F1000C178022701260B0002F076FB0D1613086C
:103F2000415A5A445C575A192F545A00FDF74CF91C
:103F30006169C62250543B20475440314D828E75F2
:103F400048E000F093FD45E0FFF786FF42E060693E
:103F50002030C17E0020FFF73BFC002802D1207AF0
:103F600030432072207A002834D160690146403104
:103F70004D828E750B2120300FE0606901462030A4
:103F8000C27E0C2A02D0227A3A432272227A002A76
:103F900020D1C57740310E770D21C1761AE0FFF7A9
:103FA00013FF17E0606901462030C27E122A02D05A
:103FB000227A3A432272227A002A0BD140318D753F
:103FC0001721EAE7FFF7C4FE04E000F00DFD01E071
:103FD000FFF7A3FE62690023106F516F401C594127
:103FE00051671067F8BDF8B5494C05466069203047
:103FF0008079012801D1FBF7E9FA012D14D160691C
:104000004021095C002903D12030C07F002801D065
:10401000FBF79BFDFBF7BDFAFBF7B0FAFBF708FADD
:10402000FBF72DFAFBF746FA60790225C107012656
:10403000002901D180070ED560692030817F0029D9
:1040400002D0032902D006E0867700E085770021C0
:104050000120FFF70AF960692030817F012903D12F
:104060006179090700D58577607A002803D100F0CF
:1040700027FDFFF7A4FC207900250028606902D005
:104080008030058403E08030018C491C0184607914
:10409000C00705D06069AC210D544030858104E033
:1040A000616940318889401C8881E079002806D008
:1040B0006169A031087B022806D8401C087360693A
:1040C000A030007B022806D9606901468030058453
:1040D0004584A0310D7360692030C17E0020FFF758
:1040E00077FB002804D160692030C07E072855D1B5
:1040F00060690146C0310A7A062A4FD0497A0629FA
:104100004CD03E21095C05E0FC3C0100BA050000F2
:10411000C4000020022941D1A030007B00283DD1FD
:10412000FDF74FFB002839D0FDF704FC002835D0FF
:1041300061690A468032508B01282FD90846A03089
:10414000844646716038C7898389B81E834201DB83
:10415000012002E0F81A401E80B2138CA789BB42EE
:1041600001D3012302E0FB1A5B1C9BB2984200D9E9
:104170001846012801D163465D71C0310B78002BD0
:1041800010D0528C49888A4201D3012102E0891A59
:10419000491C89B2884205D9084603E061690120BB
:1041A000A0314D7161690A8E803110188883FFF744
:1041B000DAFAFFF761FAFEF756FF002809D06069C6
:1041C0000146FF3001300279002A02D14988C180BE
:1041D00006716069A0308571F8BD70B5F84C6069F2
:1041E0002030407D00283ED0022810D1FDF7C2FAD1
:1041F000002804D17120F349000102F014F962692A
:104200000023916ED06E491C58419166D06660695A
:10421000002520304575017D012904D10575A1795E
:1042200010221143A171C17C012915D1C574A07957
:1042300008210843A071FDF76AFB002804D1E5209E
:10424000E049C00002F0EFF860690023816EC26EA1
:10425000491C5A41C266816660692030817D01290E
:1042600002D0012181753FE585753DE570B5D44CDF
:104270000026E169012508788207920F0420012AAF
:1042800015D0022A13D0032A03D0217A01432172C8
:104290002AE560780028FBD1606920308574A17917
:1042A0002943A17122E0C6751EE5C5751CE5497854
:1042B000CA0624D06278002AEAD1C906C90E1B2991
:1042C00018D8617901436171FDF75FFB002804D1C3
:1042D0003B20BC49400102F0A6F860690023016F51
:1042E000426F491C5A41426701672030C17D012954
:1042F000DBD1D8E7207A102108432072F4E460690A
:10430000F3E77CB504460020C0436946888001A8D5
:10431000FCF7B2FD00287AD169468888FCF790FD49
:10432000002803D0A749A84802F07DF8009801466C
:10433000E030827C0025002A08D0657010212170B1
:10434000C17CA170017DE170857472E082799C4E20
:10435000002A13D065700720207008E07169E620FC
:104360008D8445540A22A01CE83101F0DEFE00983D
:10437000E03080790028F1D1A5705AE0827D002AD2
:1043800038D0827D130002F03FF90D2F2F2F2F2FF1
:104390002F2F2F112F2F24082F0065700C21217033
:1043A000017EA17071694988A18010E065700820C4
:1043B00020707069082240886080201DFA3101F069
:1043C000B4FEFF2100980331095AA181E0308575C0
:1043D0002FE065700B212170017EA1707169498801
:1043E000A180017FA171F2E7774876495D3002F044
:1043F0001AF81EE0C81DF9300279002A08D01122EF
:1044000065702270811C89886180057111E012E05D
:10441000027A002A0FD012226570FF312270033118
:1044200004E005720A8962804A89A280027A002A21
:10443000F7D101207CBD00207CBD614800780128B7
:1044400001D00C2070470020704770B55C4C0546C9
:104450002078002804D05C485A49933001F0E3FFEB
:1044600000202561A07201202070FFF7E6FF0028E0
:1044700004D0554853499E3001F0D5FF34E4F8B5D7
:104480004F4F3978012901D00C20F8BD0126A62113
:1044900078610E548030807CFDF752F900282FD0CF
:1044A00078698030807CFDF753FA002828D078693D
:1044B0008030807CFDF7E5F9002821D078698030D4
:1044C000807CFDF70AFA00281AD0FAF7E6FF78692F
:1044D00000258030408B002827D039481830FDF760
:1044E000DAF9002821D07869C421095C00291CD0A0
:1044F0002030C17E0120FFF76BF9002802D014E0C4
:104500001220F8BD78692030C17E0420FFF760F9E1
:1045100000280AD1786950210D526030457102207F
:10452000FFF773F97869A03045717869E621095C75
:10453000002903D1818CC288914200D8C188B981F9
:1045400001468031CA8B521E93B20A8CD21892B2A5
:104550000A8494460246A0321479002C02D04D847D
:10456000157102E04C8CE4184C8404464034A78951
:10457000FF18A7814C8B012C01D8641C4C83002BA5
:1045800000D015732030C07E0D4C04281ED0507909
:1045900000281DD0A1898C451AD2FDF712F90028F8
:1045A00016D060690146C0310A78002A10D08030E8
:1045B000408C498888420BD3A570E6700AE0000061
:1045C000C4000020FC3C010081080000A67001E04E
:1045D000A570E5706069A5210D543B21095C062991
:1045E00001D0072918D1CA21028E095A511A09B2DD
:1045F000002911DB01460522CC310A3001F095FD7E
:10460000012202216069FCF7EEFE6069C9210D54A8
:104610003B210D546030867160699E210A5A811CCD
:104620003030FCF71EFFA07800283DD16069C02122
:10463000095C002901D0803045840120FAF7A4FDEF
:1046400060691330FAF713FF60690F30FAF753FE11
:104650000120FAF71FFF61694020405C002803D168
:104660003F20405C00280DD00A467831C8C9F9487F
:104670007832D26842632830C8C008220D30091D44
:1046800001F053FDFAF701FF01210846FAF758FE41
:1046900060698030806AFAF716FFFEF7A5FF60694F
:1046A0004030007AFAF730FE6571E571A571257228
:1046B0006572257102202070FAF7FCFE0020F8BD1B
:1046C00010B5E54C2078022801D00C2010BDA07850
:1046D000002803D00020FFF786FC17E0FAF7DDFE84
:1046E00000F033F9606920308079012801D1FAF7B0
:1046F00076FFA07A002809D0012807D0022807D029
:10470000032805D0D549D64801F08DFE002010BD04
:10471000EEF77EFCFAE7D0498872704710B5CE4CB0
:104720002078032804D0CE48CC49293001F07BFE04
:10473000606901212030827C002A06D00022827428
:104740000175A27904231A43A271A2691378DB438D
:104750009B0707D1C37C002B04D1C174A07902212F
:104760000843A0711078C00606D4E0690078C0063E
:1047700002D4E07900280CD06078002809D1A07913
:10478000002806D1FEF75DFC002802D0207A002820
:1047900003D00120FFF727FC03E0FEF725FF00F020
:1047A000D4F8207801280DD0A07A00280AD001285A
:1047B00008D0022807D0032805D0A948A7496830A7
:1047C00001F031FE10BD0120FBF719F810BD10B546
:1047D000A14C606920308079012812D1FAF7F6FEE9
:1047E0006169881C3031FCF7C5FE002809D060697A
:1047F000C21D4388F93253812030007E107301209E
:10480000107210BD70B5944C05462078042804D071
:1048100093489249803001F006FE617910200143EF
:104820006171002D50D0FBF7A8F96178012508438C
:10483000002811D160694021095C00290CD0E16990
:104840004A78D20608D0097820300907C07DC90F00
:10485000814201D165724EE0E078002809D0E0691C
:104860004178C90605D10078C00602D4FFF7AFFF32
:1048700041E0FFF7ACFFE06900784007C10F6069D5
:104880002030807D814205D0FFF7A7FC60790821A8
:1048900008436071E06900780007C10F606920304B
:1048A000C07D814201D1FFF7E1FC6079284360714E
:1048B0000020E071A079000704D560692030C07E37
:1048C000032818D0207A14E0022001436171E079B6
:1048D000401CC0B2E07101280DD8606940300078FA
:1048E00000280CD05B484078C106C90E052906D2C5
:1048F000C006002803D00120FFF775FB01E0FEF79A
:10490000BDFD207801280DD0A07A00280AD001280A
:1049100009D0022806D0032805D051484F49E2307B
:1049200001F081FD9FE40120FAF769FF9BE410B5D7
:1049300049480078042804D049484849EA3001F041
:1049400072FD0120FFF74FFB10BD10B501210020C3
:10495000FAF7DBFE40490420087010BD3E494A22A8
:104960004969505404202031C876704710B53A4C3C
:10497000C8206169405C00281CD0062806D0203180
:10498000C97E0020FEF724FF002813D0606901468D
:10499000C0310A7A130001F037FE070D0D0D0D0D21
:1049A0000D050D004030807FC20704D0C043800752
:1049B00000D1087210BD0C20FEF727FF60690122AC
:1049C0004030817F1143817710BD10B5002A0AD095
:1049D000002306E0D41A6418203CE47FC4545B1C16
:1049E000DBB29342F6D310BD7CB51B4C606920301E
:1049F000C17E0020FEF7ECFE0125002802D1207ABE
:104A000028432072207A00281AD16946E069FCF711
:104A100022FC684600780022C107C90F6846017071
:104A20006069002902D06030057101E060300271D8
:104A30006069014640304282857509202031C87680
:104A40007CBD401A074900B2884201DC00280BDC1B
:104A50000120704790140020C4000020FC3C01009D
:104A6000F4090000FE7F00000020F2E710B5534C6F
:104A700060692030C17E0020FEF7AAFE0028207A5F
:104A800010D000280DD1E069FCF797FB6169CA22BC
:104A90005052098EFFF7D5FF002807D02820FFF7D6
:104AA0005DFF10BD01210843207210BD6169E069FE
:104AB000CC31FCF77AFB606906212030C17610BD4D
:104AC00010B500F04EF83D4C607940070BD5606999
:104AD0002030C17E0520FEF77BFE002803D0207A1F
:104AE000082108432072FFF701FA00F018F8FFF7D9
:104AF00073F8A079C0060FD5207A00280CD1606920
:104B00002030C17E0B0001F07FFD07070707070774
:104B1000070507000721C176FEF7F3FF10BD10B5AA
:104B200026488179490715D5017A002912D14069B3
:104B30003B21095C891E0B0001F066FD07050C0C8A
:104B40000C0D0C0F0C00002256210A54C030807945
:104B5000FFF704FF10BD012100E00221C0304172C7
:104B600010BD10B515488179090720D5017A0029B3
:104B70001DD1406902462032D47EA41E230001F0DC
:104B800043FD13160B1616161616161616161616BF
:104B90001616161616171600562211546030407954
:104BA000002801D0062000E01620FFF7D7FE10BD38
:104BB0004030C1768175D17610BD0000C400002060
:104BC00030B50346002002460DE09C5C2546303D92
:104BD0000A2D02D30020C04330BD0A256843303877
:104BE0002018521CD2B28A42EFD330BD70B50D46A8
:104BF000144608E00A2101F012FB2A193031203A4C
:104C0000641ED177E4B2002CF4D170BD10B500233E
:104C100010E0040A00020443A0B2CC5C4440200629
:104C2000000F60400407240C44402006C00C604084
:104C30005B1C9BB29342ECD310BD000010B572B662
:104C400000F0DCF800280BD0ECF72AFBF8F7EFFDBA
:104C500000F0A5FD6E490020C86288626D490860B9
:104C600062B6002010BDF3B5002501200007C06A20
:104C700081B0C0430006000E04D167480068401CA4
:104C800000D1012572B600F0B9F8002802D062B652
:104C90000820FEBDECF75AFAECF706FB5F4B604EBE
:104CA00000211A68CA40D2071FD00246CA40D20764
:104CB00018D14AB2002A07DA1407240F083CA408C6
:104CC000A400A419E46904E09408564FA400E41970
:104CD00024689207D20ED4402206920F012A04D0F3
:104CE000032A02D062B65048FEBD491C2029D8D301
:104CF0000198030001F088FC14212323232323239C
:104D000023230B0D0F11131F1517191B1D2E002424
:104D100016E0012414E0022412E0032410E004242D
:104D20000EE008240CE009240AE00A2408E00B2421
:104D300006E00C2404E0052402E0072400E0062439
:104D4000F06901210002000AC9070843F061002D43
:104D500004D009E062B601200003FEBD2C4D3348AB
:104D6000E862ECF7A1FAA8622A49314808603149A3
:104D700002980860ECF798FA214600F0F7FCF8F783
:104D80001AFD00F0FDFE00F073FD0198ECF756FAF5
:104D9000040062B603D0FFF751FF2046FEBD00209D
:104DA000FEBD10B5044600F029F8002800D001200F
:104DB0002070002010BD204908600020704710B509
:104DC0000C46102808D011280BD012280CD013281C
:104DD0000ED00120086010BD03CC083CFFF743FF54
:104DE0000AE0FFF72BFF07E02068FFF7DAFF03E098
:104DF0001149206808600020206010BD05480C495A
:104E00000068884201D101207047002070470000EF
:104E100000050040780000200010001000E100E0D4
:104E200000ED00E000E400E00110000000190000C7
:104E3000BEBAFECAE40000200400002010B52038ED
:104E40000C46030001F0E0FB33A6AAAEB2B8BCC02A
:104E5000C5E0DBE41B1F23272C31373C41474D5075
:104E600054585C606D71656974787C8084888C901E
:104E700094989C9FA2CACFE9F0F3D3D7F80020689A
:104E800000F0DDF8D6E0206800F0E1F8D2E020681C
:104E900000F0F5F8CEE0207840B200F0D7FAC9E093
:104EA000207840B200F0F5FAC4E02078616840B2A2
:104EB00000F008FBBEE0207840B200F018FBB9E03B
:104EC000207840B200F023FBB4E02078217940B292
:104ED00000F02EFBAEE02078616840B200F058FB95
:104EE000A8E000F064FBA5E0206800F068FBA1E00A
:104EF000207800F07DFB9DE02068F8F72CF899E021
:104F00002068F8F72CF895E021792068F8F72EF85A
:104F100090E0206800F0E6F98CE0206800F0E7F906
:104F200088E0207800F0E7F984E000F0F1F981E012
:104F3000207800F0F3F97DE0207800F005FA79E0C0
:104F4000206800F01EFA75E0206800F020FA71E099
:104F5000206800F022FA6DE0206800F023FA69E092
:104F6000206800F025FA65E0206800F027FA61E08B
:104F7000206800F028FA5DE00846ECF7FFF859E0F9
:104F8000EDF719FA56E0EDF746FA53E02068EDF731
:104F90004EFA4FE0206800F0E1F84BE0206800F0A6
:104FA000E9F847E0206800F0F0F843E02078A268D4
:104FB000616800F0F5F83DE0207800F006F939E08E
:104FC000207800F017F935E02078616800F027F9C3
:104FD00030E02078616800F03AF92BE02179207800
:104FE00000F016FC26E0206800F06BF822E0206854
:104FF000F8F70CFB1EE02068F8F7F0FA1AE007CC8F
:105000000C3C00F0FFFC15E0206800F052FD11E0C0
:1050100003CC083C00F07DFD0CE0206800F06EFF42
:1050200008E009E003E0FFE700F080FF02E020680D
:1050300000F0B8FF206010BD0120086010BD002105
:105040000170084670470146002008707047EFF372
:105050001081C907C90F72B60278012A01D0012256
:1050600000E0002201230370002900D162B6002A6B
:1050700001D000207047012040037047E7E7EFF3BD
:105080001081C907C90F72B600220270002900D131
:1050900062B600207047F2E710B52848FFF7CFFF4F
:1050A000002803D026A11D2001F0BDF92348401C93
:1050B000FFF7C5FF002803D021A1212001F0B3F99B
:1050C00010BDF1B5224D6F6801261C48FFF7BFFFE8
:1050D0001A4C002803D10026601CFFF7D0FF1D4AA0
:1050E0001D490120506000BF00BF00BF00BF00BFCE
:1050F00000230B604B60009B6B60106000BF00BF23
:1051000000BF00BF00BF0868002802D1486800281F
:10511000F9D048680028E4D1002E04D06F60601CEC
:10512000FFF795FF07E0601CFFF791FF0028D3D140
:105130000248FFF7A4FF0020F8BDC2E7E800002006
:105140007372635C736F635F6563622E630000005C
:1051500000E5004000E0004000E100405A495B4BA0
:105160000A685B499A42096801D18904890C016087
:10517000002070475449554B0A6855499A4201D15D
:105180008004800C4860002070474F494F4B0A68EC
:105190004F499A4201D18004800C886000207047FA
:1051A00030B5494B494D1C684A4BAC4202D01028DF
:1051B00002D203E00E2801D3184630BDC300444894
:1051C000181801614261002030BD3F493F4B0A6819
:1051D0004049491C9A4202D0042802D203E0022826
:1051E00001D3084670473C4A0121C0008018016085
:1051F000002070473449354B0A683649491C9A42A9
:1052000002D0042802D203E0022801D308467047E6
:10521000314A0121C000801841600020704770B5FC
:10522000294A2C4B14682D4E284D82005B1C921984
:10523000AC4203D0042803D2116006E0022801D357
:10524000184670BD8804800C1060002070BD70B5D9
:105250001D4A204B1468214E1C4D82005B1C921984
:10526000AC4203D0042803D2106806E0022801D320
:10527000184670BD10688004800C0860002070BD66
:1052800010B5134A164890600E200021C3009B18E9
:1052900019615961401C1028F8D300200F4A05E01D
:1052A000022803D383009B18196005E083009B1834
:1052B0001C68A404A40C1C60401C0428F0D310BD7E
:1052C000034907488860704778000020BEBAFECACC
:1052D00000F501400820000000F0014000F8014006
:1052E00000C0FFFF47490968016000207047454939
:1052F0000860002070470121434A002803D001289C
:1053000003D042487047916300E0D16300207047AA
:105310003F49012008603D48801C704704223D4BF6
:105320003B49002805D05A600869012210430861F2
:1053300008E008694008400008619A60324900208E
:10534000C03188600020704731490622002808D00B
:10535000012809D002280DD003280FD02B48401C6B
:1053600070470869904302E008699043801C086117
:105370000020704708699043001DF8E70869104352
:10538000F5E723494A6A02434A62002070472049F0
:105390004A6A82434A62002070471D49496A016097
:1053A000002070471A49CA690243CA610020704749
:1053B0001749CA698243CA61002070471449C96904
:1053C0000160002070471249024600204031002A47
:1053D00003D0012A01D0072070478A6370470D4926
:1053E0000420886008490020C03188600A480168AC
:1053F0008022090A0902114301600849012008605E
:1054000070470000000400404000004004200000FD
:10541000000500400003004000E400E000E100E07F
:105420008107C90E002808DA0007000F0838800835
:10543000814A80008018C06904E080087F4A8000AB
:1054400080180068C8400006800F704710B50446F9
:1054500000F0DBF8002813D02046FFF7E1FFC0B2D0
:1054600000F0E1F800280DD07549E2060B78D20E65
:1054700001209040002B08D04A681043486006E0A5
:10548000704810BD6F48401C10BD6F490860002077
:1054900010BD10B5044600F0B8F800280BD06849DC
:1054A000E2060B78D20E01209040002B05D04A680E
:1054B00082434A6004E0634810BD6349803108605C
:1054C000002010BD70B50D46044600F09EF800287F
:1054D0000BD05E480068E206D20E012191400840E0
:1054E00000D001202860002070BD564870BD10B566
:1054F000044600F08AF8002807D0E106C90E012012
:10550000884052490860002010BD4E4810BD10B5BB
:10551000044600F07AF8002808D0E106C90E012000
:1055200088404A4980310860002010BD454810BDC0
:1055300070B50D46044600F068F8002819D02846DA
:1055400000F071F8002816D0A007C10EFF228A4093
:10555000A807000E8840002C10DA2107090F08392F
:105560008B0835499B005B18D96991430143D96188
:105570000CE0344870BD3348401C70BDA3082F496F
:105580009B005B181968914301431960002070BDAE
:1055900070B50C46054600F038F8002805D02846BE
:1055A000FFF73EFF2070002070BD264870BDBFF39E
:1055B0004F8F21492648C860BFF34F8FFEE770B573
:1055C0001F4C05462178012000290ED1207072B6AB
:1055D00000F0F4F81C4E803631688143616000F0C1
:1055E000EDF8C043306062B600202870002070BD26
:1055F00013490A78002A06D0002804D1124A4868C4
:105600001060002008700020704710B50446202864
:1056100007DA00F0D3F80121A140084201D10120AE
:1056200010BD002010BD012803D0032801D00020A8
:10563000704701207047000000ED00E000E400E04A
:10564000EC0000200120000000E100E000E200E0AA
:105650000400FA05F8B50446800700250126002855
:1056600004DA5848C563C66302208443E00404D5C5
:105670005548C563C66380148443600003D553480E
:10568000456080058443E00504D55148C563C66381
:1056900080158443A00404D54E48C563C6634014F6
:1056A000844360042704C00FF90F884203D04AA145
:1056B000612000F0B8FEB80F0AD04C49CD634C48C9
:1056C000C563C563CE63C663C6630320800384439A
:1056D00020050AD5474FFD632F20EBF765FDFE63DC
:1056E0002F20EBF761FDF8148443FFF7C9FD424812
:1056F000044203D038A18D2000F095FEF8BDF0B52E
:1057000000210A46FF230446CC40E4072AD04CB2CD
:10571000E606F60E0125B540384E3560384E356048
:10572000002C11DA25072D0F083DAE08354DB600C7
:105730007719FD69A407E60E1C46B440A54314463C
:10574000B4402543FD610DE0A6082F4DB600761943
:105750003568A407E70E1C46BC40A5431446BC4070
:1057600025433560491C2029CDD3F0BD70B5274CA9
:105770000D462060FFF76EFF2068FFF7C0FF284648
:10578000ECF7EAFEFFF788FCF7F778FBFFF778FD08
:10579000FFF725FEECF766FD00F06AF870BD10B566
:1057A0001A4C2068FFF756FF2068FFF7A8FFFFF7A5
:1057B00067FDECF74BFF0020206010BD1348006828
:1057C00070470000C01F0040C0CF004000E501400E
:1057D000C08F0040C0DF00407372635C736F635F13
:1057E000636F6E6669672E6300000000C0EF0040C3
:1057F000C0FF0040C0BF0040FEFF0FFC80E100E0A2
:1058000080E200E000ED00E000E400E0F4000020B1
:1058100070B5002402460D4620462146002A1ED0BF
:10582000012A04D0022A04D0032A1ED103E0012059
:1058300002E0022013E003202B0000F0E5FE071633
:105840000507090B0D0F1600012108E0022106E0F3
:10585000032104E0042102E0052100E00621F8F71D
:1058600058F8002801D0204670BD0724FBE700004F
:10587000B348002101708170704770B5B14D0123AC
:105880006B60B14B1C68002CFCD0002407E00E6854
:1058900006601E68002EFCD0001D091D641C944289
:1058A000F5D30020686018680028FCD070BD70B582
:1058B000A34C0E466178884203D0A4A16F2000F06B
:1058C000B2FD0325330000F09FFE09520624245246
:1058D0005252524952002078022803D09BA17320D3
:1058E00000F0A1FD2570A078022802D0012804D084
:1058F00008E0A06800F0D2FB04E02046083007C8AA
:10590000FFF7BBFF0020A070F7F7A4FF0420207072
:1059100070BDF8F754F801466068F9F776FA064664
:105920002078022803D089A1872000F07CFD8B4AD3
:105930008B498C48964205D86269032A02D2521CD0
:10594000626102E0864207D84D71801BC8608449BD
:105950006078F8F7B4FC70BD032003E0A07800285D
:10596000FAD10220F7F77EFE00F0E1F870BD77A1D2
:10597000B12000F058FD70BD70B50546F8F71FF86E
:105980006F4C60602078012803D070A1B82000F02F
:105990004AFD73490220087000220A718D600422BA
:1059A0004A71704ACA6020706078F8F788FC70BD50
:1059B00010B5634CA078002802D12078002801D0CF
:1059C000112010BD6848F7F78BFF607060780028E1
:1059D00004D0012020700020606110BD032010BDA4
:1059E00010B50124020B64040121604BA04202D2D5
:1059F0009140186802E0203A58689140084000D071
:105A0000012010BDF8B50E46910005464F19144609
:105A10003F1F009100F053FB009980028919091F74
:105A2000B14201D2012200E00022002C03D0FF216C
:105A300001318C4201D90920F8BD4D498D4219D35D
:105A4000AF4217D3854205D2874203D2284630435E
:105A5000800701D01020F8BD8E420BD3002A09D157
:105A60002846FFF7BDFF002804D13846FFF7B8FFEE
:105A7000002801D00F20F8BD3E483F490068884209
:105A800005D0224631462846FFF7F7FE0FE0FFF724
:105A90008FFF0028EFD12A480121C660856004618C
:105AA00081702046302148431830FFF765FF002001
:105AB000F8BD10B504462E48800A84420BD300F08E
:105AC000FEFAA04201D8102010BDA0020446FFF744
:105AD00087FF002801D00F2010BD26482649006806
:105AE000884203D0204600F0D9FA0AE0FFF760FFB1
:105AF0000028F1D112480221846081701F48FFF70D
:105B00003BFF002010BD1A48010B01208840401EB9
:105B1000704700B50B460246FFF7F5FF104201D073
:105B20000F2000BD114802604360002000BD10B589
:105B3000034C6078F7F728FF00202070A07010BD9C
:105B4000F800002000E5014000E401407372635C4E
:105B5000736F635F666C6173682E6300307500005D
:105B6000E0140020D0FB0100AF5801000006004007
:105B70000080010078000020BEBAFECA3A5600003C
:105B8000F74805218170002101704170C17081606A
:105B9000704710B5F3490A78022A07D0CA6810186E
:105BA000C860C8689638F9F7E9F810BD8A68101817
:105BB00088608868F6E70378EB49EC4A002B02D04E
:105BC000012B10D014E00379002B01D0012B0FD151
:105BD0004379002B01D0012B0AD18368643B8B42AF
:105BE00006D2C06810E00379002B03D0012B01D04E
:105BF000002070474379002B01D0012BF8D1C368F6
:105C0000643B8B42F4D280689042F1D80120704707
:105C1000F8B504460226F8F740FD0068002803D0D6
:105C2000D3A1BD2000F0FFFB0127CD4D002C08D0F3
:105C30002078002817D0012805D0022811D0032889
:105C400013D02F710DE06068C82808D3F9F70BF95D
:105C5000002804D06068FFF79CFF012603E00026BF
:105C600001E000F0F9F93046F8BD28780028F8D1B5
:105C70006068FFF7A0FF0028E3D060680078002884
:105C800026D0A878042803D0B9A1F72000F0CBFBD8
:105C9000B44F0020387060680079012800D00020DF
:105CA000387160684079002837D0042078716068C6
:105CB0008168E868F8F71DF9B8606068C0689630D8
:105CC000F8600320A870A749E878F8F7F8FAC8E761
:105CD000A4480221017061680979012919D00021C5
:105CE000017161684979002915D004214171616809
:105CF0008968963181606168C968C160C068984CE4
:105D000014346060F7F75BFE20606F700220A870AB
:105D1000A7E70321E4E70321E8E70320C6E7F8B596
:105D20008F4C0D46E178884204D0FF2090A11930B5
:105D300000F079FB28468A4F00250126143703001E
:105D400000F062FC090612375A7C8D97C4A0C4008B
:105D5000A078032807D0A078022804D0FF2084A1CF
:105D60001D3000F060FBF8BDA078032807D0A078B4
:105D7000022804D0FF207EA1213000F054FB042033
:105D8000A07025712078002810D1FFF702FFE0787D
:105D9000F8F7D6F8E0607D49886A7D4A02402261C2
:105DA0007B4AD24310408862002050E000F054F952
:105DB000F8BDA078032807D0A078022804D0FF20DF
:105DC0006BA1423000F02FFB2078002802D000F0B9
:105DD0004FF9F8BDA07803281FD104202AE0091A42
:105DE0006048C1600146E078F8F769FAF8BD042020
:105DF000F7F738FCA570F8BDA078032807D0A07885
:105E0000022804D0FF205AA1633000F00CFB207858
:105E10000028DCD1A07803280BD0F7F7D0FD01468D
:105E20003868F8F7F2FF0028E1DB79688142DEDBB1
:105E3000D5E70520F7F716FCA670F8BDA078042872
:105E400004D0FF204AA1843000F0EDFA0220A168BE
:105E50008847FFF7DDFEFF260546BD3642E0A07805
:105E6000042804D0FF2042A1893000F0DCFA012090
:105E7000EDE7A078042899D0FF203DA18E3000F0F6
:105E8000D2FA93E7A07804280AD06078002802D0DC
:105E9000A078022804D0FF2035A1933000F0C3FA87
:105EA0002078002893D12079002804D00620F7F725
:105EB000D9FB2571C0E76078002805D02949E07832
:105EC000F8F7FDF96570F8BD0720B3E7FF2028A1BA
:105ED000AE3046E7002D0AD0012D06D024A1304671
:105EE00000F0A1FA022DF5D1F8BD042000E0032056
:105EF000A1688847FFF78CFE0546F3E770B50500FB
:105F000005D0174CA078052803D0112070BD1020B3
:105F100070BD2048F7F7E4FCE070E078002803D07B
:105F2000A5600020A07070BD032070BD10B50C48A6
:105F30000178002901D0112010BD817805292BD0CE
:105F4000817801292AD08178002927D00121017088
:105F50008178012922D0807800281FD020E000001D
:105F600010010020F01400203D860100FF1FA10752
:105F70007372635C736F635F726164696F5F74698E
:105F80006D65736C6F742E630000000000050040A7
:105F9000028100001F5D01000F2010BD00F068F8B5
:105FA000002010BDF8B5394E0446B078002801D065
:105FB00001280DD1002C0DD02046FFF7FCFD002854
:105FC0000AD02078324D002808D0B078012823D09C
:105FD0000F20F8BD1020F8BD0720F8BD02272F7054
:105FE0002079012814D0002028716079002811D070
:105FF00004206871A0689630A860E068E860E868EE
:10600000224C14346060F7F7DAFC2060B77019E0B6
:106010000320E9E70320ECE700202870207901281D
:1060200016D0002028716079002813D004206871F0
:10603000A168F068F7F75DFFA860E0689630E86057
:106040000320B0701249F078F8F739F90020F8BD54
:106050000320E7E70320EAE710B50E48816A0E4AFD
:1060600011400A4A126911438162F7F7F3FB10BD30
:1060700010B5064CE078F7F787FC0820F7F7F2FA3E
:106080000520A07000202070607010BD100100205D
:10609000F014002000050040FD7EFFFF0A4A0221A7
:1060A00051600A490B68002BFCD0906008680028FA
:1060B000FCD00020506008680028FCD07047012008
:1060C000000740697047000000E5014000E401401E
:1060D000034610B50B439B070FD1042A0DD308C804
:1060E00010C9121FA342F8D018BA21BA884201D9A8
:1060F000012010BD0020C04310BD002A03D0D307EB
:1061000003D0521C07E0002010BD03780C78401C1F
:10611000491C1B1B07D103780C78401C491C1B1B16
:1061200001D1921EF1D1184610BDF8B5042A2CD326
:10613000830712D00B78491C0370401C521E830742
:106140000BD00B78491C0370401C521E830704D0EF
:106150000B78491C0370401C521E8B079B0F05D007
:10616000C91ADF002023DE1B08C90AE0EBF72CF870
:10617000F8BD1D4608C9FD401C46B4402C4310C064
:10618000121F042AF5D2F308C91A521EF0D40B7854
:10619000491C0370401C521EEAD40B78491C037042
:1061A000401C012AE4D409780170F8BD01E004C064
:1061B000091F0429FBD28B0701D50280801CC90767
:1061C00000D00270704700290BD0C30702D00270C4
:1061D000401C491E022904D3830702D50280801C7B
:1061E000891EE3E70022EEE70022DFE70378C278AA
:1061F0001946437812061B0219438378C0781B04A2
:10620000194311430902090A000608437047020AAC
:1062100008704A70020C8A70020ECA707047002221
:1062200003098B4273D3030A8B4258D3030B8B426F
:106230003CD3030C8B4221D312E003460B437FD4A3
:10624000002243088B4274D303098B425FD3030AB5
:106250008B4244D3030B8B4228D3030C8B420DD3C8
:10626000FF22090212BA030C8B4202D31212090256
:1062700065D0030B8B4219D300E0090AC30B8B4294
:1062800001D3CB03C01A5241830B8B4201D38B0342
:10629000C01A5241430B8B4201D34B03C01A5241E7
:1062A000030B8B4201D30B03C01A5241C30A8B422A
:1062B00001D3CB02C01A5241830A8B4201D38B0215
:1062C000C01A5241430A8B4201D34B02C01A5241B9
:1062D000030A8B4201D30B02C01A5241CDD2C3092B
:1062E0008B4201D3CB01C01A524183098B4201D3A7
:1062F0008B01C01A524143098B4201D34B01C01A92
:10630000524103098B4201D30B01C01A5241C30809
:106310008B4201D3CB00C01A524183088B4201D378
:106320008B00C01A524143088B4201D34B00C01A64
:106330005241411A00D201465241104670475DE079
:10634000CA0F00D04942031000D3404253400022FC
:106350009C4603098B422DD3030A8B4212D3FC22A5
:10636000890112BA030A8B420CD3890192118B4224
:1063700008D3890192118B4204D389013AD092113A
:1063800000E08909C3098B4201D3CB01C01A5241F5
:1063900083098B4201D38B01C01A524143098B42BE
:1063A00001D34B01C01A524103098B4201D30B01A7
:1063B000C01A5241C3088B4201D3CB00C01A5241CC
:1063C00083088B4201D38B00C01A5241D9D24308B3
:1063D0008B4201D34B00C01A5241411A00D20146F0
:1063E000634652415B10104601D34042002B00D55A
:1063F0004942704763465B1000D3404201B500201C
:10640000C046C04602BD70477047704710B500F0E7
:106410003BF810BD012308CB134B1860134B1960D8
:10642000134B1A607047134A134B13607246053AB8
:10643000F0E7114A0F4B1B689A420ED10D4B00201A
:10644000186001980D4B04B598470CBC9E46024657
:10645000029800990A4B1B68184706980599094B42
:106460001B68DB6818470000340100203801002059
:106470003C0100202C010020EFBEADDEC9CD0000A4
:10648000E4000020040000201D481E497047FFF76B
:10649000FBFFEAF753FE00BD01200007C06AC0B24F
:1064A000FF2804D1184819490968884202D01848C1
:1064B00018490160184819490968884203D1184AE7
:1064C00013605B68184700BD20BFFDE71248134901
:1064D000096888420ED1134B18680B498842F3D0E3
:1064E00080F308881049884204DD104802680221C0
:1064F0000A4302600E4880470E4880470E48004716
:106500000015002000150020FFFFFFFF0010001005
:106510002C050040080000000010000000000020D2
:10652000040000200080010000200020240500401D
:10653000DFCD000099640100156401001348704527
:1065400002D1EFF3098101E0EFF308818869023895
:106550000078102814DB202810DB2B280BDB0C4ADA
:1065600012680C4B9A4203D1602804DB0A4A104798
:10657000022008607047094A10470000084A104787
:10658000084A12682C32126810470000FDFFFFFF16
:1065900078000020BEBAFECAAD1200003D4E0100D8
:1065A000BF4D0100040000200D4B0E4908470E4B63
:1065B0000C4908470D4B0B4908470D4B0949084743
:1065C0000C4B084908470C4B064908470B4B05493B
:1065D00008470B4B034908470A4B0249084700008C
:1065E00079250000192200009D2B00003F2A0000A1
:1065F000ED2900009F270000B912000013140000CD
:10660000012B00000F23000030B47446641E25786F
:10661000641CAB4200D21D46635D5B00E31830BCD6
:10662000184703B5684600784006400E401C884273
:1066300005D269460878401CC0B208700CBD684697
:106640000078000601D500200CBD80200CBD414023
:10665000802901D0002070470120704737B50878A5
:106660000C4669460978884206D020781146FFF723
:10667000D8FF207001203EBD00203EBD37B5044646
:106680000078154669460979FFF7E1FF002801D037
:1066900000203EBD20782946FFF7C3FF207001206F
:1066A0003EBD0FB568460179007881420AD0684640
:1066B000007922214006400E4843801818600120CE
:1066C00004B000BD0020FBE77FB5684601791C4699
:1066D00015460078FFF7BBFF002802D0002004B069
:1066E00070BD6846007822214006400E484340199C
:1066F00020600120F3E70000FFFFFFFF0000FFFF25
:106700000100030000000100000000000000000084
:1067100000000000000000008700000000000000F2
:10672000000000000000000000000001020304005F
:106730000D0E0F100000000033690000516B0000C7
:10674000196C0000736C0000C76C00002F6D000016
:106750008D690000456A0000D16D0000DF790000FE
:10676000100110013A0200001A02000004013C006E
:10677000230044000E0001020408102040805555FB
:1067800055D6BE898E0000007006120DB4130000AD
:1067900014035A06A00900006004F208840DF401F5
:1067A000FA00960064004B0032001E001400000046
:1067B000E067010008000020100000000411000044
:1067C000F0670100180000202801000004110000FB
:1067D0001869010040010020C013000020110000D2
:1067E0000249022208681042FCD0704700E200E033
:1067F0000000000000000000000000000000000099
:106800000000000000000000000000000000000088
:106810000000000000000000000000000000000078
:10682000000000000100010054000020FB349B5FC9
:106830008000008000100000000000000000000048
:106840000000000000000000000000000000000048
:106850000000000001000000000000000000000037
:106860000000000000000000000000000000000028
:106870000000000000000000000000000000000018
:106880000000000000000000000000000000000008
:1068900000000000000000000000000000000000F8
:1068A00000000000000000000000000000000000E8
:1068B00000000000000000000000000000000000D8
:1068C00000000000000000000000000000000000C8
:1068D00000000000000000000000000000000000B8
:1068E00000000000000000000000000000000000A8
:1068F0000000000000000000000000000000000098
:106900000000000000000000196401000000000009
:0869100000000000000000007F
:1080000000400020BD3C0200F93C0200FB3C0200A5
:108010000000000000000000000000000000000060
:10802000000000000000000000000000FD3C020015
:108030000000000000000000FF3C0200013D0200C3
:10804000033D0200FDDA010079470200033D020012
:10805000033D020000000000C53D0200033D020098
:10806000033D0200E94C0200AD430200033D020063
:10807000033D0200033D0200033D0200033D0200F8
:10808000033D0200033D0200033D0200033D0200E8
:10809000033D0200E136020075380200033D020094
:1080A000033D0200033D020000000000000000004C
:1080B00000000000000000000000000000000000C0
:1080C00010B5064C2378002B07D1054B002B02D0AE
:1080D000044800E000BF0123237010BD5822002097
:1080E0000000000000490300084B10B5002B03D02E
:1080F0000749084800E000BF07480368002B00D18B
:1081000010BD064B002BFBD09847F9E7000000009C
:108110005C220020004903002C2200200000000007
:10812000164B002B00D1144B9D46402292029A1A06
:10813000924600218B460F461348144A121A1AF031
:1081400001FC0F4B002B00D098470E4B002B00D0AA
:1081500098470020002104000D000D48002802D09F
:108160000C4800E000BF14F0CBFD200029001AF0FD
:1081700080F914F0AFFDC046000008000040002068
:10818000000000000000000030220020AC2A002087
:10819000000000000000000010B50400034B416027
:1081A0000360080017F017F9200010BD50310300DC
:1081B00070B50500082001F0C9FF041E05D0044B6E
:1081C00045600360280017F006F9200070BDC04626
:1081D000503103001FB50C00416803A803F012FBE7
:1081E000002362420193009303A9034804F0DCFDDD
:1081F00003A816F0AAFF1FBDB423002030B585B038
:108200000C00416803A8150003F0FCFA0023624249
:10821000009303A90195044804F0C6FD03A816F0D5
:1082200094FF05B030BDC046B423002030B585B002
:108230000D00416802A8140003F0E4FA02A903A8A3
:1082400016F090FF00230193FF3B220003A9009347
:1082500005482B0004F064FE03A816F076FF02A880
:1082600016F073FF05B030BDB423002010B50AB27C
:10827000FF2301B2014803F0DDFA10BD28240020DD
:10828000F8B5FF2304000D0016009A420CDC002311
:108290009A4209DDFF339A4206D0094F380017F0A1
:1082A00045FE012807D133002AB2DBB221B20548CE
:1082B00003F0C0FAF8BD0121380017F019FEF2E70B
:1082C000B42300202824002010B50AB2002301B2F4
:1082D000014803F0AFFA10BD2824002010B50AB2FF
:1082E00001B2024803F0BCFA10BDC04628240020A9
:1082F00010B5024817F01CFE10BDC046B423002084
:1083000010B50100014804F039FE10BDB42300206F
:1083100010B5024804F08EFC10BDC046B423002006
:1083200010B5C1B2014817F0E3FD10BDB423002021
:1083300010B5024817F0FAFD10BDC046B423002066
:10834000030010B50448002B02D017F035FE01E001
:1083500017F037FE10BDC046B423002037B50C49D6
:1083600001A817F038FE01A803F05CFA050001A887
:1083700016F0EBFE082001F0E9FE041E02D02900F1
:10838000FFF70AFF280017F030F820003EBDC04676
:10839000B4230020F8B504000E00082809D1E42514
:1083A000134F6D0078590368DB699847022819DD7F
:1083B00003E00300093B012B06D932001023210002
:1083C0000D2002F08BF9F8BDE425094F6D007859B6
:1083D0000368DB6998470528EFDC785908210368B2
:1083E0009B6903E00421785903689B699847E4E797
:1083F000C422002070B5E424064D6400060028590C
:1084000017F0C2F8285917F0EEF8801B4342584184
:10841000C0B270BDC4220020030010B50948012B72
:1084200002D0022B03D1084817F0EBF805E000203A
:10843000032B05D1054818F00CF9431E9841C0B232
:1084400010BDC0462C240020542400207C24002091
:10845000F7B5E422214B5200985817F095F80FF029
:10846000BDFCE4221D4B5200040098580D0017F08B
:1084700092F80FF0B3FCE422184B52000600985813
:108480000F0017F08FF80FF0A9FC22000090019167
:108490002B00200029000EF07DFE32003B0004007E
:1084A0000D00300039000EF075FE02000B002000B8
:1084B00029000DF01FFF009A019B0D000400190018
:1084C00010000EF067FE02000B00200029000DF0E6
:1084D00011FF11F09FF90FF04BFCFEBDC4220020EC
:1084E000030010B50020032B1BD818000CF00EFD64
:1084F00002091017E4230B4A5B00D05817F044F828
:108500000FE0E423074A5B00D05817F044F808E076
:10851000E423044A5B00D05817F044F801E0FFF769
:1085200097FF10BDC422002010B5024817F05FFD70
:1085300010BDC046B4230020E62310B5024A5B00FC
:10854000D05803F0CFFF10BDC422002010B5024860
:1085500018F081FA10BDC046A424002010B50028F0
:1085600008D001280DD1E423074A5B00D05803F05E
:108570001FFD07E0E423044A5B00D05803F002FD2E
:1085800000E0002010BDC046C422002010B5032822
:1085900018D8E623104A5B000CF0B8FC02060A0E5D
:1085A000D05817F00AF90AE0D05817F00DF906E094
:1085B000D05817F010F902E0D05817F0C1F80FF0BA
:1085C0000DFC01E0002000210022044B0EF0BEF95A
:1085D00000F0A0FA10BDC046C422002000408F4029
:1085E000E62310B5024A5B00D05803F07DFE10BDB3
:1085F000C4220020E423044A5B0010B50100D058D7
:1086000002689269904710BDC422002013B504236C
:10861000C25E811D684603F097F802236A4601A8EE
:10862000084905F069FD01980223C15E043014F089
:10863000FBFF040001A816F0CBFC684616F0C8FC4E
:10864000200016BDC822002013B50E4C200018F0E3
:1086500003F9021E05D101000B4814F0E5FF0400E8
:108660000EE00023210001A818F038F90198022338
:10867000C15E043014F0D8FF040001A816F0A8FC75
:10868000200016BDC8220020A445030037B50D0008
:108690000423C25E811D01A803F056F8094C01A90C
:1086A0000022200005F05AFB01A816F091FC2A00D8
:1086B000102301210C2002F011F80021200005F008
:1086C00099FC37BDC822002007B500280DD004232F
:1086D000C25E811D01A803F037F8022201A90348F8
:1086E00018F0F3F801A816F073FC07BDC8220020AB
:1086F00010B5002806D00100426808310223024864
:1087000005F008FC10BDC046C82200200223F7B5C2
:10871000051E124F019305DC380018F09DF8002368
:10872000050001932900002000F0C6F8040026008F
:10873000083601F0F5FD31003800019B626805F054
:108740007BFC27000100854203D0300000F0B4F824
:108750000700200016F03CF93800FEBDC8220020BA
:108760000C4B10B50C00984206D00B4B984207D129
:1087700019230B70183B0BE018230B70173B07E015
:1087800000F030FF031E03D00E23C35623700123D5
:10879000180010BDE9030000EA030000F0B585B041
:1087A00002AB9E1D0F0031000192FFF7D9FF0C4C68
:1087B000002807D002ABDD1D29003800FFF7D0FFED
:1087C000002805D10199200005F048FA05B0F0BD58
:1087D00000220021AA567156200005F091FDF1E714
:1087E000C822002073B56B469C1D0E002100FFF7C8
:1087F000B7FF002807D06B46DD1D29003000FFF7CA
:10880000AFFF002801D1054806E000220021AA564A
:108810006156034805F074FD76BDC04617FCFFFFA6
:10882000C822002010B50100014805F017FA10BD5C
:10883000C822002010B5064C19221821200005F08E
:108840005FFDE1212000490205F008FA10BDC04695
:10885000C822002010B50100014805F035FD10BD0B
:10886000C822002010B50100014805F0B3FA10BD80
:10887000C822002070B506000D1E02DA1AF0A2F818
:1088800005000B48002D12D0E81D01F05FFC041E0E
:1088900001D0084B0360A580002E04D0A01D2A0043
:1088A00031001AF031F8002320006519AB7170BD5A
:1088B000143203009832030070B506000D1E0B48F9
:1088C00013DD0800083001F041FC041E01D0084B04
:1088D00003602000656008302A00311E02D01AF0C3
:1088E00013F801E01AF02EF8200070BDD831030013
:1088F000E4310300014B18607047C046042000209B
:10890000034B044A58431368584010607047C046F0
:10891000CB5725CA04200020F7B5050001260F49D2
:108920000B6801912C000020DF0FBC4661469F09B7
:108930004F405F4019095A084F409B087B40534005
:10894000DB0713431A004000324010436408EBD1A8
:108950008542E7D3019A1360FEBDC0460420002083
:108960000048704714320300F7B504000D000028DA
:108970000AD0154B002922D008009C4223D0124B6C
:1089800020009D4204D11EE0104C0029F7D12500A3
:10899000A688AF880020B919FFF76CFF03000633E3
:1089A0000090A11D32001800019319F0ADFF019B4A
:1089B000A91D98193A0019F0A7FF009803E0034D8C
:1089C00028009C42E4D1FEBD143203008031030034
:1089D000F0B57F22040087B005912378190009398A
:1089E000042903D919001140202901D10134F4E7E9
:1089F0002B3B5A425341E41823782D2B03D10134E9
:108A00000026314F01E00026304F0023002203935F
:108A100002930023009201932578002D30D02B0083
:108A2000303B0493092B1ED8009801990022284B53
:108A30000EF0B0FB0090019104980FF0CFF9009A6E
:108A4000019B0DF057FC01230393029B00900191C1
:108A5000002B13D03000390000221D4B0DF076FFA3
:108A600006000F0008E0029B002B03D0039B002BA5
:108A700006D125E02E2DF9D1012302930134CBE755
:108A8000009A019B300039000EF084FB2023060081
:108A90000F009D43452D10D10599601C0A2214F04A
:108AA00031FA0B49020000200CF048FC02000B00D8
:108AB000300039000EF06EFB04E0059B1C6001E005
:108AC0000020044907B0F0BD0000F0BF0000F03FF7
:108AD000000024400000F87F70B50B0004000C4833
:108AE000002A14DDA588002903DA6B18D943C917B9
:108AF0000B40E91A914200DD11000548002906DD0E
:108B000000209D4201D90634E018FFF7B3FE70BD86
:108B10001432030070B50A0005000C00060000299D
:108B200002D10120002D4CD0630026495B0D59185D
:108B30001D2908D91E2931D1002E2FD1224B9A424E
:108B40002CD122483DE014290EDC002E26D12048ED
:108B50001B182000984021D18020E3020006184312
:108B60001F23591AC84010E01A481B1828009840C3
:108B700014D18020E302000618431F235B1AD8405B
:108B80003423591A2B00CB4018430123002A02DA60
:108B90004042984000E04000184312D123002A00D0
:108BA000280021000FF0C4F803000E20002B08D18C
:108BB000023801F0CBFA002801D0074B0360456072
:108BC000846070BD01FCFFFF0000D0C10100008087
:108BD0000DFCFFFFEDFBFFFF2832030073B50630ED
:108BE00001A9FFF7F5FE04000E000022002320007B
:108BF00031000CF01BFB002827D1012275006D0805
:108C00005242144B200029000FF092F800281AD18C
:108C10000122104B5242200029000CF021FB0028B9
:108C200011D1802300225B03200029000FF080F87F
:108C3000002808D1802300225B03200029000CF0CB
:108C4000FBFA002801D00024034E31002000FFF77A
:108C500061FF76BDFFFFEF7F0000F87F10B514F0D5
:108C60006BFD040006480E2C09D0E30703D5601005
:108C700014F0DEFC03E0034801F03AFCF7E710BD16
:108C80001432030071030000064B10B5984203D85C
:108C900001234000184303E00FF0E2F8FFF73AFF2A
:108CA00010BDC046FFFFFF3FF0B5002385B01500A3
:108CB000002206000C000CF0BFFA002805D02D237E
:108CC0002B7080231B06E41801350022002330009E
:108CD00021000CF0ABFA002804D030232B700023C5
:108CE0006B70BAE03000210010F094FC0FF040F8F7
:108CF0005B4A07005B4B300021000CF09DFA002816
:108D000007D1594A594B300021000CF0A9FA00282C
:108D10001FD0002F0BDA7A42002055490CF00EFBD1
:108D200002000B00300021000EF034FA0AE03A0095
:108D300000204F490CF002FB02000B003000210024
:108D40000DF004FE0123029706000C00002701939A
:108D50001BE001230293FB1801930E2F15DD0E3F3C
:108D60003A000020424903970CF0E8FA02000B0099
:108D7000300021000DF0EAFD00223E4B0DF0BAFA62
:108D80000CF058FB06000F0015E00E220020D21B4D
:108D900037490CF0D3FA02000B00300021000EF02E
:108DA000F9F9344B00220DF0A5FA0CF043FB002337
:108DB00006000F000393019B002B04DD2E4A0123C4
:108DC00094462E241EE02E23302201996B70AB1C9A
:108DD0002A705D1A9D42F1D01A700133FAE7B94248
:108DE00017D0361A8F410132B942F8D92A703200B1
:108DF000691C3A4314D1019A9A420DDD0133102BBC
:108E00000AD00D006146DA008A1A906FD16F3022C5
:108E1000EAE7B042E5D9E9E7039BCF18302305E044
:108E2000019A9A42EAD1A91C6C70E7E78F4202D0FE
:108E30000B700131FAE7029B012B0CD065233B70CC
:108E4000029B791C002B02DD2B23B91C7B7002983E
:108E500001F050FE01E000233B7005B0F0BDC046BC
:108E60008DEDB5A0F7C6B03E50EFE2D6E41A4B4404
:108E7000000024400000E03F18300300012070B5DE
:108E80004042FFF749FD04000D48FFF745FD06008D
:108E900020000EF0E5FF00220A4B0EF07BF90400E3
:108EA00030000D000EF0DCFF074A084B0DF04EFDC0
:108EB00002000B00200029000DF01CFA70BDC04616
:108EC000FFFFFF000000F03D0000E0DFFFFF6F4309
:108ED000024B1B68588CC0007047C046842200209B
:108EE000184B70B51B6805000C00002B05D1164B04
:108EF000164A1968914210D15B685A6A002A0CD050
:108F0000002399005158A94203D101339B009B587B
:108F100016E0002901D00233F3E714F06AFC2300C5
:108F200000280DD000239A008258954203D10133C6
:108F30009B001B5804E0002A01D00233F3E7230012
:108F4000180070BD84220020402B03001042000056
:108F500070B505000C00160000290CDB83889942CF
:108F600009DAA4002C19E368002B09D00B2106486C
:108F700015F070FC04E00A21034815F06BFCF0E7E3
:108F80002800E66070BDC04686030000031E03D0C3
:108F9000024A904200D100231800704714320300A7
:108FA0001B4BF7B51B680600DB6A1A1D01921A6895
:108FB0009B68551E984204D3019AAB009B58984277
:108FC00001D901271AE00123AB421CDC58194010DB
:108FD000019982005258964218D001D9431CF3E7F8
:108FE000451EF1E77C196410019AA30031009858DE
:108FF00014F028FB002808D003DA671CAF42F1DD2B
:1090000001E0651EFAE7002000E02000FEBDC0463A
:1090100084220020044B10B51B680131DB6A8900F3
:10902000C95814F007FC10BD84220020044B10B571
:109030001B680131DB6A8900C95814F00AFC10BDB5
:1090400084220020014B18687047C046802200200F
:1090500010B5040014F0E0FA002806D0201E1BD042
:10906000012302201C4217D108E0012223680420BA
:109070009343DA78F92A0FD198780DE00E2C0BD0B3
:109080001800422C08D00A2C06D00420062C03D04D
:10909000024801F02DFA042010BDC0462103000053
:1090A00010B504000E2819D0002817D014F0B4FA17
:1090B000002805D0200000F017F80EF08FFE0FE01A
:1090C0002000FFF7C5FF022802D16068A16807E011
:1090D000032803D12000FFF781FDE2E700200149CA
:1090E00010BDC0460000F87F70B54210C30752D4CF
:1090F000830704D580110200531E9A414BE00028DB
:1091000042D0FFF7CDFF012205004C0064080E009D
:109110005242224B280021000EF00AFE002833D1D3
:1091200001221E4B5242280021000CF099F8002821
:109130002AD1802300225B03280021000EF0F8FDD5
:10914000002821D1802300225B03280021000CF09D
:1091500073F8002818D1280031000FF0AFFE00226C
:109160000F4B10F063F90022002304000D000CF0F7
:1091700063F800280AD0200029000022084B0DF0D7
:10918000B9F804000D0001E0002204E020002900ED
:109190000CF032F90200100070BDC046FFFFEF7FF7
:1091A0000000F04110B504000E2811D000280FD0A7
:1091B00014F032FA002805D02000FFF795FF0DF0DB
:1091C00013F806E02000FFF76BFF0EF0D5FE00E07D
:1091D000004810BD0000C07FF7B50E000190FFF7FA
:1091E0005FFF040030000D00FFF75AFF06000F007C
:1091F0000FF09CFA02000B00300039000CF016F85A
:10920000002809D0390030000EF0B2FD290002001C
:1092100020000CF093F82BE000220023200029000E
:109220000CF01EF800280CD02000290010F06AF97C
:1092300002000B00300039000DF0ACFF10F074F8A4
:1092400016E000220023200029000BF0EFFF002889
:109250000AD000220023300039000BF0EDFF002877
:1092600009D00020054903E02000290010F04AF948
:10927000FFF750FC00E00198FEBDC0460000F07F03
:1092800010B5FFF70DFF0022034B0DF033F80FF080
:109290004DFAFFF73FFC10BD0000E03FF8B50400B9
:1092A00014F0BAF900280ED00A2C01D100252CE0C8
:1092B000002CFBD00E2CF9D0062CF7D0013C250059
:1092C0006C1EA54121E02000FFF7C2FE032804D157
:1092D0000F4B01259C4218D1E8E70125022814D143
:1092E0002000FFF7DDFE02000B0006000F000EF06D
:1092F0001FFD0028DAD100230022300039000BF0D6
:1093000095FF43425841404205402800F8BDC04601
:109310001432030070B590B00400FFF799FE03000B
:109320002000032B56D0022B06D1E30718D560107E
:10933000694601F0DFFB31E02748052B4AD027487A
:10934000002C47D026480A2C44D026480E2C41D069
:109350002548422C3ED02548062C3BD0244839E0F5
:109360000E2C2BD02000FFF79BFE01224E0076082A
:109370000D0052421F4B310004000EF0D9FC0028B2
:1093800012D022002B00200029000EF0D1FC002872
:1093900014D16A4620002900FFF786FC01216846A7
:1093A0004942FFF767FA15E00122124B52422000B2
:1093B00031000BF04BFF0028E3D101E0094809E040
:1093C00000230022200029000BF036FF031E0A486C
:1093D00000D10A4810B070BDF432030068320300B7
:1093E0001C320300C8320300BC310300803103008B
:1093F00058320300FFFFEF7F8C3103009C310300E4
:1094000010B50400FFF724FE042804D1002C0FD06F
:10941000A3070DD103E02000FFF77CFF08E0012344
:1094200022689A435369034A934201D02000984727
:1094300010BDC0460194010010B5FFF709FE0528D4
:109440000ED80BF063FD12030507090B08480DE069
:1094500008480BE0084809E0084807E0084805E02C
:10946000084801F045F8002000E0074810BDC0465C
:10947000E432030088320300D43203007832030060
:10948000C831030022030000AC31030010B50628E8
:1094900005D0FFF7DDFDF5239B00C01800E0024872
:1094A00001F026F810BDC046DD03000070B501F0E4
:1094B0008DF804690500002C02D1044801F018F869
:1094C000236820002B6100F02DFE70BD53030000C7
:1094D000F0B587B0070001F079F804690600002CA8
:1094E00005D13800FFF78CFF0B4801F001F822008E
:1094F0002368336102AB019323CA23C3126820009F
:109500001A6000F00FFE054B77611B6831009B6B02
:109510000198984707B0F0BDE703000084220020BF
:1095200010B501F053F81223446943619C4202D103
:10953000024800F0DDFF200010BDC04653030000CC
:1095400010B503004118054C05488B4204D0604318
:109550001A7801335040F8E710BDC046930100016E
:10956000C59D1C8170B50400436800205900FFF7B9
:1095700081F90F262200094D6168131B01329942BF
:109580000ADDD1795B000911695CC3189971D17941
:109590003140695CD971EFE770BDC04634410300CA
:1095A00010B5002802D0024800F0A2FF10BDC0464E
:1095B0009F03000010B5024800F09AFF10BDC0469E
:1095C0009F03000010B5024800F092FF10BDC04696
:1095D0009F03000010B5024800F08AFF002010BD74
:1095E0009F0300000300643B0020142B02D8024AB2
:1095F0009B0098587047C04608330300014B986899
:109600007047C0463022002010B50C00FFF7EAFF7B
:10961000002805D0FA22034BD200210004F05EF9A5
:1096200010BDC046DC05000010B5FFF7DBFF014BA5
:10963000186010BD7C22002070B504000D1E03DDF3
:109640000B4B1B78002B04D10021200004F0B4F850
:109650000CE001215B11994004F0AEF829000548A7
:109660000BF0E8FC0100200004F064F970BDC04676
:10967000FC21002040420F0010B5002801DA002034
:1096800002E0FF2800DDFF200B4B18700B4B1B780E
:10969000002B0FD00021884202D0401101318140BF
:1096A000074B1868002805D0064B1B78002B01D10A
:1096B00004F082F810BDC046FC210020D329002010
:1096C0007C220020D2290020014B18787047C04628
:1096D000FC21002070B5134C0E002368002B01D133
:1096E000114B23600123114D2B702368002B08D0F0
:1096F0000F4A1278002A04D1010032001800FFF747
:109700009BFF002E0DDD300001F0F0FD20680028E9
:1097100005D0074B1978002901D104F04DF800233A
:109720002B7070BD7C220020BC240020D329002097
:10973000D2290020F7B5040008000E00170014F02D
:1097400016FF02000500009733000832610002484E
:1097500003F01EFC2800FEBD7C230020130007B58B
:109760000A00400000934B6808320100014803F0F2
:109770001FFC0EBD7C23002037B5094C2368002B4D
:109780000CD11C2019F08DF8012305005B420093D9
:109790001622183315210AF0E5F9256020683EBD30
:1097A00078220020F7B505000C00002805D100291B
:1097B00029D1184800F09CFE25E0002906D06B68EE
:1097C0006268934202D0134800F092FEFFF7D4FF84
:1097D00006006B682A0027000832E3180092019304
:1097E000019B9F4214D03368291E1B6801D0009A48
:1097F000117830009847002C00D03872009B013758
:1098000001330093ECE7FFF7B7FF63680600E1E779
:10981000F7BDC0468D030000F0B5164C0700206868
:1098200085B00E001500002804D003689B68984797
:10983000002323603800FFF7D5FE0E23C356300007
:1098400003930E26FFF7CEFE86572800FFF7CAFEC9
:109850000E27C7571C2019F024F801235B42009300
:1098600032003B00039905000AF07CF9256005B041
:10987000F0BDC0467822002001235840014B1870EB
:109880007047C046D229002010B5024800F030FED3
:1098900010BDC0469F03000010B5022000F03EFB43
:1098A000014800F025FE10BD93030000014B186035
:1098B0007047C04674220020024B40001B681818F5
:1098C0007047C0468422002010B5024800F010FE08
:1098D00010BDC0469F030000030010B50420002BFC
:1098E00011D058003F2B0EDD074A934205DC0520BE
:1098F000032158430BF09EFB05E0581C034BFF303F
:10990000984200D9024810BDFF010000FEFF000090
:10991000FFFF0000012370B50A6805009A43138910
:109920000E00042B02D00D4800F0E2FD3000002DA7
:1099300012D0A8000C3000F009FC041E01D0084B26
:1099400003602000B368AAB2A580A36092000C3027
:10995000002118F0F7FF200070BDC046850300000D
:109960008C3303000B4B026970B505009A4203D09B
:10997000E220800000F0BCFD288800F0E7FB041E18
:1099800000D005602A88201D043A002118F0DAFF73
:10999000200070BDC3E602001C4BF7B505000E00A9
:1099A000994232D8C488A14223D92000FFF794FFFE
:1099B0000700B04200DA3700B80001F08BFDA300C9
:1099C00000900193002C03D01A00296818F09CFF26
:1099D0000099019B8C463A1B6344180092000021B9
:1099E00018F0B0FF286801F0ABFD009BEF802B6002
:1099F0000AE08288914207D22B68521A88009200AE
:109A00001818002118F09EFFAE80F7BDFFFF000080
:109A1000084B70B505000C001600994208D88388E1
:109A2000994202D30131FFF7B7FF2B68A400E6503B
:109A300070BDC046FEFF0000C38870B505000C0075
:109A400016008B4206D8084B99420BD8013189B2D7
:109A500014F055FE2A68A3009E50AB889C4201D3A7
:109A60000134AC8070BDC046FEFF0000034B0360B4
:109A700000234360038143817047C0465C33030089
:109A8000024B0360002343607047C046BC330300B1
:109A9000044B03600023436003814381C36003825E
:109AA00043827047EC330300014B1B681869704711
:109AB00084220020014B1B68986970478422002093
:109AC000014B1B68188C704784220020014B1B68D7
:109AD000D86B7047842200201B4B026870B50600CB
:109AE0009A4200D0FEE74368184D194A19682B6066
:109AF000914203D1174800F0FBFC23E0188C800052
:109B000014F058FF2B68144C1A8C0021920020602E
:109B100018F018FF23681C602C68104B22689A42CA
:109B200003D1B36822699A4200D0FEE700F02EFD0F
:109B30002B6820001C6B002340301A001900A0473E
:109B400014F0BDFF70BDC04610420000842200200A
:109B5000718E3B929F03000080220020708E3B920A
:109B600010B50248FFF7B8FF10BDC046402B0300F8
:109B700070B506000C2000F0E9FA041E05D0104B69
:109B800003600023436003814381300014F07BFDB8
:109B90000C4B984211D13589002D0ED0200000F0D9
:109BA000BFFB201D290014F0D6FDAA007168606873
:109BB00018F0AAFE200014F00BFF200070BDC04674
:109BC0005C330300EC33030070B504000D0014F0A7
:109BD0005AFD0B4B984202D00A4800F089FC29003C
:109BE000200014F010FE051E08DB2900201D14F0D3
:109BF000CBFD200029000C3014F0C6FD422070BDC2
:109C0000EC3303009B030000014B58887047C046AB
:109C100030220020014B98687047C0463022002057
:109C200010B50121014813F0FFFC10BD45410300B0
:109C300010B508210148FEF73FFE10BD600000107E
:109C4000024B1A68501C18607047C046082000205C
:109C50000148C000C008704700400020074B1B6847
:109C6000002B09D01A0008328242F8D859685218DD
:109C70009042F4D2012000E01800704790220020AA
:109C80000C4A536891680133536043680830C9181F
:109C90009160094AD91C0A40802109060A430260E2
:109CA000064A9B08116841601060054AC31813609A
:109CB0007047C04694220020FCFFFF7FC022002096
:109CC000B4220020084A1368002B01D0834205D932
:109CD0000360106007E0904203D313001A68002A63
:109CE000F9D102601860704790220020032370B5FC
:109CF000046805009C43A30F002C03D10C4800F01E
:109D0000F7FB04E0002B02D02501AD0903E0280099
:109D1000E36998470500002D04D0064B9D4204D905
:109D2000002C02DB044800F0E3FB280070BDC046B5
:109D300051030000CA08000049030000104A70B532
:109D400091880600013910688B00C3180D001000BF
:109D50006A1C0FD01C00043B5A68B24208D18D42E5
:109D600002D114F0BEFC09E014F0BBFC206005E059
:109D7000013DEDE7D220800000F0BAFB70BDC04687
:109D80008822002010B518210148FEF795FD10BD6E
:109D90009422002010B5041F2368DB0702D5084871
:109DA00000F0A6FB2000FFF759FF002802D105486C
:109DB00000F09EFB012322681343236010BDC046C0
:109DC0004F0300004A03000010B5040014F0A4FD86
:109DD000002816D123680B4A134212D1DB78F92BE5
:109DE0000FD12000FFF73AFF002802D1064800F00B
:109DF0007FFB01232268210013432360034814F0F2
:109E000096FD10BD030000404A030000B822002068
:109E1000F7B50E0000240190B44230D0019AA3009F
:109E2000D5580134280014F077FD0028F4D12B68B0
:109E3000134A1342F0D1DB78F92BEDD12800FFF75C
:109E40000DFF002802D10F4800F052FB01232A68C1
:109E50000D4F13432B602900380014F068FDBB88B8
:109E6000642BD9D90C2001F035FB084A01991368FD
:109E700010600360A300CB18341B43608460F7BDFF
:109E8000030000404A030000B8220020AC2200205A
:109E900070B5040014F040FD002836D123681B4A39
:109EA000134232D1DB78F92B2FD12000FFF7D6FEF9
:109EB000002802D1164800F01BFB012223681A4338
:109EC0002260032293439B69002B01D02000984716
:109ED000032410488388002B08D014F002FC036888
:109EE000A3439B69002BF4D09847F2E70A4B18680C
:109EF00000280AD00268866845681A6001F020FBD5
:109F000031002800FFF784FFE3E770BD0300004045
:109F10004A030000B8220020AC220020F0B5764CA5
:109F200087B0237806009B0703D5D220800000F07D
:109F3000DFFA0222237801251343237000246F4B9C
:109F40001A689F880192A7420AD9019AA300D058A3
:109F5000284201D0A8430068FFF79AFF0134F2E7D6
:109F6000300000F041FB664E3368002B11D0654B8A
:109F70001B685C8DFFF7A4FD33680026051BA40059
:109F80001C19B54205D0B300E058FFF781FF013638
:109F9000F7E700245C4B1D685C4B1E78A64205D990
:109FA000A300E858FFF774FF0134F7E70022584B8D
:109FB00058491A600B68019201330B60564B0492AA
:109FC0001F6802920392002F61D03C007B68083426
:109FD0009B089A00A2180592049AD3180493059B33
:109FE000A34252D901222368134203D11A0F25003C
:109FF000062A1BD10122934323602000FFF776FE3F
:10A00000850065192C00EAE7012213421CD11A0FC2
:10A01000062A19D08022D20513420BD02800FFF760
:10A0200065FE059B80002D18AB420DD92B68002BD7
:10A03000EADAF3E7DB78F92B02D0384800F058FA77
:10A04000280014F042FBE9E7029B2E1BB6109B1977
:10A050000293019B9E4200DD0196B200FF21200089
:10A0600018F070FC8023B2001B0613432360012EFE
:10A07000C8DD00236360039B002B02D1244B1C60CE
:10A0800001E0039B5C600394BCE73F689BE72448C6
:10A090000368002B14D0029B5C081D4B19683B0021
:10A0A00000290DD00A6812019209D218944204D2F4
:10A0B000E31A9B00C918016002E049681300EFE74A
:10A0C000049A14499000019A029B92000A614A691D
:10A0D0009B00CB60002A01D0934200D24B610A2240
:10A0E0005343984201D314F007FC0221024A13782B
:10A0F0008B43137007B0F0BDD429002088220020C4
:10A100008022002084220020B0220020D5290020B7
:10A11000C022002094220020902200204903000049
:10A12000B422002070B5041F236805005B0F032BC9
:10A1300002D0054800F0DCF9802322681B06134397
:10A140002800236070BDC04649030000F0B5C31C61
:10A150009B0885B00293404B984202DD162000F028
:10A16000C7F93E4B3E4E5B68DB0569D133781B0770
:10A1700066D1012233781343337000F027FA0028A8
:10A1800005D04368002B02D1364800F0B1F9002712
:10A190000022354B01921D680393002D40D0002F03
:10A1A00003D1324B1B689D423CD8280014F0B4FB0D
:10A1B000002802D02E4800F09BF92C68002C02DB0E
:10A1C0002C4800F095F9029B2401A409E41A6B685D
:10A1D00023D40BD08020029AA10092000006AA1876
:10A1E00001431160012C01D053601300019A002A31
:10A1F00001D0536001E0039A136000222A60934269
:10A2000022D0586890421FD014F086FB00281BD043
:10A21000D420800000F06CF916E001951D00BCE729
:10A22000002F03D10020FFF779FE07E0012F02D1B4
:10A2300014F062FB02E0152000F05AF90137A7E79D
:10A240000D4800F055F994E7012228003378934334
:10A25000337005B0F0BDC0462823000000ED00E0DB
:10A26000D42900204E030000C0220020B422002088
:10A27000510300004B03000092030000032310B5BC
:10A28000C41C9C43201DFFF761FF044B07341C4096
:10A290008023DB051C4310C010BDC046FCFFFFBF80
:10A2A0001A4B70B55B6806000D00DB0502D018483C
:10A2B00000F01EF900F08AF9164B04001D60164BE1
:10A2C000751BAD101D701D0000280AD00C2014F065
:10A2D00071FB63680360A3684360E3688360E060C8
:10A2E0000DE0182014F066FB0C4B12221B68426133
:10A2F00003600023C3600361040000F06FF90023D2
:10A30000A6602B702000636070BDC04600ED00E0C9
:10A3100092030000B0220020D529002080220020D6
:10A3200010B5040014F0F8FA002803D12100024807
:10A3300014F0FDFA10BDC046882200200023044A14
:10A3400013609380D380034A13609380D380704757
:10A3500088220020B82200201FB50C00010003A8AD
:10A3600001F050FA002203A900921300019403485F
:10A3700002F01AFD03A814F0E8FE1FBDB42300206C
:10A3800037B50C1E00DC0124124D002802D0828853
:10A39000002A07D1280015F019FE0520604300F0BF
:10A3A000A5FF15E0012A0DD0811D12B201A801F010
:10A3B000CBF9220001A9280002F052FD01A814F0F7
:10A3C00007FE05E0052281796243280002F0CAFCFD
:10A3D00037BDC046B423002010B5024814F0D9FEA2
:10A3E00010BDC046282400201FB50C00010003A8A2
:10A3F00001F008FA002322000193009303A905331A
:10A40000034802F08DFD03A814F09FFE1FBDC04657
:10A41000B42300201FB5010002A801F0F3F902A93E
:10A4200003A814F09FFE002203A9019200921300DA
:10A43000054802F0B9FC03A814F087FE02A814F046
:10A4400084FE05B000BDC046B4230020044B10B507
:10A450001B681C6B00231A001900A04710BDC046E2
:10A46000842200201FB500900191029269461022BB
:10A470000848039318F048FA6B46588813F042F9DD
:10A48000054B01001B6806981C6B00231A00A047AF
:10A490001FBDC046302200208422002010B5044B8E
:10A4A00082689A4202D1C06814F092FA10BDC04688
:10A4B00065A4010010B50400034B0360403014F0A4
:10A4C00087FD200010BDC04624340300064B10B5A4
:10A4D0001B780A00002B05D1010004480233043028
:10A4E00003F018FD10BDC046D6290020C42200206C
:10A4F00010B50400034818F0AAF8200000F074FB1F
:10A5000010BDC046E093040010B5034800F020FCE5
:10A51000FEF7F0F910BDC046FFFFFF7F10B50848F9
:10A5200000F0D2F9012000F0C3FF064B984206D993
:10A53000012000F0BDFF044BC01814F011FA10BD4B
:10A54000C42200200404000000FCFFFF10B5041E1C
:10A5500006D0FFF7E5FE034A2100034814F00CFC87
:10A5600010BDC046B7ED02009BEA020010B5041E04
:10A5700006D0FFF7D5FE034A2100034814F0FCFB88
:10A5800010BDC0468FEA02004DA4010010B5054B76
:10A59000054AD4331A60042000F020FBFFF7B4FF13
:10A5A00010BDC046C42200209DA40100054B10B57B
:10A5B0001C68FEF78DFC044BE4182018800A80020A
:10A5C00010BDC04684220020FF030000024B1B6820
:10A5D000181E00D0D86D704748260020014B1B681C
:10A5E000D865704748260020F0B51A4B85B01A6828
:10A5F0000193002A07D1012000F06CFF039003981B
:10A6000000F09EFF23E000F0B3FC0400002C1ED0FD
:10A61000E36D1E1D002B04D1A46DF7E7B668002E74
:10A62000FAD0019B35681A68944203D0636CE16BE1
:10A630005B1AED187768944203D0636CE26B9B1A47
:10A64000FF18BD42EAD201CDFFF722FCF9E705B0C1
:10A65000F0BDC0464826002010B5064C200000F092
:10A660007BF8054A0549200018F010F9044814F059
:10A670003EFD10BDC42200200020002085A6010060
:10A6800030220020CA23144A9B0010B5C2501C334C
:10A690000400C01814F09CFCD0239B00E01814F0B8
:10A6A00097FC20009130FF3001F098FC20006930C9
:10A6B000FF3001F093FC2000F03002F09FF9200001
:10A6C000D03002F097FE2000643009F011FA201D0E
:10A6D000FFF7F0FE200010BDC0380300F0B593B0C6
:10A6E000059383B20393102301930023184F8EB276
:10A6F0000492009332003B00039906A814F0FFFB7C
:10A70000144D06A9D035280002F0B0FD06A814F0BB
:10A7100015FC302018F0C5F86B4604009B8A03999D
:10A720000193049B320000933B0014F0E8FB2100EE
:10A73000280002F0E7FD002805D0200014F0FEFB01
:10A74000200018F0AAF80498FFF7EAFD13B0F0BD56
:10A7500065A40100C42200201423F0B5040093B0C6
:10A76000192200931821043003F082FA23002500F7
:10A77000260064331800B43513211093B83609F05D
:10A78000C3F9280016F00FF900221E21300015F041
:10A7900042FC2000D03002F04DFE2300F033474A47
:10A7A00007211800119302F04DF920000027012322
:10A7B00069301A0000971121FF3001F08BFC200056
:10A7C00091300097012302221A21FF3001F082FC10
:10A7D0002000B930022201210323FF3002F0FEFEE7
:10A7E000300001F0DFF9E4235B00E050300001F0BD
:10A7F000CDFCE6235B00E0500100E4222000520083
:10A80000D130119BA2580095FF3002F02BF82000A8
:10A81000E13029000822FF3003F034FF78232000C4
:10A820000F93013B0E93033B0D93013B0C93013BB4
:10A830000B93013B0A93013B0993013B0893013BB6
:10A840000793013B0693013B0593013B0493013BB6
:10A850000393013B0293013B0193F930013B6522D5
:10A8600000936421013BFF3015F0F6FBCA239B00E7
:10A87000E018290004F0C2FFD3239B00E01809214F
:10A8800003F0D6F8DD239B00E750109827700321D2
:10A8900017F0F8FC23002200200009499C33A03265
:10A8A0001C6011605760074A80305A610221012202
:10A8B00009F03AFB200013B0F0BDC0462C34030071
:10A8C000F7EB0200E3EB02000123F0B5057891B04D
:10A8D00007001D4000D0E3E00300D03318000493CC
:10A8E00000F092FB00F05EFA302017F0DAFF04006F
:10A8F000103014F0FCFB2000243014F076FA694B81
:10A9000065802380182017F0CCFF0600664B80C6B8
:10A9100003901022290030000E930F9518F012F8C2
:10A9200008220EA9300017F0EFFF604B039AE56094
:10A9300053611223A260A3802562E562210004987E
:10A9400002F0E0FC002805D0200014F0F7FA200007
:10A9500017F0A3FF01223B78554913433B703B009E
:10A96000B4331800059316F024F852490390059863
:10A9700016F01FF800260690642000F0B7FC3400A3
:10A9800035003B006933FF331800079314F039FE9C
:10A99000002803D1039B002B0DD109E03800913032
:10A9A000FF3014F02EFE0028F4D0182D03DDF1E75F
:10A9B000069B002B70D03800653021B2FF2332B2E5
:10A9C000FF3000F037FF322000F090FC631CDCB257
:10A9D0000135052C02D10024731CDEB2039B192D16
:10A9E00002D0002B02D1CCE7002B03D030490598D0
:10A9F00003F0DCFD039817F050FF069817F04DFFA9
:10AA00002D492E4800F026FDDD239B00FB580893BE
:10AA1000002B38D100F0AEF801000AA800F084FE47
:10AA200014F070F9089014F06DF96B460990198CC8
:10AA30000CA814F0E9FA099B0DA8190C14F0E4FA1B
:10AA40000DAA0CA90BA814F02FFB0DA814F0C0FA46
:10AA50000CA814F0BDFACA20012380000BAA0AA991
:10AA600000933818049B04F01DFF0BA814F0B0FAF3
:10AA70000AA814F0ADFACC239B00FB580893DD2301
:10AA8000089A9B00FA50CA2339009B00079AF031BC
:10AA9000F81805F001F974E70749094800F0DAFCF5
:10AAA00011B0F0BDFD0300006BEC02002BEC0200C6
:10AAB0008B4103009641030000200020001C002071
:10AAC0000800002010B5041E0DD017F07BFF2300F6
:10AAD00001382018834208D21A7801780138197099
:10AAE00042700133F6E7024800E0002010BDC04686
:10AAF00017FCFFFFF0B585B001900C1E28D0002791
:10AB0000C217161A56407D1C631902933000013B90
:10AB10000A2103930AF074FBCB17C9185940039B11
:10AB20003031197030000A210AF084FA061E01D073
:10AB30002F00E8E7019B002B03DA2D23029ABD1CAE
:10AB40001370002620006655FFF7BCFF300000E0C0
:10AB5000014805B0F0BDC04617FCFFFFBFF34F8FA3
:10AB6000024A034BDA60BFF34F8FFEE70400FA0599
:10AB700000ED00E0F0B58DB005AF192215493800A1
:10AB800017F0C2FE0022144B05245A718022520590
:10AB9000566E012225000194029203930199300020
:10ABA0000AF044FA080002990AF0BAF9019B0399E5
:10ABB0006B430193029B361A6B430293631E2C1B5B
:10ABC0006C433C19225C1C1ECA54E7D108000DB02E
:10ABD000F0BDC046A6410300D7290020014B1860F4
:10ABE0007047C0463C260020F0B595B018220021E1
:10ABF00006000EA817F0A6FE13210EA817F0A3FC5E
:10AC000003210EA817F035FD01224A4B00921B6864
:10AC1000002B01D0DBB200930123474A002109A891
:10AC200009F0F2FA454B9E4200D9002672B6444B19
:10AC30001022002105A81D6817F084FE414B6421F5
:10AC40003000059305240AF0F5F9604350302818C8
:10AC500006900A2130000AF0EDF90A210AF0D0FA34
:10AC6000614350316918079130000A210AF0C8FA8F
:10AC70004C43210050316C18802608940024B60102
:10AC8000009B002B3CD004AD0027032C02D1802672
:10AC90000024B6016B682C4A029363000133D31879
:10ACA000002201921021581E007801410391197869
:10ACB0008C4660460299095C0398014204D0012049
:10ACC000904001990143019101320633092AE9D1EB
:10ACD000019B2A68D9431D4B09011940029B9342ED
:10ACE00003D1312F01DC002100E0314309A817F026
:10ACF0008DFDFA23139A0F99DB001068014201D1F0
:10AD0000FFF72CFF013B002BF7D1FA230134013769
:10AD10007600E4B25B009F42B7D1043508ABAB428A
:10AD2000B2D1044B1B68002BAAD0009B013BDBB2C5
:10AD30000093A5E73C260020F0FF0000E703000099
:10AD40000C200020F5410300BF410300F01F00006C
:10AD5000F7B500281FDD0126104C421E2368019420
:10AD600015000020DF0FBC4664469F0967405F4026
:10AD70001C09590867409B087B404B40DB070B438D
:10AD800019004000314008436D08EBD18242E7D3FF
:10AD9000019A136000E00248FEBDC0464026002034
:10ADA00017FCFFFFF8B50023144C236013F09CFF41
:10ADB0002500002808D00421200013F091FF00286E
:10ADC0001BD00F4B236018E00122A12704210D4B5B
:10ADD0000D4E1A602368FF000B4A7060944662466D
:10ADE0005268084C002AFAD0E2591B020139134379
:10ADF0000029F1D12B6001236360F8BD40260020BB
:10AE0000ED5EBC0B00D00040FCD00040F0B585B03A
:10AE10001F000AAB1B880600029115000393002F48
:10AE20001AD0302017F03DFD6B4604001989039BB2
:10AE3000AAB200933B0014F047F8336821005B6826
:10AE400030009847002808D0200014F077F8200040
:10AE500017F023FD024800E0024805B0F0BDC046EF
:10AE600016FCFFFF17FCFFFF0B4B70B51C68002C96
:10AE700011D0656D00F014FCA36C002903D183424E
:10AE800001D92C00F3E7200013F05FFF03492000F5
:10AE900013F04AFFF5E770BD6826002074260020F5
:10AEA000F0B5040095B00793230C0293294B04904E
:10AEB0001C68294B05911E68069285B20027002E5A
:10AEC00046D0002C30D0636D24480393A36C9AB213
:10AED0001B0C99B2854216D12148824213D1002B16
:10AEE00004D0029B994201D0039CEAE7002F01D0D5
:10AEF0000127F9E7200013F028FF1A49200013F07A
:10AF000013FF0137F0E7002A01D09542ECD1002B66
:10AF100002D0029B9942E7D1200013F016FF11499D
:10AF2000200013F001FFDFE70F4BEB18012B0FD9C7
:10AF30001023029A009329000C4B08A813F0C4FFB9
:10AF4000336808A99B683000984708A813F0F6FFFB
:10AF500015B0F0BD6426002078260020FE03000016
:10AF6000FF0300007426002002FCFFFFA1AE0100D9
:10AF7000014B18687047C0467026002010B572B6A5
:10AF80000E4B1C68002C03D0200013F0DEFE08E0FE
:10AF900062B6602017F085FC60220021040017F0E3
:10AFA000D1FC0023064AE364E263E36572B6054B15
:10AFB0001A681C60A26562B6200010BD44260020FD
:10AFC0000040002070260020094B10B51C68E36C7F
:10AFD000DB070AD5FFF7D2FF064B1860002804D024
:10AFE000E36DC3650023E3650400200010BDC04687
:10AFF000482600206C260020024B187801231840B8
:10B000007047C046DD290020F7B50600FFF7F4FFC2
:10B01000051E33D11A4C2660FFF7B0FF194B1A49B1
:10B02000186013F081FEFFF7A9FF184B1860184B4A
:10B030004363184B8363206800280ED0C027164E48
:10B040002A00330015490097FFF7E0FE0097330010
:10B050002A0013492068FFF7D9FE0C2017F021FCC5
:10B060000023838083710F4B03600F4B836000F0DC
:10B070002FFB01210D4A13780B431370F7BDC04617
:10B080007826002048260020742600207C260020F8
:10B09000FC3F0020DFED0200A1AE0100FF03000035
:10B0A000FE0300004C34030069AE0100DD290020DE
:10B0B000F7B5134F04003B680E00002B03D0FFF7D9
:10B0C0009BFF002801D10F4818E0FFF77DFF050026
:10B0D00033042343836413F038FE0B49280013F034
:10B0E00023FE0A4BE318012B07D9C023009332003B
:10B0F000074B21003868FFF789FE0020FEBDC046DF
:10B100007826002016FCFFFF6426002002FCFFFFCB
:10B11000A1AE0100F7B506000D001700019300284D
:10B1200001D1002015E00029FBD0FFF727FF041E06
:10B13000F7D0084B019A4363066045608760064B71
:10B14000002A00D0054B2000A363054913F0ECFD55
:10B150002000FEBDFC3F0020A9ED0200C7ED02006B
:10B1600074260020F8B50500EFF30884C36B006C6B
:10B170001C1B6B6C1B1A9C4210D91F23084F2034D8
:10B180003E689C433D60002801D000F0D9F92000C2
:10B1900000F0A0F92864201868643E60F8BDC0463D
:10B1A00048260020024B1868434258417047C04669
:10B1B00074260020002310B504499C006258002A20
:10B1C00001D00133F9E76050100010BD4C2600207B
:10B1D000002310B5044A99008C58844201D00133F1
:10B1E000F9E70020885010BD4C26002010B500243F
:10B1F000074BE058002802D003685B689847043486
:10B20000182CF5D1034B1B68002B00D120BF10BDBB
:10B210004C26002074260020F8B5FFF7EDFE00282C
:10B2200056D02C4E34683500E36CDA0718D5022767
:10B230003B43E364284B1D680423EA6C2800134356
:10B24000EB64636BEB63FFF78DFF2800696C05F01F
:10B25000ACFB3068C36C3B423AD005F0E0FB37E012
:10B260001E4F1F4E3A68002A01D1326808E0216D56
:10B27000B94205D1616D002900D11100296000E0BB
:10B280002A602A6831688A4208D11B0706D52C60DB
:10B29000FFF7ACFF3B68002BFAD02B6029688C428B
:10B2A00016D03368994204D10E4B4B630E4B8B631F
:10B2B00005E09C4203D100224B6C100006E0200008
:10B2C000FFF750FF20002968626C4B6C05F02CFBE7
:10B2D000F8BDC046482600206C26002074260020B9
:10B2E0007C260020FC3F0020DFED020070B5050049
:10B2F000FFF782FE002803D1280017F0B3F90FE012
:10B30000FFF762FE040000F0CBF92818A0642000CB
:10B3100013F01BFD0349200013F006FDFFF77CFF2F
:10B3200070BDC04668260020F8B5FFF765FE00280E
:10B3300031D00026184D286813F007FD174C2368FC
:10B34000002B02D001365B6DFAE7032E0ADD276879
:10B35000013E7B6D386C236000F0F2F8380000F09D
:10B36000EFF8F2E72100286813F0DEFC72B60C4912
:10B370002A680B68934206D19B6D0B6008E0996DBB
:10B380008A4203D00B00002BF9D101E0926D9A653F
:10B3900062B6FFF741FFF8BD482600204426002092
:10B3A00070260020F7B507000D00002830D0FFF709
:10B3B00023FE00282ED0194E3068C36C5B0703D1E2
:10B3C000C36D0193002B06D0154A2900380013F0F5
:10B3D000D3FC00241FE0022405F009FB3268D36C83
:10B3E0001C4003D003218B43D364F2E701210B43BC
:10B3F000D3642800B84733680120DA6CDC6511009B
:10B400008143D964530706D5280013F0D4FC02E029
:10B41000044C00E0044C2000FEBDC046482600203D
:10B42000B7ED020017FCFFFF16FCFFFF020010B58E
:10B43000014B12CB12C210BD80260020034A044BE0
:10B4400012681A607E225A607047C0460C200020A5
:10B450008026002070B5124E05003278022A1AD0DC
:10B4600081421AD90C1A072C17D908000323284344
:10B47000034012D172B60B48D200155082185160A9
:10B480008022A408120614432C60327801323270F4
:10B4900062B6180002E0044800E0044870BDC046EF
:10B4A000DE2900208826002013FCFFFF17FCFFFF89
:10B4B000064B1A780023824205D9054AC0001318AA
:10B4C0005B6880581B1A18007047C046DE290020B0
:10B4D0008826002070B5051E24D0134A134E137819
:10B4E0001400002B0CD1124912483370FFF7B2FF41
:10B4F000114B984202D11E20FFF776FB01232370E7
:10B50000002433789C4209DA0C49E300C91828006A
:10B5100013F06FFC002805D10134F2E71420FFF787
:10B5200063FB002070BDC046DF290020DE2900201B
:10B5300000380020B02A002017FCFFFF88260020DA
:10B5400070B500281FD0104B10491C780023A3426F
:10B5500016DADA005558A84210D98A185268904273
:10B560000CD2041F2368002B02DC1E20FFF73CFBDB
:10B57000802322681B061343236004E00133E6E7BF
:10B580001E20FFF731FB70BDDE2900208826002039
:10B5900070B5051E15DD0C4B0C4E1A681C00002AF8
:10B5A00002D0306816F0E9FEFA21256000243068E8
:10B5B000074B89008361C462694316F0E6FE2000F0
:10B5C00000E0044870BDC046C82600209826002030
:10B5D0007DB6010017FCFFFFF8B5114F06003D686E
:10B5E000002D0AD1302017F05CF9040008F038FB78
:10B5F0000C4BA5612360E5623C600B4D2B68002B72
:10B6000009D1102017F04DF9040016F00BFF2000AF
:10B610002C6016F0E1FE3000FFF7BAFFF8BDC0461F
:10B62000982600207C3C0300C4260020014B1868AB
:10B630007047C046C826002070B50D4C2368002B0B
:10B6400003D00C4B1B68002B02D10620FFF7C4FF70
:10B65000206816F0D8FE02000749C3170D684E682F
:10B660005219734120680A604B6016F0D2FE70BD1B
:10B67000C4260020982600204022002010B5FFF7A5
:10B68000DBFF0024054BE058002802D003681B684C
:10B6900098470434282CF5D110BDC0469C260020C4
:10B6A00010B5FFF7C9FFFA22034B920018685968DA
:10B6B000002309F023FE10BD4022002010B5FFF743
:10B6C000BBFF024B1868596810BDC04640220020DD
:10B6D0000B4B10B51B680400002B03D0094B1B68F3
:10B6E000002B02D10620FFF777FF0023064A9900BE
:10B6F0008858002801D00133F9E78C5010BDC046AE
:10B70000C4260020982600209C260020002310B587
:10B71000044A99008C58844201D00133F9E7002093
:10B72000885010BD9C26002010B50400002902D0CE
:10B730000B78002B02D1034B236001E013F04FFC88
:10B74000200010BD5C340300F8B505000E001400A5
:10B7500000290AD00B78002B07D0002A05D008005A
:10B7600097B217F02FF9874202D90B4B2B6010E0EC
:10B77000601DFFF7AFFE286013F026FE2868220048
:10B7800047803100043017F0BFF82B681C190023E4
:10B7900023712800F8BDC0465C340300014B0360F0
:10B7A0007047C0465C34030010B50548054C206066
:10B7B00013F011FE044A0549200017F067F810BD88
:10B7C0005C340300CC26002000200020D1EF0200D2
:10B7D000084B73B51C680500002C0AD001002668D0
:10B7E00008310822684617F08FF80CCD3168200028
:10B7F000884773BDD0260020014B03607047C046C8
:10B800006434030010B50400002902D1044B036026
:10B8100003E00160080013F0DEFD200010BDC0460B
:10B82000643403000300024A00681A607047C0468F
:10B830006434030030B504686088814206DAA58864
:10B84000AA4203DA002901DB002A01DA034804E0F6
:10B850004243601880188371002030BD17FCFFFF41
:10B8600010B500684388994206DA8488A24203DA58
:10B87000002901DB002A01DA034803E05A43431898
:10B880009B18987910BDC04617FCFFFFF0B5070064
:10B8900085B00E001D00002921DD002A1FDD002BD0
:10B8A0001DD00468638803938B4200DD0391A38855
:10B8B0000293934200DD0292002306340193019B20
:10B8C000029A93420DDA29002000039A17F01CF81F
:10B8D0003B68AD195B88E418019B0133EEE7024831
:10B8E00000E0002005B0F0BD17FCFFFFF8B5040034
:10B8F0000D0016001F00002901DB002A02DA0D4BA3
:10B90000236016E0100048430630FFF7E3FD206097
:10B9100013F05AFD23685D809E80002F06D03B0007
:10B92000320029002000FFF7B1FF02E0200013F0F1
:10B9300030FCF8BD64340300F7B505000C1E05D0DB
:10B9400000200F0006000190010015E0224B03606B
:10B950003FE03022524294469C446246092A14D960
:10B960000A2B0DD1019B361801330193B14200DA45
:10B9700031000020060001373B78002BE9D106E0BA
:10B980000028F8D001360020F5E70120F3E76A46E9
:10B99000928809B212B22800FFF7A8FF2B680A2686
:10B9A000991D01235B422078002812D00200303A12
:10B9B000092A06D8DA43D217134073431B18303BC9
:10B9C00005E0002B03DB0B70012301315B420134E6
:10B9D000E9E72800FEBDC04664340300F0B504006A
:10B9E00087B004A815001E000F00FFF71FFD236895
:10B9F0005A88954208DA9B88B34205DD1F2F03D988
:10BA0000059B00939F4201DD18482DE0052300218E
:10BA10007B430093049B0193009B019ACB18A03BAE
:10BA2000D35C0022029373189C4653192768039332
:10BA30007888834202DABB889C4507DB0132052AFD
:10BA4000F3D101310529E7D100200DE063465843C9
:10BA50005319FB18102717411B1802980740781E2E
:10BA600087417F429F71E9E707B0F0BD17FCFFFFF8
:10BA7000F7B5036806009C1D5B880D005A1A0192F9
:10BA8000002918DD0027994202DB13F082FB14E045
:10BA900033689B889F4210DA6119019A200016F0E2
:10BAA00033FF019B2900E01813F056FB3368013780
:10BAB0005B88E418ECE7024800E00020FEBDC046C9
:10BAC00017FCFFFF10B50548054C206013F083FC00
:10BAD000044A0549200016F0D9FE10BD6434030065
:10BAE000D4260020002000204BF1020010B5054CA8
:10BAF0000121200013F05FFC034A0449200016F0E6
:10BB0000C5FE10BDD82600200020002075F30200DD
:10BB10000388074A10B50120934208D0834202D01F
:10BB20000020DB0703D41E20FFF75EF8002010BDC5
:10BB3000FFFF00000048704716FCFFFF10B53220E1
:10BB4000FFF752F8004810BD16FCFFFF8280142258
:10BB500010B5134C028108340200002304604162D6
:10BB600004000221303283718172C360036143613A
:10BB70008361C361036236341370537043868386D6
:10BB800022788A43F1310A40227002004032137059
:10BB9000021DD387013343878387C38710BDC04607
:10BBA00084340300F0B5544F97B03B68060005930A
:10BBB000002B00D094E006AC0B331C228221200025
:10BBC00001F044FD0EAD0B231D2283210AA801F0D4
:10BBD0003DFD0B231B228421280001F037FD0820A6
:10BBE00016F05FFE0122059B1100049015F063FA28
:10BBF0003A21300014F083FF00281CD0A38812AD36
:10BC0000AB80A3795C20AB713C4B1293A368149377
:10BC1000237B2B73637B6B73A37BAB7316F041FEAB
:10BC200005230193353300932A00049B310004005F
:10BC300003F0C4F853E03221300014F08EFF0028E6
:10BC40001CD0A38812ADAB80A3795C20AB712B4BC9
:10BC50001293A3681493237B2B73637B6B73A37B77
:10BC6000AB7316F01EFE052301932D3300932A00BB
:10BC7000049B3100040003F03FFA30E03C21300027
:10BC800014F026FF002822D0AB8812ACA380AB7939
:10BC9000A420A371194B1293AB6814932B7B2373CD
:10BCA0006B7B6373AB7BA37316F0FBFD0623050070
:10BCB0000293013B0193373300932200049B310030
:10BCC00002F098FF0E4B3D6044351D6008E04420B3
:10BCD00016F0E7FD052204990400FFF737FF3C60EA
:10BCE000074B054C1868002802D0216813F005FDA9
:10BCF000206817B0F0BDC046DC2600207434030075
:10BD0000E0260020F0B56049C56885B08D4206DAAE
:10BD1000030036331A78022313400BD117E0C822F0
:10BD200000235200954212DD030036331A780023B7
:10BD300092070CD4012306001F00363632785408CF
:10BD4000A7433C0002279C40BA4322433270046957
:10BD50008C4205DA020036321278520709D415E017
:10BD6000C8225200944211DD020036321278520786
:10BD70000CD406000122363633789F08BA43970068
:10BD8000042293431A0001233A433270426901921C
:10BD90000200019E40328E4205DA010036310978F8
:10BDA00009070AD415E0C821019E49008E4210DD22
:10BDB00001003631097809070BD406000121363617
:10BDC0003378DF08B9430827C900BB430B433370FE
:10BDD00001E0002B18D01378032B15D80133DBB208
:10BDE0001370012B03D10021031DD9870CE0042B14
:10BDF0000AD1020001213632137804300B4313704C
:10BE00000023C3870B333CE013780293002B1BD035
:10BE100006000127011DCB8F363601339BB2CB873D
:10BE200003963678BC46374008D01D2B0CD96346A4
:10BE30009E43039B1E700023CB8704E0092B03D98C
:10BE4000029BCF87013B137013F007FB0F4A0723B8
:10BE5000904216D90E49043B8D4212DBC8220133B1
:10BE6000920095420DDC023B8C420ADB013B94427E
:10BE700007DC01980433884203DB0133904200DC85
:10BE80000023180005B0F0BD70FEFFFFFF70020038
:10BE9000E0FCFFFFF0B5040089B0C0680BF09EFF26
:10BEA0000090019120690BF099FF0690079160695D
:10BEB0000BF094FF02000290802000060B18039103
:10BEC000009801990DF048F90CF056F8E0620BF07B
:10BED000FFFF06000F000CF001FF049005913000F9
:10BEE00039000CF0D9FB049A059B06000F0000985E
:10BEF00001990BF04FF93200009001913B0002983C
:10BF000003990BF047F902000B00009801990BF020
:10BF1000BBFB02000B00069807990DF01DF90CF011
:10BF20002BF80022051C00230298039909F098F9C8
:10BF3000002801D1A56219E00021281C09F0CAF9E6
:10BF40000D4E002801D10D4F00E00D4F281C0BF0C5
:10BF5000BFFF02000B00300039000BF095FB3200F0
:10BF60003B000AF0C7F90CF007F8A0620222A3799F
:10BF70001343A37109B0F0BDEA2E4454FB21F9BF6D
:10BF8000FB21F93F10B513F014FB064909F070FED0
:10BF90000BF09EFF044A054B0AF0D8FC0BF0E8FEBC
:10BFA00010BDC0460000B443EA2E4454FB211940A2
:10BFB00010B513F00BFB064909F05AFE0BF088FF91
:10BFC000044A054B0AF0C2FC0BF0D2FE10BDC0467D
:10BFD0000000B443EA2E4454FB21194010B504007C
:10BFE000034B08330360FFF791FB200010BDC046F0
:10BFF000B834030070B5C369C2681B688AB0040016
:10C00000451D1A4250D0EB7F002B01D0013BEB774E
:10C01000EB7F082B0DD90122A379134209D11343D9
:10C02000A371A188130006A813F06CF8FFF738FB82
:10C030002062EB7F012B26D80123A2791A4222D05D
:10C040000025A188A571022202A813F05BF8A31DA8
:10C05000DE7F012E17D1FFF723FB2B00226A801A07
:10C06000994100900191019BA188AB4203D1174BEC
:10C07000009A9A4202D90123042201E033000322EC
:10C0800006A813F03FF80323A2791340012B1AD11D
:10C09000FFF706FB0023226A801A9941994208D1D2
:10C0A0000B4B984205D80EE0EB7F0B2BB0D8013339
:10C0B000ADE70222A379A1881343A37103320123C0
:10C0C00006A813F01FF80AB070BDC046E7030000D1
:10C0D000DB050000F0B5070000250E0085B00293D7
:10C0E0000AAB1B7808370393104B04000833036036
:10C0F00001928580857129001822380016F022FCF3
:10C10000039A3100380016F023FA6B466A469B8882
:10C11000127AA380A31DE671DA77631D25622000E1
:10C12000DD77FFF7D5FA200005B0F0BDB834030085
:10C130000048704716FCFFFF10B53320FEF754FD92
:10C14000004810BD16FCFFFF002310B504008380DB
:10C1500083710D482164083020608020C000A061F8
:10C16000E0612062E3602000236163616362A36297
:10C17000E36223636363A363E3636364110013F007
:10C1800086FA200010BDC046D0340300F0B5534FEE
:10C1900097B03B6806000593002B00D094E00B336A
:10C1A0001C22822106A80AAC01F050FA0EAD0B2326
:10C1B0001D228321200001F049FA0B231B22842138
:10C1C000280001F043FA082016F06BFB0122059BC2
:10C1D0001100049014F06FFF1D21300014F0A6FC34
:10C1E00000281CD0A38812ADAB80A3796020AB716E
:10C1F0003B4B1293A3681493237B2B73637B6B736A
:10C20000A37BAB7316F04DFB06230193173300930A
:10C210002A00049B3100040002F0A4FE53E03C21FC
:10C22000300014F0B1FC00281CD0A38812ADAB8004
:10C23000A3796020AB712A4B1293A3681493237BDC
:10C240002B73637B6B73A37BAB7316F02AFB062304
:10C250000193363300932A00049B3100040002F05E
:10C26000EDFF30E03C21300014F032FC002822D0F9
:10C27000AB8812ACA380AB79A420A371184B1293A6
:10C28000AB6814932B7B23736B7B6373AB7BA373C0
:10C2900016F007FB062305000293013B0193373399
:10C2A00000932200049B310002F0A4FC0D4B1D60A2
:10C2B00044353D6008E0482016F0F3FA0622049960
:10C2C0000400FFF741FF3C60064B1A68034B002A4D
:10C2D00001D019684A64186817B0F0BDE026002044
:10C2E00074340300DC2600207FB504260400807926
:10C2F0003040051E18D123682000DB6998472000D4
:10C3000013F0ECF9A37903223343A371A18801232D
:10C31000684612F0F7FEA37928001A00B243A27112
:10C320009B0702D4024800E0024804B070BDC0463A
:10C3300014FCFFFF15FCFFFFF0B504008BB0406C50
:10C3400013F044F9061C606C13F033F9022221004B
:10C35000051C07A813F0D3F9089809F045FF041C41
:10C36000099809F041FF0090301C0BF0B1FD060068
:10C370000F000CF0B3FC0BF0FFFD39000190300012
:10C380000CF08AF90BF0F8FD0290281C0BF0A0FDD0
:10C3900006000F000CF0A2FC0BF0EEFD390003903C
:10C3A00030000CF079F906000F000098019909F0AF
:10C3B0005FFC0299051C201C09F05AFC011C281C7A
:10C3C00009F06AFD0BF084FD04900591079809F0CF
:10C3D0000BFF3900051C30000BF0CEFD011C281CA2
:10C3E00009F046FC0399051C201C09F041FC019949
:10C3F00009F03EFC011C281C09F0FAF80399041C02
:10C40000009809F035FC029909F032FC011C201C4F
:10C4100009F0EEF80BF05CFD049A059B0CF09CFE15
:10C4200000220E4B0AF0B6FE0D4A0E4B0AF08EFAB1
:10C430000BF0A2FD011C0C4809F02EFD0021041C8C
:10C4400008F034FF002804D0201C084909F0D0F877
:10C45000041C201C09F0A6FE0BB0F0BD0080764045
:10C46000EA2E4454FB2119400000B4420000B443BA
:10C4700030B585B00122010001A813F040F90298FF
:10C4800009F0B2FE0BF024FD04000D00019809F044
:10C49000ABFE0BF01DFD22002B000CF05DFE002218
:10C4A0000C4B0AF077FE0C4A0C4B0AF04FFA0BF0DB
:10C4B00063FD0021041C08F0F9FE002804D0201CB4
:10C4C000074909F095F8041C201C09F06BFE05B023
:10C4D00030BDC04600806640EA2E4454FB2109402E
:10C4E0000000B44310B5837904005A070DD49B07AC
:10C4F00001D4FFF7F9FE636C2000002B02D0FFF798
:10C500001BFF03E0FFF7B4FF00E0014810BDC04689
:10C5100015FCFFFF82B0F0B50400EBB0642071930E
:10C52000709216F09FF805220EA8110012F03AFE44
:10C5300097490FA8FFF700FA002396251A001FA8B5
:10C540006D001A50C1180C334A608A60AB42F8D1B2
:10C550001922002111A816F0F5F9A06813F0E8FCE3
:10C5600000260990FF21A06800F008FD894FA0680F
:10C5700000F060FB07960896864B9F4202D0864BE0
:10C580009F4212DAA06813F021FDA568834918A81C
:10C59000FFF7CAF8782218A9280000F037FC18A87D
:10C5A00012F016FD7B4F002606E0002F01D00F2E63
:10C5B00002D1A06800F03EFB0322089B60680133B3
:10C5C0001A40089212F0E0FF0500606812F0E3FFE5
:10C5D0000022734B06929D4210DB013206922A0024
:10C5E000C8320BDBAA22042192000691954205DC99
:10C5F00003220692C82D01DC013A06920022049221
:10C60000984210DB012304930300C8330BDBAA23F9
:10C6100004329B000492984205DC03230493C8284B
:10C6200001DC013B04930EA812F0B3FD002511AB11
:10C63000EB5C012B08D15B496B00CA185278C95CCE
:10C640000EA8FF23FFF7F6F80135192DEFD16B4641
:10C6500010229A5E6B460EA81821595E089BFFF7C0
:10C66000E9F8002F01DB0F2E07D90023A068009303
:10C6700074301A000EA912F0A2FD00230593059B49
:10C68000484A5B00995C0698814227D1D3185B78B1
:10C69000049A934222D12C2206AB9B18059A9B5CEC
:10C6A000012B1BD00C23079A216853431D00002245
:10C6B0000AA813F024F81FAA2B0094460AAA634480
:10C6C00023CA23C32C2206AB05999B182B3A5A5434
:10C6D000079B0133DBB20793731CDEB2059B01336A
:10C6E0000593192BCBD1642015F0BCFF3B00643BB4
:10C6F0001FB2079B182B00D83EE71A001FA918A8E5
:10C7000013F06AFA6A461BAB23CB23C21B68136083
:10C710001899199A1A9B206812F0CAFFE568002D33
:10C720000CD0214910A8FEF7FFFF1C2318AA10A95E
:10C73000280014F071F910A812F04AFCA06813F058
:10C7400045FC0FA910A8A56812F00CFD0022174B9C
:10C75000009210A901932800130000F0D7FA10A846
:10C7600012F0F3FCFA20800015F07CFFA06813F0B3
:10C770002DFC0999A06800F001FC0FA812F0E5FC5F
:10C780000EA812F0E2FC6BB0F0BC08BC02B0184777
:10C79000074403008C3C0000D18AFFFF4C44030097
:10C7A00058FDFFFFD543030061440300DC05000092
:10C7B000F0B587B001930EAB1B88060003930D9B69
:10C7C0000D000093019B02920C9F002B41D0002F83
:10C7D00002D1009BDB073CD5302016F062F8040044
:10C7E000103012F084FC2000243012F0FEFA6B4668
:10C7F0001B8918202580638016F053F804970700E2
:10C800000500009B10220593019B002108C73800FA
:10C8100016F098F8082204A9380016F075F80E4BA7
:10C8200002226B6100230399E3602362E3623368B1
:10C830000A43A560A2805B68210030009847002869
:10C8400008D0200012F07AFB200016F026F80348EA
:10C8500000E0034807B0F0BDE5F7020016FCFFFF5B
:10C8600017FCFFFF70B58CB08360109B01604260C5
:10C87000C36004001849180014F09BF8051E14D07A
:10C8800001001C22103105A816F03EF86A4608ABDC
:10C8900043CB43C21B68136020680599069A079B27
:10C8A00012F006FF280015F0F8FF0C4B186800285E
:10C8B0000ED00B4A05AB059200220692C0320292BE
:10C8C0006A4622CB22C2230003220621FFF770FF13
:10C8D00020000CB070BDC04661440300D02600208B
:10C8E00015C50100F0B5040085B0637A9C46002BA5
:10C8F00003D1200013F08DF969E0A37A266F01932C
:10C900001023019AF35600259B1801229A40290012
:10C91000F36802920393039B9D4231DAB368019A54
:10C920006B439B1872695B00E77AD3181A785878C2
:10C93000E379012F04D15F1E3F1A10003A000EE088
:10C94000022F05D15F1EBA1A277A013F381A06E076
:10C95000032F04D1277A013FBF1A020038005B0081
:10C960004343606F8218D3189B79634500DD6346AB
:10C97000627B1A4202D00123AB4019430135CAE75A
:10C980001123C943F356606C994023691940029BF7
:10C99000194315F03BFFA37B072B18D8627B581C6B
:10C9A000520062730B499A00A073022B03D8885877
:10C9B00015F04DFE99E7084B2000236300236363C5
:10C9C000064B8958E4622364143015F0DEFC05B090
:10C9D000F0BDC04614350300E5C80100FFFB0200AE
:10C9E00010B50400044B036015F0C7FC200007F0ED
:10C9F0004DF9200010BDC0467C3C030010B504007A
:10CA00000E4B08330360FEF781FE2000743012F0F5
:10CA10009CFB2000603012F098FB2000583012F090
:10CA2000D7FA2000503012F0D3FA2000044B143013
:10CA30006361FFF7D5FF200010BDC046FC34030042
:10CA4000903C0300F8B500250400324B8580083384
:10CA500003608571143016000F0007F001F9200003
:10CA60002D4BE562636125645030FEF797FE200090
:10CA70005830FEF793FE20006030FEF7BDFE200028
:10CA80000423F25E33682667590009B2743012F04D
:10CA900089FB3378226FE3717368012623721023B8
:10CAA000E572A572A7802561D356916859188B420B
:10CAB00004DA3000984001330543F8E711230120E0
:10CAC000D356D16859188B4206DA02009A4026697B
:10CAD000013332432261F6E7142015F0E2FE2269A9
:10CAE00000212A430123060007F08EFBFF22627219
:10CAF000220000230125483266646573A373237303
:10CB000020001370A366FEF7E3FDA37920002B43FA
:10CB1000A371F8BDFC340300903C0300F0B5437AE8
:10CB200085B00400002B03D1200013F072F866E0FA
:10CB30000122837A11009C461023066F0025F356CC
:10CB400003926344994001912900F3680293029B88
:10CB50009D422CDAB36872696B4363445B00E77AE9
:10CB6000D3181A785878E379012F04D15F1E3F1A41
:10CB700010003A000EE0022F05D15F1EBA1A277A84
:10CB8000013F381A06E0032F04D1277A013FBF1A6C
:10CB9000020038005B004343606F8218D3189B7912
:10CBA000002B02D0039BAB4019430135CFE7112383
:10CBB000C943F356606C994023691940019B19439E
:10CBC00015F024FE667AB31EDBB2FC2B14D8FEF7F8
:10CBD0002DFD0C4B0500236300230B4863630B4BB7
:10CBE000FF21E4622364704308F024FA29004143E2
:10CBF0002000143015F0C9FB637A012B94D905B0DD
:10CC0000F0BDC04613FC0200B6030000FFFB0200AB
:10CC10001FB5012381881A00684612F073FA0123B8
:10CC200003491A00684612F06DFA05B000BDC0460F
:10CC3000FE0300001FB5030048331A780400002AE1
:10CC40000DD000221A70012381881A00684612F064
:10CC500059FA012304491A00684612F053FA2000D9
:10CC6000743012F096FA1FBDFF03000010B50400E7
:10CC7000230048331A78002A07D01B78012B04D0F0
:10CC80000121024812F087F8F2E710BDFF0300000F
:10CC900010B501210400072012F07DF8064B9842E0
:10CCA00009D1230048331A78002A04D01B78012BBD
:10CCB00001D020BFF5E710BD16FCFFFF70B50500E1
:10CCC000141E09DB060048363378002B06D0337873
:10CCD000012B03D00B4813E00B4811E00023280080
:10CCE0001A007430FEF77AFE0020844207D02B0031
:10CCF0004A331C8007234C352880337000E0200025
:10CD000070BDC04612FCFFFF17FCFFFF73B5079C08
:10CD10000500002C09DB060048363078002806D0D4
:10CD20003078012803D00D4816E00D4814E006982D
:10CD30001BB2C0B20090280012B2743012F03FFA59
:10CD40000020844207D02B004A331C8007234C3537
:10CD50002880337000E0200076BDC04612FCFFFF43
:10CD600017FCFFFFF8B505000F00161E13DBFFF7D9
:10CD70007DFF2B0048331C78E4B2002C0DD132002B
:10CD800039002800FFF79AFF301E07D02800FFF770
:10CD90007FFF200002E0024800E00248F8BDC046E4
:10CDA00017FCFFFF11FCFFFFF0B587B00D9E0500DB
:10CDB0000F0002920393002E1EDBFFF757FF2B009C
:10CDC00048331C78E4B2002C18D1390005A812F0C1
:10CDD000C9F90C9B029A009305A9039B01962800B0
:10CDE000FFF794FF05A812F0B0F9301E07D0280015
:10CDF000FFF74EFF200002E0024800E0024807B0C3
:10CE0000F0BDC04617FCFFFF11FCFFFFF8B50400A2
:10CE1000171E09DD060048363378002B06D033781C
:10CE2000012B03D00C4816E00C4814E02200E379F3
:10CE30005632013B137023000025200054331D801F
:10CE4000503012F022F923004A331F8002232800B9
:10CE50004C3425803370F8BD12FCFFFF17FCFFFF38
:10CE6000F7B505000F00161E18DDFFF7FFFE2B00BB
:10CE700048331878C4B2002C12D1390001A812F03E
:10CE8000FCF8320001A92800FFF7C0FF01A812F04A
:10CE90009FF82800FFF7FCFE200002E0014800E0B8
:10CEA0000148FEBD17FCFFFF11FCFFFFF8B50400B1
:10CEB000161E09DD070048373A78002A06D03A786E
:10CEC000012A03D0144826E0144824E05D42069B62
:10CED000FF3301D16B1D00E0069B22001BB26432C0
:10CEE00013802300200066331D70603012F042F979
:10CEF000220000236C3213709D4200D0B3B2220096
:10CF00004A321380079B00205A1E9341013E4C3445
:10CF1000053326803B70F8BD12FCFFFF17FCFFFFB6
:10CF2000F0B587B005000F00161E03931DDDFFF757
:10CF30009DFE2B0048331C78E4B2002C17D1390039
:10CF400005A812F00FF90D9B320001930C9B05A967
:10CF500000932800039BFFF7A9FF05A812F0F5F83E
:10CF60002800FFF795FE200002E0024800E002489A
:10CF700007B0F0BD17FCFFFF11FCFFFFFF2902D82F
:10CF80004172002000E001487047C04617FCFFFFD7
:10CF900013B5040004A800780090200015F04AF9A9
:10CFA000002801D1207500E0004816BD0EFCFFFFEF
:10CFB00013B5040004A800780090200015F022F9B1
:10CFC000002801D1207500E0004816BD0EFCFFFFCF
:10CFD0007FB50D0011000F226A4404001E1E11705F
:10CFE00015D0089B002B12DD012329000093FFF7C9
:10CFF000DFFF002801D007480AE00090089B3200BC
:10D0000029002000FFF7C4FF002801D0F3E7024801
:10D0100004B070BD0EFCFFFF17FCFFFF30B504002D
:10D0200087B0057B006C06F095FEA02200210E4B18
:10D03000AD00D200285199500C4A14319950636CBC
:10D040006846597C237BC91849B213F0B9F8039B91
:10D05000019A03211A60207B0130C0B207F0E6FF7D
:10D06000217307B030BDC0460070004004050000C9
:10D0700082B070B50400002588B00C920D93636CEB
:10D080009A6895420ADA197C02A8491949B213F044
:10D0900097F8069B039A01351A60F0E75D7C237BC5
:10D0A00002A8ED186DB2290013F08AF8039A059BC7
:10D0B00001921A600021182202A815F043FC02A870
:10D0C0000022290015F044FA206C002801D015F048
:10D0D000E4FB082015F0E5FB2900060006F012FE2F
:10D0E000094B2000E3620023FA212363074B2664E7
:10D0F000A462E3631030090115F047F908B070BC71
:10D1000008BC02B01847C0461DD001006D010300E5
:10D11000F0B5040085B000930CAB1B8810300E00F6
:10D120001500019311F0E3FF2000243011F05DFEA3
:10D1300026806580182015F0B4FB070002AE33008E
:10D140003D000AAA03CA03C3009B102208C50021A0
:10D15000280015F0F7FB31000822280015F0D4FB59
:10D16000064B02227B61200000230199A7600A433D
:10D17000E360A2802362E36205B0F0BD8101030099
:10D1800070B50500040010350E00302286B0002175
:10D19000280015F0D7FB280006F062FD0023194A8D
:10D1A00066642261184AA3621668E36323732360EE
:10D1B0006360A3609E421FD0144A302004920593FE
:10D1C00015F06FFBC02305006A46029304AB03CB46
:10D1D00003C22300072102222800FFF799FF3368CA
:10D1E00029005B6830009847002805D0280011F01E
:10D1F000A5FE280015F051FB00232000236406B093
:10D2000070BDC046903C0300D026002071D00100C4
:10D2100030B5134B93B01D680400002D17D0114B8F
:10D220006A460493002305931033029304AB03CBA7
:10D2300003C223000222072106A8FFF769FF2B681B
:10D2400006A99B682800984706A811F077FE2000E1
:10D25000054B10302361FFF7C3FB200013B030BD36
:10D26000D026002071D00100903C0300F7B50700E4
:10D270000D1E27D00023022604690193002C1DD027
:10D28000AA88A3885340334216D1324203D1AB88D7
:10D29000334207D010E0A968A06813F0F1FE00281F
:10D2A00004D1F4E7A368AA68934205D12B88002B28
:10D2B0000AD022889A4207D0E46ADFE7019B200067
:10D2C000002B1ADC0D4818E06B88002B02D0628816
:10D2D0009A42F1D1EB68E268934201D0002BEBD186
:10D2E0007B68002B01D020009847A388044A134391
:10D2F000A380019B01330193DEE7FEBD17FCFFFF16
:10D300000080FFFFF0B5060085B00D1E5CD0012740
:10D310000469002C1DD00221AA8800230A4202D0F1
:10D32000A3885B083B40226829688A4257D1002BBA
:10D330000AD0A968A06813F0A3FE00284FD0EB68BC
:10D34000E26893424BD141E0A368AA68934246D178
:10D35000F5E731692A880F000B1E0CD135610123D6
:10D360002149684611F0CEFE20003AE0D86A1F003D
:10D37000002812D0030018889042F7D318003B0011
:10D380000488944209D147886C88A74205D8C46AAA
:10D390000300002C01D02000F2E799420AD108884E
:10D3A000824204D306D14C886888844202D9E9625B
:10D3B000356102E0D96AE962DD6201230A49684603
:10D3C00011F0A0FE00200CE008480AE0A3881AB281
:10D3D000002A02DA5B045B0CA380054801E0E46AE2
:10D3E00097E705B0F0BDC046FD03000017FCFFFF46
:10D3F00016FCFFFF064B10B51A00040008322C3350
:10D40000026083600830FDF7E3FE200010BDC046D7
:10D410003435030008B4024B9C46083808BC60470A
:10D42000F5D3010008B4024B9C46083808BC60479D
:10D43000270203000C4A002311002C32083110B5DA
:10D44000436083818373826003614361836183836B
:10D45000016004000830FDF7ADFE044B1A68002A95
:10D4600000D11C60200010BD34350300D026002000
:10D4700082B0F7B50125402709930CAB1B780469EE
:10D4800008920193002C37D008AA238812889A4268
:10D4900001D0002B2AD108AA638852889A4201D071
:10D4A000002B23D1FDF7A8FD0123002806D0A28878
:10D4B000BF331340C03B5A425341DBB2019A9342FF
:10D4C00013D1A68833B2002B0FDB102208A9A018B5
:10D4D00015F01AFA3E420BD1FDF78EFD002807D059
:10D4E00021000848FDF75EFF00E00025E46AC9E777
:10D4F000200012F0A1FEF9E72800FEBC08BC02B033
:10D500001847C0463902030008B4024B9C4608384D
:10D5100008BC6047D503030010B5024811F0E7FDD1
:10D5200010BDC04648220020F0B587B001930EAB75
:10D530001B88060003930D9B0D000093019B029234
:10D540000C9F002B41D0002F02D1009BDB073CD564
:10D55000302015F0A6F90400103011F0C8FD2000AD
:10D56000243011F042FC6B461B8918202580638013
:10D5700015F097F9049707000500009B102205930A
:10D58000019B002108C7380015F0DCF9082204A926
:10D59000380015F0B9F90E4B02226B610023039994
:10D5A000E3602362E36233680A43A560A2805B689C
:10D5B000210030009847002808D0200011F0BEFC60
:10D5C000200015F06AF9034800E0034807B0F0BDF9
:10D5D0001504030016FCFFFF17FCFFFFF0B5040065
:10D5E000160000258380164A164B85710260218142
:10D5F00046810573186889B08C46A8421DD0124A2E
:10D6000005950492C02202926A4604AB82CB82C284
:10D61000614623002A00FFF787FF0B4A094B069259
:10D62000C022186802926A4606AB079582CB82C276
:10D6300023002A003100FFF777FF200009B0F0BD7A
:10D6400078350300D02600203F05030030B50024C4
:10D6500003730123034D84710560818082734373DA
:10D66000846030BD7434030070B583790400DB0737
:10D6700002D5806815F011F9A3799B0702D5A0683F
:10D6800015F00BF9A3795B0707D5A0230021144AF5
:10D69000DB00D150A06815F000F9A3791B0708D56D
:10D6A000A568002D05D0280013F061FD280015F0B5
:10D6B000F4F8A379DB0605D5A068002802D003683A
:10D6C000DB6898476023A2791A4205D0A068002839
:10D6D00002D003685B6898470023A360A37170BD04
:10D6E00000700040F7B50222037B04000F001342D4
:10D6F00024D0012924D88579154015D1FFF7B4FF2E
:10D70000182015F0CEF80E230600E3561822290043
:10D71000019315F017F90199300014F02BFF022244
:10D72000A379A6601343A371A3685A68002F03D09E
:10D73000DB681A60002004E01B69FAE7014800E09A
:10D740000148FEBD16FCFFFF17FCFFFFF7B50126E1
:10D75000037B040033422BD0612385791D4017D110
:10D76000FFF782FF182015F09CF80E230700E35600
:10D7700018220093637B2900019315F0E3F8019AC6
:10D780000099380014F0E4FEA379A7603343A37135
:10D790006023A2791A4203D0A06814F06CFD08E05F
:10D7A000A268536950681B681840431E984100E006
:10D7B0000048FEBD16FCFFFF70B5037B04000D00A2
:10D7C0001B0713D50B4B994212D812F053FF0300DD
:10D7D000002083420DD1280008F006FD064908F01C
:10D7E0007DF8011CA06803F043F902E0034800E063
:10D7F000034870BDFF03000000C07F4416FCFFFF1C
:10D8000017FCFFFF70B50425037B04002B4214D0E6
:10D8100083792B420DD1FFF727FF082015F041F83F
:10D820000E210600615606F06DFAA379A6602B431F
:10D83000A371A06806F08EFA00E0014870BDC046F2
:10D8400016FCFFFFF7B50127037B04003B4219D00C
:10D85000102385791D4011D1FFF706FF282015F010
:10D8600020F80E21A2883B00615600950600FEF7C5
:10D8700031FC1022A379A6601343A371A06811F0B4
:10D88000C0FE00E00048FEBD16FCFFFF70B5037B44
:10D8900005000E001B0713D5002913DB12F0EAFE6A
:10D8A000041E11D1A86803F0F7F80949884202D094
:10D8B000A86803F0F7F83100A86806F0ABFD04E0B3
:10D8C000044C02E0044C00E00024200070BDC0467F
:10D8D000204E000016FCFFFF17FCFFFFF8B51400F8
:10D8E000027B070012071CD500291CDB002C1ADD67
:10D8F000002B18DDB42900DDB421FA26B6007143EF
:10D9000065100800B4215D1B07F094FB754360436C
:10D910003100281807F08EFB01003800FFF7B6FF32
:10D9200002E0024800E00248F8BDC04616FCFFFFD6
:10D9300017FCFFFF10B583791B0703D5806803F040
:10D94000B1F800E0004810BD16FCFFFF10B501243F
:10D95000837941731C4004D0806814F08AFE002053
:10D9600007E06022134203D0806814F08BFCF6E7D6
:10D97000004810BD16FCFFFFF8B56023867904004F
:10D980000D001E4025D1FFF76FFE582014F089FFCF
:10D990000E210700615600F0EBFE3800A760617BA6
:10D9A00014F070FC0122A068104B114F4362046216
:10D9B0008662476311001C3006F0B6FAA0680D4B72
:10D9C0008463C3630664C76401221C30022106F02D
:10D9D000ABFA6022A3799343403A022D02D0032D83
:10D9E00001D1402213430020A371F8BDF7060300C4
:10D9F000610603001B07030010B50300042912D8B9
:10DA0000080007F083FA0C10030307001800FFF763
:10DA1000B3FF02E01800FFF715FF002004E0180034
:10DA200012F08DFEF9E7014810BDC04617FCFFFF5C
:10DA300070B5040000250D4B0E00083385808571FC
:10DA400003602100183012F0B1FE200021002030C8
:10DA500012F0CFFE064BA680A571E5712572E56038
:10DA60002561656120001C6070BDC04688350300DB
:10DA7000E42600208379DB0702D5C160002000E0A6
:10DA80000048704716FCFFFF8379DB0701D5C068AB
:10DA900000E001487047C04616FCFFFF70B54569BD
:10DAA0000400002D21D0037A032B20D8FFF7ECFFD0
:10DAB000A8622C2014F0F5FE2C220021050014F0A1
:10DAC00041FF0023626953622369002B01D1226167
:10DAD00005E0596A002901D00B00FAE75A62237A5F
:10DAE000656101332372002002E0024800E0024831
:10DAF00070BDC04617FCFFFF13FCFFFF154B70B550
:10DB00005A68154D002A03D000225A600132AA60DB
:10DB10001B69114E002B1CD000210E4B0F4C1961BC
:10DB20008023DB00F358012B0ED1A923DB00F15831
:10DB300020684942FFF79EFF2068FFF7AFFF236888
:10DB40005A69074BF25002E02068FFF793FF012368
:10DB5000AB6070BDFC10004000100040E4260020C7
:10DB60000405000003000069002809D00221054ACD
:10DB7000D167426A1A611A7A013A1A72024B196025
:10DB80007047C04604E100E000E100E0F0B585B078
:10DB9000040014F097FB204B1B785B073AD5002557
:10DBA000236CC6B20227DF5FBD420EDA200029B225
:10DBB000403011F08FFA864205D101230C211A0062
:10DBC000684611F09FFA0135EEE7250023004E3537
:10DBD00028884C331978013007F012FB23005033AA
:10DBE0001B8889B28B420FD02B88A26CD654636CF1
:10DBF0002980002B0EDB2A8893420BD101235B4244
:10DC000063640222023301E0012303220C216846EF
:10DC100011F078FA05B0F0BDE02900200121024A98
:10DC200013780B4313707047E02900200221024A49
:10DC300013780B4313707047E02900200121024A3A
:10DC400013788B4313707047E02900200221024AA9
:10DC500013788B4313707047E029002010B500291A
:10DC600003DB024B196014F05EFB10BDE8260020B8
:10DC700070B504001E0004AB1D7805F069FF20009C
:10DC80000E4B40302360FDF789FD230001364C33F5
:10DC9000013522001E701D730023E1214E32A36462
:10DCA0006365138053809381D381013B20006364BB
:10DCB0004902FFF7D3FF200070BDC04624340300A3
:10DCC00070B505001400012A10D003004E331888E7
:10DCD000023B4018197807F093FA69640025022C7A
:10DCE00005D121000C2011F056F800E0014D28006C
:10DCF00070BDC04617FCFFFF70B5050004000A00A8
:10DD00005035002907D103004E331B882A889A42D8
:10DD100012D111481FE0012906D101002A884E3195
:10DD20000B889A42FCD007E0022905D103004E334C
:10DD30001B88298899420AD0A36C28884C341E5C21
:10DD40002178013007F05CFA3000298003E00121DE
:10DD5000FFF7B6FFF0E770BD0CFCFFFF70B51500D4
:10DD6000012A0AD0403011F090F90024022D05D18B
:10DD700001210C2011F00FF800E0014C200070BDD3
:10DD800017FCFFFFF8B5114D04002B781B0705D5D4
:10DD9000012112F094FD606DFDF7D2FB08272300EE
:10DDA0002E785833BE432E701878FDF793FB6065CC
:10DDB000002808D0230000205A335C343E431880EA
:10DDC0002E70208000E00248F8BDC046E029002007
:10DDD00013FCFFFF70B50B4B05001B780C009B0775
:10DDE0000ED4FFF723FF2B00013458331C7028009A
:10DDF000FFF7C8FF04002800FFF728FF200000E01D
:10DE0000014870BDE02900200DFCFFFFF0B50600C1
:10DE100007005C365A3733883A8885B004009A4246
:10DE20001ED0104B1B781B071AD53388426DD15C6E
:10DE300014F04CFA2300308858331978013007F079
:10DE4000DFF93B888DB2AB4209D107490123022299
:10DE5000684611F057F90121200012F030FD35809D
:10DE600005B0F0BDE0290020FF03000073B50D00F0
:10DE700006A9040009780430002A01D1DE070DD577
:10DE8000002D0BD00C34260018244C433419A36009
:10DE9000044B626025606361012200E0002206F00D
:10DEA0009DFC73BD1D080300F0B5070004000025AC
:10DEB00089B00391049205935A37049B9D4213DA6B
:10DEC00023003E8858331978701C07F099F9230015
:10DED0005C331B8889B2994206D0039B626D5B5DFF
:10DEE000013593553980E8E7059B012B03D00221CA
:10DEF0000648FDF7DDF8012320000093044A0023C3
:10DF00002100FFF7B3FF280009B0F0BDFF030000B8
:10DF10000DDE0100F7B5194C1F00237805000191B3
:10DF200016009B0725D4002A25DD002923D0FFF702
:10DF30007DFE23781B0701D5002407E02800FFF7AA
:10DF400021FF0028F8D017E0A6420DDD019B321B0F
:10DF5000191928003B00FFF7A7FF390024182800F3
:10DF600012F09EFC002FEFD12800FFF76FFE20007B
:10DF700002E0034800E00348FEBDC046E02900205F
:10DF80000DFCFFFF17FCFFFFF0B5174E87B033788D
:10DF900005005B0705D5002112F091FCA86CFDF788
:10DFA000CFFA04273378BB4303936B461B7B337054
:10DFB0002B004C331878FDF78DFAA864002810D098
:10DFC0002B0000244E331C805C80039B28001F43E1
:10DFD0003770064A009423002900FFF747FF20000E
:10DFE00000E0034807B0F0BDE02900208DDB010010
:10DFF00013FCFFFF70B50E4C050023780E00DB0705
:10E0000014D4FFF70BFE23785B0709D531002800F5
:10E01000FFF772FE04002800FFF710FE200006E064
:10E020002800FFF7B1FF0028F0D000E0014870BDE4
:10E03000E02900200DFCFFFFF7B52C4C019323785D
:10E0400005000F001600DB074DD4FFF7E7FD23782E
:10E050005B0703D5019B1C1E0AD011E02800FFF7C7
:10E0600093FF0028F6D03FE0B44237DA3855013448
:10E0700000212800FFF740FE1D4B9842F4D12DE00F
:10E08000019B012B0AD13C00E31BB3421BDA0121A7
:10E090002800FFF731FE20700134F5E7019B0024D2
:10E0A000022B1BD1280012F0DAFB864207DD280084
:10E0B00012F0D5FB019A311A2800FFF701FE3C004F
:10E0C000E31B9E4203DCF443E417344006E00221E4
:10E0D0002800FFF711FE20700134F1E72800FFF758
:10E0E000ADFD200000E00348FEBDC046E029002051
:10E0F0000CFCFFFF0DFCFFFFF0B58BB002AF7B60A7
:10E10000704BB8601B780C001500DA072CD45B0745
:10E1100008D40800FFF738FF011E03D0B86810F0DC
:10E1200073FFCAE02000FFF779FD230050331B88FE
:10E13000FB603B6101235B427B6126004E363388E6
:10E140003A699A4203D07B69013300D197E07B683A
:10E15000012B21D07B68022B2FD07B69002B50DA5A
:10E160002000FFF76BFDB868FDF718FBA5E01388EA
:10E1700039699942FBD00026A36C5B5C7B602B68FD
:10E1800002229B5E9E420DDB230038694C331978D6
:10E19000013007F035F839617B690133DDD12200A8
:10E1A0004E32E4E731B2280010F094FF7B688342DE
:10E1B00001D13B697B610136E1E77B690133CCD159
:10E1C0001C232900F81810F058FF1C237A68F9184E
:10E1D0002000FFF7C3FD1C23F81810F0F9FE338868
:10E1E000013B7B611C23F818FDF7D8FA1C232000A3
:10E1F000F918403010F049FF1C23F81810F0E8FE21
:10E20000ABE76B46FA687B607B699D1A934205DA3F
:10E2100023004C331D787B69AD1AED182B0069463D
:10E220000833DB08DB00CB1A9D4602AE6A1C0021D6
:10E23000300014F087FB23004C333B611A78BB8A13
:10E2400020000193FB680093A16C330012F0F0FAF8
:10E25000230050337B6118883B69013019784019DD
:10E2600006F0CEFF7B6920001980FFF7E7FC2AB299
:10E270003100B868FDF768FA7B689D461DE000260E
:10E28000A36C3A699B5C3B602B6802229B5E9E42BA
:10E290000ADA31B2280010F01DFF3B68834201D139
:10E2A0003B697B610136EFE7230038694C3319780D
:10E2B000013006F0A5FF39613FE7BD46B86809B0F7
:10E2C000F0BDC046E029002070B50B4B05001B785F
:10E2D0000C00DB070ED4FFF7A1FC2B0001344C33FC
:10E2E0001C702800FFF750FE04002800FFF7A6FC72
:10E2F000200000E0014870BDE02900200DFCFFFF78
:10E3000070B5224B86B01B7804000D0016009B07E9
:10E3100001D01F4837E0FFF789FC2000FFF77EFCA3
:10E32000200012F0ACFA002803DD0121200012F0D9
:10E33000C6FA0021200012F0C2FA29000025201D93
:10E34000320006F0ADF920000095124A2B002100A2
:10E35000FFF78CFD200012F092FAA84207DD01239E
:10E360000D4A009321002B002000FFF77FFD0B4B8F
:10E3700020001968FFF772FC2000FFF75FFC200007
:10E38000FFF764FC002006B070BDC046E029002005
:10E390000DFCFFFF8DDB01000DDE0100E8260020F3
:10E3A000F7B580277F053D697C690822113C6C43E5
:10E3B00006002100684614F0A7FA104B009A9A4212
:10E3C00019D0009300230193796930001339694310
:10E3D00012F0AAFA019A0099300012F0BDFA210059
:10E3E000300012F0A1FA7969AB08133969432200B1
:10E3F000300012F0A3FA0198FEBDC046FECA00002C
:10E40000F0B50D00ABB00D9200213022060012A82D
:10E410000B9314F097FA280014F0D4FA431C0C93D1
:10E42000102B00DDB6E00B9B202B00D9B2E02900B9
:10E43000300012F0BEFA071E29D129000C9A12A84A
:10E4400014F062FA0D990B9A16A814F05DFA802365
:10E450005B051F695A693000113A7A435D690D9274
:10E46000FFF79EFF0D9B30220833002104001EA8F9
:10E470000F9314F067FA290013397943300012F032
:10E4800053FA0F9B0B9300230C930E9335E010303F
:10E490000B9A0D9914F029FA0400380014F0FDF9D4
:10E4A000002C7AD0C9E70B9930221EA814F02CFA60
:10E4B00012A91EA814F07CFA002822D13849300095
:10E4C00022001091119412F047FA6A460B9B0993AF
:10E4D00015AB23CB23C223CB23C223CB23C23000D3
:10E4E000149B1299139A12F045FA01230E930B9B79
:10E4F00030330B930C9B01330C930C9BA342D2DB68
:10E5000010E06A460B9B099321AB23CB23C223CB9C
:10E5100023C223CB23C230001E991F9A209B12F0E6
:10E5200029FAE4E7E5433021ED1725404D430F9BE1
:10E530005D190E9B002B1BD1B81E06F0F1FC844226
:10E540002AD017490134300022001091119412F0A2
:10E5500003FA6A46099515AB23CB23C223CB23C20A
:10E5600023CB23C230001299139A149B12F002FAA3
:10E570000D99300012F0D8F980235B0559690C23FE
:10E5800063431339023379430D9A300012F0D6F900
:10E59000002402E0034C00E0034C20002BB0F0BD4F
:10E5A000FECA000017FCFFFF13FCFFFF8023F0B53D
:10E5B0005B051A6995B002925A6905910299113A60
:10E5C00051435C69029B133C050003915C43FFF7D8
:10E5D000E7FE061E4ED00027039B302208330021A1
:10E5E000083408A8019314F0ADF92100280012F0B6
:10E5F0009BF90497B74220DA0199302208A814F059
:10E6000083F9059908A814F0D3F9002809D11B490A
:10E61000721E28000691079212F09EF901230493BE
:10E6200006E022000C230199280012F087F930340B
:10E63000019B013730330193DCE7049B002B05D1AC
:10E640000E493200280012F087F913E003992800E0
:10E6500012F06AF980235B0559690C23029A133979
:10E660004A437343110028000233039A12F066F9FB
:10E67000002000E0024815B0F0BDC046FECA000010
:10E680000CFCFFFF70B50400A280FA2200230800F2
:10E690000C49920008312160A3716061E260A360BF
:10E6A0006382094912F085F9051E09D00100200096
:10E6B00010310222123014F027F9280014F0EDF87E
:10E6C000200070BDA03503006C44030030B5022566
:10E6D000837987B004002B4204D1FCF76BFDA3794A
:10E6E0002B43A371200012F0A8F900282DD06B460F
:10E6F000DD1C280012F098F92B78002B03D001A81C
:10E7000012F090F90FE00122114B1A60114A536880
:10E71000002BFCD000220F4B5A600F4B01321B68BC
:10E7200001930B4B5A600322019BD9170A40D3185F
:10E730009B102382FCF7B4FFE368A188181801231B
:10E74000A0601A0002A810F0DDFC002007B030BD68
:10E7500000C00040FCC0004008C5004010B50400E7
:10E76000024B036005F0C4F9200010BDC035030062
:10E7700010B5040005F0C8F9034B00222360002304
:10E7800020002265636510BDC0350300022802D158
:10E790000122014B1A707047E129002070B5064C28
:10E7A00005002378002B04D1044802F041FE012328
:10E7B0002370280070BDC046E22900208DE70100CB
:10E7C00070B50C0010F090FA002811D0164B002202
:10E7D000A50A1C001A70280012F05CF9002803D06A
:10E7E0000A2013F03FFFF6E72378002BFCD019E056
:10E7F000022180250D4B0E4AED0099508020595979
:10E80000C0000029FAD0A121084DC9006C50195848
:10E810000029FCD00020054988508021C9005A58A1
:10E82000002AFCD070BDC046E129002000E0014074
:10E8300004050000F8B50C0015001E0010F054FA95
:10E84000002812D0194B00221F001A703200290034
:10E85000200012F01DF9002803D00A2013F002FF57
:10E86000F4E73B78002BFCD01EE00121104A114B4D
:10E87000944699508021C9005A58002AFCD080271C
:10E880000022FF008021C900964207DD91006858F0
:10E890006050D9590029FCD00132F3E700226046CC
:10E8A0001A505A58002AFCD0F8BDC046E129002071
:10E8B0000405000000E00140F0B589B00E9D06009F
:10E8C0000F000592002D05D1802252055569314A6D
:10E8D000AD18AD02AC05A40D57D1BA0A920201924F
:10E8E000BA05920D0292D218049205993A003000AE
:10E8F00012F0D2F800280AD1FF2403223900049B29
:10E90000A4000433934321400393019D14E0002DA0
:10E910003BD029003000FFF753FF8023019A5B00B2
:10E9200029003000FFF786FF01993000FFF748FF0C
:10E9300080232100DB00039300230793039B8B427A
:10E9400025DD0322029B0A40D200994207DB049B8B
:10E95000994204DA059B02981B1A5B5C00E06B5C31
:10E9600093400327079A4C1C13430793274001D079
:10E970002100E3E7019B89108900591807AA0123A8
:10E980003000FFF757FF0797F2E7034800E0002049
:10E9900009B0F0BDEDFF3F0017FCFFFF08B4024BCC
:10E9A0009C46443808BC6047B50A0300F8B5FA2312
:10E9B0000189DB0004005943324812F077FBFA2149
:10E9C000890006F0ADFA304F2081A17A380012F0AC
:10E9D0006DFB23002600250022894C33A072A0364F
:10E9E0001A808C35317800232A22286811F01BFB0D
:10E9F000002801D0254844E031781F235B22286895
:10EA000011F011FB0028F5D1317820235C22286811
:10EA100011F009FB0028EDD1317801232C22286860
:10EA200011F001FB0028E5D1317801232D2228685F
:10EA300011F0F9FA0028DDD1317801232E2228685F
:10EA400011F0F1FA0028D5D1A17A380012F029FB93
:10EA50003178C3B20E22286811F0E5FA0028C9D136
:10EA6000FA2321899B005943064812F01AFB01231F
:10EA70001843C3B231782A22286811F0D4FA00284A
:10EA8000B8D1F8BD88360300083603000EFCFFFF3E
:10EA900008B4024B9C46443808BC6047ADE901000D
:10EAA000074B10B51A00040008323C33026043647F
:10EAB000443010F0BAFD200010F0C8FC200010BD5A
:10EAC0002836030008B4024B9C46443808BC604713
:10EAD000A1EA010008B4024B9C46443808BC6047D8
:10EAE000BF0A0300F0B5042583798BB004002B42E4
:10EAF00004D1FCF75FFBA3792B43A3712000903076
:10EB0000FEF724FE061E66D12300A03319782000EC
:10EB10000C2307AD00938C302B0001220068FEF718
:10EB200057FA002801D02E4E56E00A2304AA9B185B
:10EB30002A785A706A781A700022995EAA785A70F8
:10EB4000EA781A7000201A5E039228795870687962
:10EB5000187000201F5EA8795870E879187000229C
:10EB6000985E0490287A5870687A18700022985E2F
:10EB70000590A87A5870E87A18701F2000229B5ED2
:10EB8000039A9C46A37A52425A435943D5177B4372
:10EB90000540AA185211A261DF17CA170240384077
:10EBA000C3185B11236264235118059A5B425343D7
:10EBB0004911A3676423E1616146049A20005A4326
:10EBC0004B43E267221DD36710F0B0FC20004430B5
:10EBD00010F032FD00E0002630000BB0F0BDC04662
:10EBE0000EFCFFFF08B4024B9C46443808BC60474B
:10EBF000E5EA0100F7B51E00040008AB1B8815000C
:10EC0000019309AB00911A8831000AAB1F88FCF709
:10EC10009DFF20003A0031004430FDF795FA144B77
:10EC200020001A003C336364230008322260009AFB
:10EC30008C331A60AB8890308380AB796A468371DD
:10EC40000C4B92880360AB68032183602B7B0373BA
:10EC50006B7B43730E23EB5683732300A0331A8020
:10EC6000FEF774FE2000FFF7A1FE2000FEBDC046A7
:10EC70002836030074340300F8B5FA260189B6007B
:10EC800004007143264812F011FA310006F048F9E9
:10EC9000244F2081A17A380012F008FA2500A072D2
:10ECA0005835297800232A22606C11F0BCF900281D
:10ECB00001D01D4832E0297810232B22606C11F01E
:10ECC000B2F90028F5D1297801232D22606C11F0CA
:10ECD000AAF90028EDD1297801232E22606C11F0C9
:10ECE000A2F90028E5D1A17A380012F0DAF92978E2
:10ECF000C3B20E22606C11F096F90028D9D1218997
:10ED00000748714312F0CDF901231843C3B22978A3
:10ED10002A22606C11F087F90028CAD1F8BDC046DC
:10ED200024370300D03603000EFCFFFF10B50400AB
:10ED3000034B0833036010F089FB200010BDC04670
:10ED4000F03603007FB50425837904002B4204D1FB
:10ED5000FCF730FAA3792B43A37120004830FEF76B
:10ED6000F5FC051E24D1230058331978062302AE82
:10ED7000009301223300606CFEF72AF9002801D0CD
:10ED80000D4D16E0042302200022A17AF3563056DE
:10ED9000B2564B43C0004A4340424143DB0023622A
:10EDA0002368D200A161E2619B6A2000984700E0DD
:10EDB0000025280004B070BD0EFCFFFFF8B504006C
:10EDC000150006AA168807AA0F0012881900FCF77A
:10EDD000BDFE0F4B6764083323602300AA884833C5
:10EDE0009A80AA7920009A710A4AA264AA682265C8
:10EDF0002A7B1A736A7B5A730E22AA569A730023CF
:10EE0000A371230058331E80FFF736FF2000F8BDA2
:10EE1000F03603007434030010B50400034B0833CC
:10EE2000036010F002FC200010BDC0462C37030028
:10EE300070B50825837986B004002B4204D1FCF715
:10EE4000B9F9A3792B43A37120004C30FEF77EFC67
:10EE5000002830D023005C331978062304AE0093D9
:10EE600001223300A06CFEF7B3F8051E01D0134851
:10EE700021E00E2332786B445A70727820001A70A9
:10EE80000022995E64224A43A263B2785A70F278F3
:10EE90001A700022995E64225242514361633179B3
:10EEA00059707179197000215B5E5A432368E263DF
:10EEB0001B6A9847280006B070BDC0460EFCFFFFD5
:10EEC000F0B507005C3787B00400397800231022C2
:10EED000806C11F0A8F80326002807D01F483AE0FC
:10EEE0002B78334211D06420FCF700FA0F2502ABD7
:10EEF000ED180123397808220093A06C2B00FEF74F
:10EF000067F8164B9842EBD1E8E7FA252189144EB1
:10EF1000AD006943300012F0C9F8290006F000F88E
:10EF200020813978A0231122A06C11F07CF80028F0
:10EF3000D4D1A36C21890393694330003F7812F048
:10EF4000B0F801231843C3B210223900039811F01E
:10EF50006AF80028C2D107B0F0BDC0460EFCFFFF22
:10EF6000B0370300F8B50400150006AA168807AAF2
:10EF70000F0012881900FDF7E7F80D4BA76408335E
:10EF800023602300AA884C339A80AA7920009A71C2
:10EF9000084AE264AA6862652A7B1A736A7B5A731C
:10EFA0000E22AA561E829A73FFF78AFF2000F8BD30
:10EFB0002C37030074340300F7B5FA250189204F7C
:10EFC000AD0004006943380012F070F8290005F024
:10EFD000A7FFA17A20811B4812F068F82600636C15
:10EFE000A072009321895836337869433800019321
:10EFF00012F057F807231843C3B220220199009852
:10F0000011F011F8002801D00F4818E031781023D2
:10F010002222606C11F007F80028F5D1A17A094886
:10F02000656C377812F03DF880235B421843C3B219
:10F0300023223900280010F0F6FF0028E4D1FEBD9D
:10F040005C380300343803000EFCFFFF10B50400E9
:10F05000034B0833036010F0F9F9200010BDC046DF
:10F06000B8370300F0B50425837985B004002B423E
:10F0700004D1FCF79FF8A3792B43A37120004830FB
:10F08000FEF764FB002832D023005833197806239A
:10F0900002AE0093A8223300606CFDF799FF051EB5
:10F0A00001D0144823E01F200023F25ED317034051
:10F0B0009B180222B15E5B11CA1702405218042746
:10F0C000F15F3380CF17384040184111A07A5B427E
:10F0D00043435211728052424243B1804143E36143
:10F0E0002368A26121629B6A20009847280005B02E
:10F0F000F0BDC0460EFCFFFFF8B50400150006AADF
:10F10000168807AA0F0012881900FCF71FFD0F4B85
:10F110006764083323602300AA8848339A80AA7959
:10F1200020009A710A4AA264AA6822652A7B1A738F
:10F130006A7B5A730E22AA569A730023A371230086
:10F1400058331E80FFF738FF2000F8BDB8370300A2
:10F1500074340300F7B5FA2504000189134EAD009D
:10F160006943300011F0A2FF290005F0D9FE270005
:10F17000A36C208100935C373B7881B269433000F7
:10F18000019311F08EFF6022C3B20199009810F034
:10F190004AFF002801D0064807E03978012362229F
:10F1A000A06C10F040FF0028F5D1FEBDB038030080
:10F1B0000EFCFFFF10B50400034B0833036010F092
:10F1C00034FA200010BDC046643803007FB508251E
:10F1D000837904002B4204D1FBF7ECFFA3792B4386
:10F1E000A37120004C30FEF7B1FA002822D0230092
:10F1F0005C331978062302AE0093E8223300A06C3A
:10F20000FDF7E6FE051E01D00B4813E00223F25E77
:10F2100096235B425A4362630021725E200053438F
:10F22000A3630423F25E96235343E36323681B6ABC
:10F230009847280004B070BD0EFCFFFFF8B504002D
:10F24000150006AA168807AA0F0012881900FCF7F5
:10F250007BFF0D4BA764083323602300AA884C333F
:10F260009A80AA7920009A71084AE264AA686265C5
:10F270002A7B1A736A7B5A730E22AA561E829A73CD
:10F28000FFF768FF2000F8BD643803007434030002
:10F2900010B50400054B083303601C300FF098FED6
:10F2A000200018300FF094FE200010BDB838030085
:10F2B000FF23F0B52B4C8DB0237000230500694669
:10F2C0000088009303F034FC002802D16B469B7841
:10F2D0002370254E3368DB68002B06D10023288875
:10F2E0001A00190011F05BFC3AE02378032BF5D8E3
:10F2F0001E4901A8FCF718FA336801A9DE6804A8C2
:10F300000FF0BBFE04A9300011F080FB060004A83A
:10F310000FF05EFE371E1ED031002022103104A8EF
:10F3200013F0F2FA300013F0B8FA217804ABC900F8
:10F330005918082202A813F0E7FA288801230822A6
:10F3400002A911F02CFC0127002804D12888084AC2
:10F350000C2111F022FC01A80FF03AFE002FBDD0C5
:10F360000DB0F0BDFD210020EC260020F744030085
:10F37000FFFF0000F0B5837991B004005B071BD557
:10F38000FCF78EF900232269801A9941994203D132
:10F39000F423FF3398420FD9A068002808D0364BD9
:10F3A0001D8801F057FC036815221B6A2900984745
:10F3B0000422A3799343A371A3799B075AD52F4DB8
:10F3C0002B68DB68002B51D02D4B1A780193032A50
:10F3D0004CD8294B2B491B8804A80093FCF7A4F9AF
:10F3E0002B6804A9DE6808A80FF047FE08A93000C2
:10F3F00011F00CFB070008A80FF0EAFD02AB9E1D00
:10F4000008233200338006A9073B009811F0C9FB9E
:10F41000002F08D039002022103108A813F074FA08
:10F42000380013F03AFA019B32881B7806A9DE00F7
:10F4300008AB9E19300013F058FA002813D00822A8
:10F4400006A9300013F060FA2B6804A9DD6805A84E
:10F450000FF013FE202308AA05A9280011F0DCFAFA
:10F4600005A80FF0B5FD04A80FF0B2FD0222A379A4
:10F470009343A37111B0F0BD84290020EC26002035
:10F48000FD210020F7440300F7B504000025019298
:10F49000C77FAF4254D966197078884202D11529C6
:10F4A00027D804E0605D2D180135EDB2F1E70122A7
:10F4B0008A40264802421CD0D91901201F2943DC6A
:10F4C000E1193718B94210D80021C8B2834205D9D2
:10F4D000019A7018575C01318770F6E7625D9A18DF
:10F4E0006255E27F9B18E37728E00878C854013919
:10F4F000E8E7655D013DEDB2AB4209D10021C8B23C
:10F5000083421BD9019A7018545C01318470F6E76C
:10F51000FF187F1B01201F2F16DC0227A81C7F422B
:10F5200036187F1BE07F2218964203D23078F055C0
:10F530000136F7E7451B023DE57701E0002003E0D7
:10F54000019A200011F077FBFEBDC046FC002000B0
:10F55000F0B585B001930AAB1E880BAB1B78451C38
:10F5600002930EAB1B78040003930B781700037013
:10F570004B8A102243820131280013F0C5F96B46F3
:10F580009B88268363836B461B7B002623776B4611
:10F5900001221B7A6761E683EB77A31CDA770C9B69
:10F5A0000C256362230020000D9A28331A705E70C8
:10F5B0009E702A0031002C3013F0C4F92000074B54
:10F5C000E663A3632A003100403013F0BBF920004A
:10F5D000034B2665E36405B0F0BDC046B90B0300DC
:10F5E000AB0B030070B50D0001F034FB04000368A1
:10F5F000002D02D15B69984708E09B6898478542D7
:10F6000004D2236820009B6898470500FA208000F8
:10F610006843024905F084FCE08070BD710200007F
:10F62000F0B507001600A1B002C704006B4918A886
:10F630001D0011F032FB331E03D0300013F0C2F96D
:10F6400083B20122049200220392029202320192BA
:10F650000093320018A93800FFF77AFF23006049B1
:10F66000583318A8079311F018FB2B1E03D028005D
:10F6700013F0A8F983B201220492002203920292AD
:10F680000232019200932A0018A90798FFF760FF41
:10F6900023005449AC3318A8089311F0FEFA269BB6
:10F6A000002B03D0180013F08DF983B201220492CD
:10F6B000002203920292023201920093269A18A924
:10F6C0000898FFF745FF631CFF33474918A80993C3
:10F6D00011F0E3FA279B002B03D0180013F072F906
:10F6E00083B2012204920022601C03920292023231
:10F6F00001920093279A18A9FF30FFF729FF2300F2
:10F700005533FF33394918A8099311F0C6FA289BDD
:10F71000002B03D0180013F055F983B20122049294
:10F72000002203920292023201920093289A18A9B1
:10F730000998FFF70DFF2300A933FF332C4918A8C0
:10F740000A9311F0AAFA299B002B03D0180013F09A
:10F7500039F983B201220492002218AD0392029279
:10F76000023201920093299A29000A98FFF7F0FECD
:10F77000204B1B780B93002B2DD1079B12971393D3
:10F78000089B0DAF1493631CFF331593099B1A4913
:10F7900016930A9B3800179311F07FFA1D21492018
:10F7A0003B7810222B707B8A12AE6B8206ABC91895
:10F7B000C01813F0A9F806232B756B469B8D2068A3
:10F7C000AB83AE6101F056FA036829001B689847C5
:10F7D0000122084B1A70200021B0F0BD292A000038
:10F7E000242A0000252A0000272A0000262A0000DB
:10F7F000282A0000E32900200A18000070B500251F
:10F8000004000B4B8580083385710360C16018309C
:10F81000FBF7C4FF20001C30FBF7C0FF0123621C74
:10F82000D377044AA560656120001460A37170BDA0
:10F83000B8380300EC260020FA2130B585B0050069
:10F8400001230222890068460FF05CFC074C206807
:10F85000002809D011F06BFA2988054B226819801D
:10F86000022193790B43937105B030BDEC26002043
:10F870008429002010B50C0007290BD8806801F0FE
:10F88000E9F9054B195703685B6C9847002802D0CB
:10F89000024800E0024810BDF345030016FCFFFFDC
:10F8A00017FCFFFFF0B5A54C0D00A5440400049320
:10F8B0009AAB1B78A24909A805930792FBF734FF7E
:10F8C000200029001C300FF0E0FBC020800001F078
:10F8D000A5FD082012F0E5FF0700002101F082F9E4
:10F8E00015AD0021A7600C220EA813F02BF82B00F9
:10F8F0000EAA43CA43C3934B2900EB600023380090
:10F900002B6111F03DFCA06801F0A4F90C2200214C
:10F910000690280013F016F8142012F0C2FF8A4B4C
:10F920002A0015930300C2CAC2C3884B069EC36057
:10F930000023A43603613368002B00D003613060DC
:10F94000A06801F097F90C2200210600280012F0AF
:10F95000F9FF142012F0A5FF7D4B1593030086CD0F
:10F9600086C37C4BC36000230361336B002B00D044
:10F9700003613063A06801F06DF915AD0C22002120
:10F980000600280012F0DEFF142012F08AFF724BEE
:10F9900098361593030086CD86C3704BC360002351
:10F9A00003613368002B00D003613060012004AB99
:10F9B0001B7C04AA034308A9137411F0F4F8A0688F
:10F9C00001F068F9036866495B6A9847A06801F02E
:10F9D00061F9036863499B699847A06801F05AF987
:10F9E0000022036800921D6805990323A847059B20
:10F9F000002B0AD0200011F0A3F9032805DDA06830
:10FA000001F048F90368DB6898470EA811F00AF97D
:10FA10002F2004ABC01811F005F9362004ABC01834
:10FA200011F000F93D20042504ABC01811F0FAF8DC
:10FA30000EAB0A93A06804AB5D7701F02BF9036865
:10FA40000AA91B699847A06801F004F903680AA98C
:10FA50005B6D9847A06801F0FDF803680021DB6D3D
:10FA60009847A06801F0F6F8036802219B6D98475B
:10FA700006212000FFF7FEFE182012F012FFA168F9
:10FA800000F062FA542012F00CFF049AA16800F012
:10FA900057FD354B354A1B68A1680393344B15A8B5
:10FAA0001B680CAE0293334B00271B680193079B26
:10FAB0001B685B190093304B12681B68FFF7B0FDA1
:10FAC000302012F0EEFE049AA16800F0FBFAA06864
:10FAD00001F0C0F8036831009B6A98470823A068CA
:10FAE0003380DB187380B78001F0B4F8036831000D
:10FAF000DB6A98472900A06811F0DBF8099A092110
:10FB00009378A068521911F0E7F8A06801F0A2F804
:10FB100032210771A068FFF765FD04AB1B7FBB4274
:10FB200004D0A06801F096F811F0ADF809A80FF024
:10FB30004FFA95239B009D44F0BDC046ACFDFFFFEE
:10FB400003450300C70B030039F80100D50B030080
:10FB5000B1F20100E30B0300110C0300F10B0300F1
:10FB60007DFB0100B1FB0100F4260020F0260020FF
:10FB700014200020F82600201020002013B50622B3
:10FB80006846FBF7E1FD094B1C68002C0AD069466A
:10FB900001A80FF072FA200001A911F0F2F801A8F3
:10FBA0000FF016FA68460FF013FA13BDEC2600208A
:10FBB000002373B501AE0C0031000500019302F083
:10FBC000B7FF002802D1B278064B1A70064B1868AE
:10FBD000002806D061426141044BC9B21D8011F07A
:10FBE000D8F873BDFD210020EC26002084290020D8
:10FBF00030B5284CA9B06A220D000DA8210012F0E2
:10FC000083FE0DA903A8FBF7FDFD03A906A80FF0CD
:10FC1000A9FA01230193013BFF3B00930533FF3316
:10FC2000642206A92800FDF77BF906A80FF08DFADB
:10FC3000210019226A3106A812F066FE052200246E
:10FC4000110006AB04A80FF0B4FA04A905A80FF040
:10FC500089FA019400942300220005A92800FDF7E9
:10FC6000A3F805A80FF071FA21002800FDF786F926
:10FC700005340520FBF73AFBFF2CF5D1FA20800074
:10FC8000FBF734FB04A80FF060FA03A80FF05DFA4D
:10FC900029B030BD74440300F0B5954B95B0059282
:10FCA0001A68082304000291D16C06A80B43D364A0
:10FCB0009049FBF739FD904907A8FBF735FD220075
:10FCC00000250DAE30001C3206A90FF0EDF907AA91
:10FCD000310008A80FF0E8F930000FF079F9631C43
:10FCE000DD77A06800F0B6FF03680BAF5B6998474B
:10FCF000300010F097FF2B2004ABC01810F092FFDB
:10FD0000322004ABC01810F08DFF392004ABC018AE
:10FD100010F088FF0B960426A0687E713D7100F0FC
:10FD200099FF036839005B6D9847A06800F092FF67
:10FD3000036829009B6D9847A06810F0E7FF062133
:10FD4000A06810F0B6FF089A09219378A06892196C
:10FD500010F0C2FFA06800F07DFFC8210571A06807
:10FD6000FFF740FCA06800F075FFFF270581A06841
:10FD700000F070FF10F087FF0298FCF75BFF200097
:10FD8000FBF718FA02992000FFF732FF02992000D2
:10FD900011F012F8039504966369DB0735D55749CE
:10FDA00009A8FBF7C9FD09A90AA80FF0DBF9002291
:10FDB0000AA91300019200920298FCF7F5FF0AA825
:10FDC0000FF0C3F9039B002B01D1043F00E004377F
:10FDD000282F03DD0023FE2F06DC06E0029810F03A
:10FDE000F5F80123002F00DC039305980FF009FCC0
:10FDF000002806D0012362699A431300049A134332
:10FE0000636109A80FF0A1F900256369049A134200
:10FE10002AD0FF210298FDF7B1F80025A36902223C
:10FE20009B5E9D421BDA200029B218300FF052F978
:10FE30000023010002981A007430FBF7CFFDC820A0
:10FE40008000FBF753FA029810F0C0F8C820FBF7C7
:10FE50004DFA02226369134201D10135DEE7FA202F
:10FE60008000FBF743FA002502226369134233D076
:10FE700008261E401AD0224909A8FBF75DFD09A9F2
:10FE80000AA80FF06FF900220AA90192009213004C
:10FE90000298FCF789FF0AA80FF057F91948FBF7F9
:10FEA00025FA09A80FF051F9174D15E0174909A8CF
:10FEB000FBF742FD09A90AA80FF054F933003200FC
:10FEC0000AA9019600960298FCF76EFF0AA80FF0A7
:10FED0003CF909A80FF039F96420FBF707FA0C4B3D
:10FEE00001359D4200DC57E70EF010FF54E7C04695
:10FEF0004826002011450300214503002345030047
:10FF000068450300983A00008C0A0000A5450300EC
:10FF10008B0A000073B50B4E05003100C06810F06D
:10FF200048FD041E0AD16B46DA1D1070042331000F
:10FF3000E868FEF765FA200012F0AFFC0EF0E6FE6E
:10FF400073BDC0468B410300F0B505000024574B3C
:10FF5000A9B0083303600391A96021000BAB1A1903
:10FF600001345170102CFAD1012251481A701A1B19
:10FF7000013C015D5174002CF9D19A7B597B12022E
:10FF80000A43290045270C31029125211B7813AE25
:10FF9000337002ABFF18C91872823800102212F0B9
:10FFA000B3FC029B02AA73610123338333770933C5
:10FFB000FB771DAB1C706D239B181C706E232100FA
:10FFC0009B1874830C22F4831EA81C70746212F0B8
:10FFD000B9FC384B0C22B3632100F46323A812F060
:10FFE000B1FC354B0222F364462302A95B18DA7791
:10FFF000220034652C73059606AF3B1901345A7004
:020000040002F8
:10000000102CFAD101232D493B703B1B013C0A5DAA
:100010005A74002CF9D111212520BB7B7A7B1B025D
:100020000BAE13433A78738202ABC9183270C01812
:10003000102212F069FC01230398337505ABB361FC
:10004000B48300F017FE036831001B68984713ABB8
:10005000DB8BA868AB8200F00DFE03680094A98AD0
:10006000029ADE680123B047A86800F003FE029000
:10007000142012F016FC06000C22210012F062FC83
:10008000300001233461082220C039000793069410
:1000900012F03AFC0A4BF360029B9B69002B00D0E4
:1000A00033612800029B9E6129B0F0BDD038030067
:1000B0000B460300B90B0300AB0B0300FB45030029
:1000C000210E0300F0B500260400764BDDB00833A6
:1000D00003608160C260868086713200724947A8E1
:1000E00010F03EFF230014330893122301250193DF
:1000F0000E3B04950093089A330047A90396029695
:100100001DA8FFF725FA3200684947A810F028FF1C
:100110000C2322000193083B15AF10320495009385
:1001200047A933000396029632A8FFF711FA32006E
:100130005F49380010F014FF23001C330993082393
:100140000193043B390004950093099A3300039608
:10015000029647A8FFF7FCF932005649380010F024
:10016000FFFE542012F09DFB230018330793122347
:1001700001930E3B390004950093079A33000396D0
:1001800002960690FFF7E4F9069B0822A3624A4B09
:100190000AA90A93069B0B961800DC62303012F015
:1001A000B3FB069A454B268293631300668229337C
:1001B0001D7023690422E3610999079812F0A4FBDA
:1001C00004220799089812F09FFB6622022304A9D3
:1001D0005218D377BA225218D37787225200521876
:1001E000D377069A3649D218D3771DAB0C9332AB2E
:1001F0000D9347AB0E93069B3200A68510A80F9374
:1002000010F0AEFE30223121452004AB9B181B7844
:1002100012323B7004AB9B181B88323A7B8204ABD2
:10022000C918C01812F070FB04230CADA0683B7510
:10023000BD61BE8300F01EFD036839001B6898474E
:10024000822204AB9B181B885432238404AB9B1876
:100250001B885432A38404AB9B181B88A06863845A
:1002600000F008FD0700142012F01BFB05000C2213
:10027000310012F067FB2800124B2E61082210C0DB
:1002800010A91093119612F03FFB0F4BEB60BB6966
:10029000B34200D02B61BD612000FAF78BFF200034
:1002A0005DB0F0BDDC3803002B4603005B46030065
:1002B0004B4603001B460300330F03009F0E030051
:1002C0003B4603003D030200C90E0300F0B50400E5
:1002D00085B000930CAB1B8810300E001500019305
:1002E0000EF005FF200024300EF07FFD2680658093
:1002F000182012F0D6FA070002AE33003D000AAA19
:1003000003CA03C3009B102208C50021280012F075
:1003100019FB31000822280012F0F6FA064B0222DF
:100320007B61200000230199A7600A43E360A2805B
:100330002362E36205B0F0BDF30E0300F0B50B8954
:100340008DB00593CB68050004934B88828C9A424C
:100350000ED1049C059B049A1B1BD318032B39DD7B
:1003600062882188012308A80EF0CCFE0434F1E74E
:10037000428C9A422ED1049C059B049A1B1BD318D5
:10038000032B27DD2388302006936388EF680793CB
:10039000114B08930023099312F083FAC0236A4695
:1003A0000600029308AB03CB03C22B000699079A01
:1003B0003000FFF78BFF3B6831005B6838009847DF
:1003C000002805D030000EF0B9FD300012F065FABB
:1003D0000434D1E70DB0F0BDB30F030070B50400D5
:1003E00092B0806810F0E0FD0223010019401AD19C
:1003F000A38D002B17D00D4B6A4604931023E5689C
:10040000A1850591029304AB41CB41C20A002300B0
:1004100006A8FFF75BFF2B6806A99B682800984792
:1004200006A80EF08BFD12B070BDC046B30F0300DE
:1004300082B0F0B587B0040003A80D930C92FEF7CC
:10044000ADF90CAB5D88022D34D0FF2D62D0012DAB
:1004500064D104A810F0A7FA334904A810F0A9FA4F
:1004600005AE071E06D12B0032002F4904A83570B7
:10047000FDF7C6FF380012F010FA256DAB0503D169
:10048000290003A8FEF79CF922001023290003A8E5
:100490000C32FEF7CFF902222449300012F034FA70
:1004A000206800F0E7FB0368218932005C690223C1
:1004B000A04733E02200256D102329000C3203A849
:1004C000FEF7B8F980235B01EC1880256D056B6998
:1004D000174A9B189B029C4212D2164B22689A42E2
:1004E0000CD1154B62689A4208D1002305AA1370FB
:1004F0002100009303A80133FEF7DEF90834E6E794
:1005000005A810F050FA084905A8FEF74FF80EF0BC
:10051000FDFB03E0094B1868FFF7FCFC07B0F0BCDB
:1005200008BC02B01847C046964103006B46030062
:10053000EDFF3F00EF401104BBA22FB8EC260020D6
:10054000F0B5002504000300216042602A00A9B034
:100550004C338572C5721D7002AB00910565DD706C
:100560000BAF7B1901355A70102DFAD10123674961
:100570003B707B1B013D4A5D5A74002DF9D125214A
:10058000BB7B7A7B1B0213AE1343738202ABC91889
:1005900045233A7802A81B1832701800102212F076
:1005A000B3F9012202AB0333642173611423728314
:1005B000327702AA5218137033831DAB1D706D235E
:1005C00002AA9B181D706E2329009B18F5830C222C
:1005D0001EA81D70756212F0B5F94D4B0C22B36365
:1005E0002900F56323A812F0ADF94A4B02A9F36480
:1005F000462302225B182900DA773565039606AB9D
:100600005A1901355170102DFAD1012242481A7041
:100610005A1B013D415D5174002DF9D19A7B597BE4
:1006200012020A43252011211B787A823B7002AB0B
:100630001022C918C01812F067F9012300983B7501
:1006400003ABBB61BD8300F015FB036839001B6879
:100650009847F38B2068238100F00CFB07001420DF
:1006600012F01FF906000C22290012F06BF930007D
:100670002A4B3561082210C004A90493059512F095
:1006800043F9274BF360BB69002B00D03361BE6197
:1006900063683020019312F004F9050010300EF069
:1006A00026FD280024300EF0A0FB0026C8236E8013
:1006B0002B80182012F0F5F807001A4B10C7009095
:1006C0001022310038000693079612F03BF90822F9
:1006D00006A9380012F018F9134B009AEE60536126
:1006E0001223AB80019BAA601B682E62EE625B68DE
:1006F000290001989847B04205D028000EF01EFC52
:10070000280012F0CAF8200029B0F0BD6F4603009F
:10071000B90B0300AB0B03007F460300F507020093
:10072000ED0F030031040200171003007FB5CB78F2
:10073000827A04000D00934226D006D2D31A0721F4
:100740000022DD0F9942554104E09B1A0125F82B48
:1007500000DC0025EDB2002D49D102222449684673
:10076000891812F0D1F8206800F084FA0368218912
:100770005E696A460223B047E37A0433DBB2E37270
:10078000A3724C34257032E00600013383722300DB
:100790004C3630780C33000118180431102212F056
:1007A000B3F83378012B16D0002B0DD0032B1CD1BE
:1007B0000123C8211A0068460EF0A4FC0023337000
:1007C000E37A0433E37212E06B78AA781B021343D6
:1007D000236501230AE06B781A06AB781B041343E8
:1007E000226D13432365022300E0013333707FBD84
:1007F0006B460300F0B54A88038997B007009A4218
:1008000000D08DE00B89002B00D189E0CD682C78D9
:10081000022C00D17EE008D8002C0BD0012C00D097
:100820007EE02900FFF782FF7AE0EE2C52D0FF2C09
:1008300068D075E006A800F089F9142101AE347083
:100840006B7806AA73706B780E204B43D3189B68A5
:1008500068441B0EB3706B784B43D3189B681B0C1A
:10086000F3706B784B43D3189B681B0A33716B781A
:100870004B43D3189B6873716B784B43D318DB6879
:100880001B0EB3716B784B43D318DB681B0CF371F1
:100890006B784B43D318DB681B0A33726B784B437E
:1008A000D318DB6873726B785943511810310822E2
:1008B00012F02AF8386800F0DDF9036839895D69BB
:1008C00032001223A8473B004C33BC72FC721C70F0
:1008D0003C6525E006AD03220021280012F032F825
:1008E00001236B700F4B2C70186810F096FAA870EB
:1008F000386800F0BFF9036839895C692A0003236E
:10090000A0470DE06B78002B04D0012B08D10EF02E
:10091000FDF905E001232200C82106A80EF0F2FB34
:1009200017B0F0BDEC260020002815D00060416013
:100930008260C360046145618661C76144460462A8
:100940004C464462544684625C46C4626446046316
:100950006E46466374468463002A06D0C46B043C2A
:10096000043A25681560B442F9D18C6BA6464E6BEB
:10097000B546002B06D0CC6B043C043B1D682560BB
:10098000B442F9D10C6BA446CC6AA3468C6AA24649
:100990004C6AA1460C6AA046CF698E694D690C6904
:1009A000CB688A6808684968704700604160826067
:1009B000C360046145618661C761444604624C4678
:1009C0004462544684625C46C462644604636E4674
:1009D000466374468463C46B043C043925680D6027
:1009E000B442F9D1C76986694569046970470060F6
:1009F00041608260C360046145618661C7614446AD
:100A000004624C464462544684625C46C462644656
:100A100004636C4644637446846304697047846B62
:100A2000A646446BA546046BA446C46AA346846AE2
:100A3000A246446AA146046AA046C7698669456918
:100A40000469C36882680068416870470CC8074839
:100A500010B51B18DB00D3181800934205D31C688F
:100A60008C4202D31800083BF7E710BDFFFFFF1FC1
:100A700070B50D1C06000021281C04F017FC041E94
:100A800006D13000291C03F081FD7560200000E0D4
:100A9000004870BD17FCFFFF014B18687047C04647
:100AA0001820002070B504000D0003F083FD61687C
:100AB0002000FFF7DDFF024B00201D6070BDC04627
:100AC00018200020F8B51B4C0500A3059B0D03D092
:100AD0008022D200A418E41A80235B05164A5B69C1
:100AE00016499B181648174A174E9B029C421FD264
:100AF0002768974218D167688F4215D1A768874247
:100B000012D1E768B7420FD1280021000822103126
:100B1000243011F0F9FE2800210038301831082265
:100B200011F0F2FE2C6303E08027FF00E419DDE7FB
:100B3000F8BDC0460C490300EDFF3F00C615A841B3
:100B4000C49866C9708E3B9275EE5197F8B5002334
:100B5000070004000370061D403700253000357083
:100B60007560B5600C3008222900143611F0EAFED9
:100B7000BE42F2D12278032A09D01423C021534364
:100B80004902E31801329D60D96022701D712178FD
:100B9000124B03290AD01422C0204A434002A21853
:100BA00001319060D3602170012111718022D20047
:100BB00099189B0522789B0DC91A032A09D0142382
:100BC0005343E318996006490132D960227002222A
:100BD0001A712000FFF776FF2000F8BD0C490300D2
:100BE000FFBB0300002370B504000160436099421D
:100BF0000AD1064D2B68002B02D110F0F3FC2860BF
:100C000023689B00EB586360200070BD082700201C
:100C100070B500280DD10C4C2668002E07D1083085
:100C200011F03FFE05003100FFF7DCFF2560206872
:100C300008E00122054906480B68134002D1026012
:100C400043600A6070BDC046FC2600200C270020CF
:100C500000270020436810B50400002B02D104488F
:100C600011F048FC606803681B69984710BDC046D6
:100C70008F460300436810B50400002B02D10448DE
:100C800011F038FC606803689B69984710BDC04646
:100C90008F460300436810B50400002B02D10448BE
:100CA00011F028FC606803685B6A984710BDC04675
:100CB0008F46030000487047FFFF0000F0B597B073
:100CC0000593036807AD1B680491039311002B0083
:100CD000060091C991C30024D36821000C220CA8FE
:100CE000EB602C6111F02EFE21000B4B10940F9342
:100CF00011AB1C701A1901345170102CFAD100225A
:100D00005A820193059B2A00009304990CAB300092
:100D1000039CA04717B0F0BDCD120300FC3070B5A6
:100D2000046C0500002C0DD1242011F0BAFD064BF7
:100D300044608361054B8460C46004614461C461A4
:100D400003602864286C70BDC8390300B03A030002
:100D5000FC3070B5C56B0600002D16D1342011F0A3
:100D6000A0FD04003422290011F0ECFD084BA56021
:100D70006360084B65612361074B2562E361074BA4
:100D8000E562A362064BF4632360F06B70BDC0465E
:100D9000F8390300E8390300583A0300683A0300C1
:100DA000783A03007FB503791548002B26D0154DFE
:100DB000154C2B782000002B20D102AE300010F013
:100DC00062FA002814D17388592B11D13378B28874
:100DD000D91F012902D800920C4A01E000920C4A66
:100DE000202120000BF0CEFF01232B70200005E016
:100DF00020220849200011F0ECFDF7E704B070BD97
:100E0000B2460300E4290020E5290020CC46030077
:100E1000E94603000E47030010B50400024B08C06A
:100E200010F0C3FA200010BD683A030010B50400AA
:100E3000024B08C010F0B9FA200010BD083A0300B8
:100E400010B50400024B08C010F0AFFA200010BD2E
:100E5000F839030010B50400024B08C010F0A5FAE1
:100E6000200010BDE839030010B50400024B08C093
:100E700010F09BFA200010BDD839030010B5040013
:100E8000024B08C010F091FA200010BD183A030080
:100E900010B50400024B08C010F087FA200010BD06
:100EA000C839030010B50400024B08C010F07DFAE9
:100EB000200010BD1C39030010B50400024B08C00F
:100EC00010F073FA200010BD0C39030010B50400B7
:100ED000024B08C010F069FA200010BDFC38030076
:100EE00010B50400024B08C010F05FFA200010BDDE
:100EF0002C39030010B50400024B08C010F055FA5D
:100F0000200010BD583A0300FC3070B5046C050099
:100F1000002C0DD1242011F0C4FC064B44608361E9
:100F2000054B8460C46004614461C461036028644B
:100F3000286C70BDC8390300B03A0300104B10B5DF
:100F4000083303600F4B0400C36080230E4A5B002C
:100F5000C250C018FBF744FD20000C4BB830E360D2
:100F6000FFF7BEFF2000AC30FFF79CFF2000A03051
:100F7000FFF7A2FF20006C30FFF7A8FF200010BD94
:100F8000DC3A0300243B0300903C03003C3903009F
:100F9000F0B50500040087B0AC356B68AB60AE6897
:100FA000002E08D0F368210030009847AB68002B72
:100FB000F3D01B69F2E72000B03010F0F6F9220000
:100FC000FC235832117820000B40137023005C334F
:100FD0001E700A3010F0FDFA2000343010F0F9FADB
:100FE0002000643010F0E1F92000983010F0DDF9B5
:100FF000200001ADA43010F0D8F931000C222800F7
:1010000011F0A0FC23002A006C3383CA83C3094B70
:10101000E667A3670C223100280011F093FC23003F
:10102000803307CD07C33000034A90341A6026602E
:1010300007B0F0BDB1120300A3120300454AF0B59A
:101040000600C260A022444B16360833036001003C
:10105000002342820400320085B003718360037470
:10106000838235311370013200259142FAD18027F5
:1010700080222000D201BF001100F57737842B00B9
:101080000095383000F024FF230021004033039303
:101090001A002B005F311370013200258A42FAD109
:1010A000039B2200DD77230060331F80FC23643222
:1010B000117820000B401370230068331D70274BFC
:1010C0002900E36625670C22783011F03BFC2300F1
:1010D000270088331D60224B0837FB6784372900BF
:1010E0000C22380011F02EFC1E4B1F4AFB6023001F
:1010F000A0333D611A601D4A5D60DA601C4A1D61C3
:101100009A61DD61300010F064FA039810F061FA22
:10111000184B601CE3602300C4331D705D709D702C
:10112000FF3002F09DFD8C235B00E5502300193356
:10113000FF335D618023104A5B00E25023000122EF
:101140002000FE3352425A86023B9D63DD631D64DC
:1011500005B0F0BD3C390300DC3A0300FC38030065
:10116000B1120300A31203000C3903001C39030061
:101170002C390300243B0300903C030070B5074C5E
:101180002368002B07D1A020400011F08AFB050046
:10119000FFF754FF2560206870BDC046102700206F
:1011A00070B50C220D000021040011F0CBFB0023D0
:1011B0002361024B25602000E36070BDBF12030075
:1011C00070B500250400264B05710360254B457161
:1011D0008360254BC5604361244B85610362244BCA
:1011E0004562C362234B05638363C56329004430B2
:1011F000FFF7D6FF200029005830FFF7D1FF20006D
:1012000029006C30FFF7CCFF1B4B2200236023002A
:10121000F832803320C39342FCD126001D00E9360A
:10122000FF36280008220021083511F08BFBAE4262
:10123000F7D18E22330000209200A11801C30022B2
:101240009942FBD18E239B00E2540C490C4B611850
:10125000E3181A8002339942FBD1200070BDC046CA
:10126000283A0300D8390300E8390300F8390300AD
:10127000083A0300183A0300B03B03006202000082
:101280003A02000010B5040002F020F8034B1B687E
:10129000002B01D02000984710BDC0461427002025
:1012A000F0B58DB0050001F083FA0020FFF766FF6E
:1012B000036807001B6998473B6804009B69380076
:1012C00098473B6806005B6A380098470300288807
:1012D00010380B2800D998E003F018FE063D9797C8
:1012E000975A979797619773AF882000390010F04D
:1012F00092FB22006B7B583201931378A879190076
:101300000223194306AB11701F80012306AA9370B4
:10131000D07013006A461279E91D9A722B000622DA
:10132000163307A80B9311F0EFFA29000B2006AB38
:1013300006220E31C01811F0E7FA94346368A360F6
:10134000A068002861D0C36806A99847A368002B4D
:10135000F4D01B69F3E720002F49AF8810F05BFB46
:101360002200022058321378A9798343137006AB08
:101370001F809970A0346368A360A068002844D0DF
:10138000C36806A99847A368002BF4D01B69F3E74C
:101390005B69A91D002B38D0A888984735E0636E9B
:1013A000AF79002B31D0A366A06E00282DD0C36882
:1013B00039009847A36E002B01D1636EF3E71B69D8
:1013C000F1E701220D27AB7BE91D1A4001925A0774
:1013D000920FDB08029206A80622EF57049311F041
:1013E00093FA6A46127906ABDA716A46127A9F71ED
:1013F0001A726A46127C20005A722B008C340F330A
:1014000009938030236806A998472900300010F01E
:10141000F5FB0DB0F0BDC046FFFF00000723D72845
:1014200002D9024B186000231800704718270020CB
:10143000014B18607047C046142700201FB5A32336
:101440008022DB00D205D3580820DB0700D405300A
:101450001E4B48221E4902F0C9F900280AD080B26A
:10146000002807D1BFF34F8F1A4A1B4BDA60BFF336
:101470004F8FFEE702AC08220021200011F062FA33
:1014800001232370154B20001B68636010F022F9C4
:10149000002801D0072017E0684610F019F900284D
:1014A000F8D1694610F012F90028F3D10C4802F087
:1014B000CDF980B2002807D10A4802F0D1F980B2F4
:1014C000002801D100F082FC04B010BDDB1603003F
:1014D0001C2700200400FA0500ED00E0182700207A
:1014E000A11202008512020080B2002807D1BFF3CA
:1014F0004F8F034A034BDA60BFF34F8FFEE770470D
:101500000400FA0500ED00E070B500200C00FFF7C4
:1015100035FE03685B6A98472378142B17D002D8EE
:10152000132B05D03FE0152B18D0222B35D03AE0F5
:1015300064680122A37819005D0811402A404568BB
:10154000DB065B0F002D2ED02088A8472BE0836898
:10155000002B28D06268917810881CE06468A2781B
:1015600013091207120F012A02D0022A08D00DE037
:10157000013BDBB20021022B09D80C4AD15C06E00A
:101580000421012B03D00131022B00D00021C368BC
:10159000002B08D02088984705E00369002B02D073
:1015A000626810889847002070BDC0461647030047
:1015B000014B18787047C046062A0020F0B51E007F
:1015C0002F4B87B0009201931A78002305000C007E
:1015D0009A4252D101F0ACFE002801D00B234CE01E
:1015E000002E0ED003A92220039610F07EF80028CA
:1015F00007D00623082840D0113843424341043322
:101600003BE0002302AA1000137000F095FE011EBB
:10161000E4D101261B4F35403A783440B2432A4387
:101620006300022514000720009AAC4302401C43CB
:101630001C23AA409C4314433C7003AC0C222000A2
:1016400011F080F90920104B3900039302AB0522F9
:10165000C018257111F058F921000C4800F0D8FE8F
:10166000002807D00723042807D0013B082804D00E
:10167000053302E0019B1E700300180007B0F0BDA7
:10168000062A0020FE21002009150200052A00205C
:1016900010B5074800F086FF0023984206D00733B4
:1016A000042803D0013B082800D00533180010BDE2
:1016B000052A0020002373B501930F4B01AD1B7861
:1016C0000E0029002B7001F033FA041E04D004230D
:1016D00005280FD007330DE03100280000F0D2FEBE
:1016E0002300002806D00723042803D0013B082844
:1016F00000D00533180076BD052A002073B5104CC4
:101700000E00050005222100684611F0FDF8012EAB
:1017100006D0022E11D1012223781343B34303E0F4
:1017200002222378B34393436946280023700FF0C5
:10173000DAFF031E02D00B2300E00223180076BD5F
:10174000FE210020094B10B51A7801000923002A58
:1017500009D0074800F0CEFE0023984203D003339F
:101760000E2800D00333180010BDC046062A002002
:10177000052A0020024B0B60092313607047C04606
:101780001947030010B504000020FFF7F7FC0368B9
:101790001B6998470300F3331C7086235B00C0501D
:1017A00003000021044AFC335A61044A99615A62D9
:1017B000F43010F0EAFD10BDD9180300EB18030057
:1017C000012110B5044A080001F09AFF031E00D061
:1017D0000B23180010BDC04685170200F0B593B06A
:1017E000019000200C00FFF7C9FC03685B6A984772
:1017F000FFF7DEFE06AB00280DD000221A7105AA05
:101800000692082218001A730AAA9A60FFF79AFF34
:10181000002802D052E01871187300231F002373B0
:101820002371019BBA331B78BB4246D907237B4304
:10183000019AD218BB321278022A31D1002506AEA5
:10184000337BAB4236D907207843AB000293019B30
:10185000AA001818089BBB3099580FF048FF0028C1
:101860001BD0B368AA009A58237BA1689B005A50EA
:10187000237B01332373337B5A1E954208D01049D2
:10188000B2685B189B009B5803930399029BD1504D
:1018900006AA137B013B13730CE00135EDB2CEE7D2
:1018A00001992279CB182168BB33920053502379D8
:1018B000013323717B1CDFB2B3E7002013B0F0BD0E
:1018C000FFFFFF3FF0B59DB01F006B4605001A708B
:1018D000581C0622229E02AC11F016F8002F07D0E9
:1018E0003B8823807B886380BB88A380FB8806E0DD
:1018F00032232380DB186380F533A780FF33E38036
:101900000CAB04A9049314AB8B602F000023B937F0
:101910000B710B733B78002B17D101203B7802270A
:1019200008A903405A000B78BB4304AF4F60134330
:10193000002E10D0B2798343024013430B703388DA
:101940000B8173884B81B38811E02800FFF746FFB5
:101950000028E2D029E02A00323212788343024084
:1019600013430B70AB8D0B81EB8D4B812B8E2200C3
:1019700068468B810FF0E9FE03000020834214D0FB
:101980000630082B11D005D80130042B0DD083422E
:1019900008D109E00520112B07D0054A934203D056
:1019A000102B01D00B2000E004201DB0F0BDC0467C
:1019B00002320000F0B50A7804009BB00D0002204E
:1019C000012A44D04B88032A06D1A03B21499BB26F
:1019D00010008B423BD805E0203B1F4A9BB20320FE
:1019E000934234D81D4BAA8803209A422FD80AABC1
:1019F000009312AB02936A460023260013711373FF
:101A0000B8363378002B05D069462000FFF7E6FE94
:101A100000281CD104AF18220021380010F092FFDA
:101A20002B7838003B7033783B726B46FB606B88D9
:101A30003B82AB887B820FF072FE02000320002AFB
:101A400005D101211000583423780B4323701BB0BB
:101A5000F0BDC046603F0000E03F0000FF3F0000D7
:101A600013B504680093A46813000A000149A04755
:101A700016BDC046FFFF000037B506AC25780468E8
:101A800001950093246913000A000149A0473EBD57
:101A9000FFFF0000F0B589B0019307000FAB0D0008
:101AA00016000021082202A81C7810F04BFF0EAB94
:101AB0001B8802AA1380019B0393002C06D03100DF
:101AC00028000FF0B0FF002841D154E03B007A79A4
:101AD000F833A2423DD90833190008390988B142C8
:101AE00008D130222034A400E3590133DB7F1342B4
:101AF00002D12EE00134ECE702220020DB06DB0FEE
:101B000004ACD31AA370019B2680E3600EABA360E4
:101B10001A4BA0809D4207D1FFF730FB03681B6979
:101B200098470FF07BFF0500210028000FF07FFF92
:101B300080B200281FD011281CD013D8082817D035
:101B400002AA310028000FF06EFF002812D00320F7
:101B500011E002AA310028000FF065FF0028F6D13D
:101B6000063008E0064B984204D0064B9842E7D175
:101B7000062000E0052009B0F0BDC046FFFF0000D0
:101B80000330000001340000F0B5050097B00800F4
:101B90002E240B9100F046F904ABE41810902200BB
:101BA00010A901200FF03DFF002801D00320D4E050
:101BB00023880B9A0A9093830B9B0A9A1B7D93426E
:101BC00050D96B791D2B01D90720C6E00B9B9B696F
:101BD0000C930A9B0C9A9B009C586369002B46D17E
:101BE000638B002B43D1631CDB7F022B3FD134E09E
:101BF0006979A31C1F31C9006918621CDB7FD27F81
:101C0000089121002A31097800200791210029310B
:101C1000097806910D9905910C990491217F039102
:101C2000218B0291618B01916169009110A910F0E3
:101C300026F90028BAD16B7907001A0020329200E9
:101C40001F335451DB005B5BE3836B7901336B71B2
:101C5000230028331B78BB4237D80A980130C3B21F
:101C60000A93A9E72B79002001332B7175E020003E
:101C700000F0D8F8002610900D960C96230028331B
:101C80001B78B342B4D9626AB3009F58342204ABC4
:101C90009B1800221A700023002111AAD2180133C8
:101CA0005170102BF8D1462204AB9B182C4A11A975
:101CB00038001A800FF03EFF002803D07B690C9398
:101CC0007B8B0D93731CDEB2D8E78E239B00EB5CFD
:101CD000132B00D978E7626ABB009E5800231800D6
:101CE00011A90B70CA1801335070102BFAD11C4B7C
:101CF00030004B820FF01EFF0C9000282AD13000DC
:101D000000F090F88E229200AA5C738B1D32FF3295
:101D10005200AA1802320292327F10900192328B46
:101D200010A9009272690C9810F086F9002800D072
:101D30003CE78E238E219B00EA5C8900531CDBB2BA
:101D40006B541D337A32FF3392005B005651EB180F
:101D50005B88F383781CC7B27AE717B0F0BDC04642
:101D60000129000070B505000FF061FC041E1CD1B4
:101D7000280078222100803010F0E4FD2800E930AE
:101D800050222100FF3010F0DDFD28000822210044
:101D9000F83010F0D7FD064B2822E818210010F08B
:101DA000D1FD8E239B00EC5400E00624200070BD82
:101DB0003A0200000B68002B01D1036002E0024BE5
:101DC0000360002343607047D91603001FB502ACBF
:101DD00008220021200010F0B5FD2823238069335C
:101DE000FF336380E380803B01A8FF3B05220C4961
:101DF000037010F025F880B200280FD180208000F9
:101E000010F01AF880B2002808D1200010F016F85F
:101E100080B2002802D110F00DF880B204B010BDDD
:101E200022470300F0B5438A87B002930378040089
:101E30000126002B3ED0244B24491A68039311231A
:101E400001929C4600228519019B934214D067465B
:101E500000235743CF19981E012803D9FE5CE85C84
:101E6000864207D10133102BF5D111235A4389182B
:101E70000E7C1FE00132E7E728000FF0E9FF23782E
:101E800007000600002B01D112342500019B042B12
:101E900010D011245C430D4B10221C192900200086
:101EA00010F032FD0023A370E370019B039A01330D
:101EB0002774136005AB9E705888029B000403438F
:101EC000180007B0F0BDC04664270020072A002094
:101ED000F7B5FA26B6007143009308AB1B780400EF
:101EE000080015491700019303F01AF885B2300075
:101EF00025807843104903F013F86B461B8880B2A5
:101F0000A3806B461B796080A371032D01D8042345
:101F1000238080232288DB019A4200D92380032872
:101F200001D80422628062889A4202D98023DB01B0
:101F300063802000FEBDC04671020000F0B58BB08A
:101F400004AB9C1D0E230C220390019123804B783F
:101F500006A95343234AD31818892200032310F0FB
:101F6000A8F800283AD11827019B1F4D5B782688D6
:101F70005F4300933B000833EB18320006A91800BA
:101F8000029310F0B2FC2C0000280DD10C22009B13
:101F90005343144AD318997A022319401ED1E819E1
:101FA000182210F0CFFC19E0E81943680F4F002BFE
:101FB00000D10F4F18250322009B06A96B43E25066
:101FC000E3185E603200029810F09EFC019B2A002C
:101FD00059780398694338236118B84700200BB03B
:101FE000F0BDC046862900202C280020453502007F
:101FF000C9340200F0B585B004000E0002AA817851
:10200000214801F03BFA00283CD10C2361781F4A9B
:102010004B43D3189B7A01921D4F5B0605D4022EC9
:1020200003D01C4F012E00D01B4F1C25A1781B4B49
:1020300069432A00591802A80023B847002813D181
:10204000022E1FD00C234021627802A85343019A2C
:10205000D3189A7A8A439A726178114B69432A009D
:1020600059182B00B84701E0022E0BD00C23227820
:10207000210053430B4A02A8D3189B7A0A4A9B00BB
:102080009B58984705B0F0BD5428002086290020B1
:1020900045350200C9340200B7200300682700203C
:1020A0001028002044280020E83B0300F7B5182240
:1020B0000190437826485A4381184C68254F002CDC
:1020C0000FD00C2159437918897A4DB2002D07DAC7
:1020D000490605D415000835A6B24519145802E082
:1020E0000024260025000C225343FB1818893200D7
:1020F000230029000FF0DBFF0B2816D10C22019BD7
:1021000029005B785343FB181889320001230FF034
:10211000CEFF0C21019B104A5B784B43FF18388996
:102120000FF0C3FF002806D111E0002800D00B48B3
:10213000012C0CD1EDE70222094BC318934305D0C3
:10214000082803D0112801D0002000E00348FEBD7C
:102150002C28002086290020FFFF0000418000007D
:10216000FECFFFFFF8B5070048781824030063434B
:10217000084D0E00E81822003823390001F020FA3B
:10218000002806D173785C432C196368013300D1B1
:102190006060F8BD2C28002070B51C2444430D4E0F
:1021A00005003019062234190021113010F0CAFB45
:1021B00010220021200010F0C5FBFF232374A3761A
:1021C000013BFF3B23830233AB40034A1168994331
:1021D000116070BD682700205028002037B581B2FB
:1021E00005006A46074801F049F9041E08D1542148
:1021F000684601F031FA041E02D12800FFF7CCFF37
:1022000020003EBD54280020F0B51D00434B93B084
:102210001B6801900F001600002B7CD0189B542BDC
:1022200079D8FF22002403AB5A709A70DA701C70C0
:1022300002AB1C74189B0B950A93A1B204AA3848F0
:1022400001F01CF9002809D1082204A9019810F016
:102250004CFB002802D103AB9C7002E00134062C39
:10226000EBD103ACA178FF2955D0032F0AD1189ADE
:1022700006AB542A01D1343A00E040221A701A7891
:1022800003213AE0274BEB1AA72B10D8264B002E40
:1022900004D101228A40186810423CD001228A40B1
:1022A000196891432022196006AB1A7020E01F4B79
:1022B000EB1A1B2B09D8202206AB1A70002363707F
:1022C0000CAB0B9318230A9312E019482D1A172D03
:1022D00021D8302302AA1374002363700133E37002
:1022E000144B997A0223194002D1182210F02AFBCC
:1022F00006AB022F0CD101211A780A431A7009ABE0
:102300000793064B32001B6806A92000984702E09D
:102310001A780221F1E713B0F0BDC046442800202E
:102320005428002068270020502800201028002072
:102330002C28002086290020F0B5040085B0002854
:1023400052D000252A4B2B481D605D729D720123DF
:102350008372023B072229000381C37210F0F2FA54
:1023600018222900244810F0EDFA28000135FFF763
:1023700013FF062DF9D154236A46204F9380204B3A
:1023800039006846D580009301F014F800282CD15C
:1023900001231C4D24782B70002C1BD11C27A1B2CB
:1023A00002AA164801F06AF8061E0CD13B006343EE
:1023B00015481C22C01802A9330001F001F90028B9
:1023C00004D02E7011E000232B700EE00134062C97
:1023D000E5D10AE06B466A469B88D18838005943AC
:1023E00089B201F039F900E0084805B0F0BDC046F7
:1023F00044280020862900202C2800205428002072
:10240000092202004B2A0020682700200E800000CD
:10241000F8B5174B06001B780F00002B22D00028C0
:1024200022D0002920D00B68002B1DD0114D2C6824
:10243000002C1BD12800053108C0052210F064FAD9
:102440003B790220AB72012304212A7A9A4302438A
:102450008A432A72EA79134303438B43EB712000CA
:10246000347004E0044802E0044800E00448F8BD89
:102470004B2A002044280020088000000E80000025
:1024800004800000154B1B78002B22D000281ED0A2
:1024900000291CD00378002B1BD1114B1B68002B8B
:1024A00017D04278002A16D10E4B9B7A012B12D0FE
:1024B0002420184003D0012310000B700CE05BB205
:1024C000002B02DA02230B7006E0087004E00648D5
:1024D00002E0064800E006487047C0464B2A00204C
:1024E00044280020862900200E800000088000007B
:1024F00010800000254BF0B51B78002B26D000285B
:1025000022D0002920D00B68002B1DD08B68002B17
:102510001AD00378002B19D11D4A1268002A15D051
:102520001C0018001B4A10321B4DEF7A9F420FD13E
:10253000AF7A02252F420BD001331C32062BF3D188
:1025400008710C7300201FE014481DE014481BE0C4
:102550000F7BBC420CD20325977A2F40022F07D164
:10256000133DAC46944466468D68A7007E51013405
:102570000F79B842E0D20225977A2F42DCD10D685C
:1025800087007A510130D7E7F0BDC0464B2A0020C2
:102590004428002068270020862900200E800000A3
:1025A00008800000104B70B51B78002B1AD0002853
:1025B00016D00478002C15D10C4B1B68002B11D0C1
:1025C00020001C252B006343094AD3189B7EFF2B58
:1025D00002D02000FFF702FE0134062CF2D102E007
:1025E000044800E0044870BD4B2A00204428002025
:1025F000682700200E800000088000000048704717
:1026000091800000194A0300127810B50800002AD2
:1026100028D0002B24D0002922D01C78002C21D1D6
:10262000134A1268002A1DD09978FF290AD15978D7
:10263000FF2919D00C2359430E4B59188B7A9B074D
:1026400012D508E01C2359430B4B591802238C7EEA
:102650001C4009D11031072210F056F9200004E087
:10266000064802E0064800E0064810BD4B2A00205C
:102670004428002086290020682700200E800000C2
:102680000880000005800000F0B5244B8BB01B785B
:1026900006000C00002B3CD0002838D0002936D092
:1026A0000278002A35D11E4B1B68002B31D083786D
:1026B000052B30D81C256B431A49CB189B7EFF2B6A
:1026C00029D0E260837803AF6B43CB182361164BAC
:1026D0006261A26063602760817801AA134800F0FC
:1026E000CDFE002818D12B002A0001A9380000F0E7
:1026F00067FF002810D1E060B37860615D43094B4B
:10270000A0605D19084B25616360276004E00848FC
:1027100002E0084800E008480BB0F0BD4B2A00205A
:1027200044280020682700204C2A0020542800203C
:102730000E800000088000001080000013B5040027
:1027400081786A460B4800F099FE002810D11C22BF
:102750006078094B504369461818130000F030FFA9
:10276000064B074A9B7A21009B009B586846984776
:1027700013BDC04654280020102800204428002003
:10278000F83B030070B5050000241C2633006343AA
:1027900006492800C9180FF012FD002804D10134A1
:1027A000062CF3D1FF3000E0200070BD6827002028
:1027B000FF23F0B5BD4A8FB0127805000393002ABD
:1027C00000D1AEE1BA4A11680192002900D1A8E116
:1027D00004AF7B70BB70FB70031D06932A23002699
:1027E00002AA938203883E70B24C102B0AD0A67ABC
:1027F000B2075ED58288B0498A4207D021899142CA
:1028000057D103E0A37ADB0705D48AE1E27ABA70F4
:1028100000227A704DE0112302AA13737E70838820
:102820000635238102230722A3722900200010F01D
:102830006BF82800FFF7A6FF0390FF282DD11C207E
:1028400070439E4B103018180722290010F04DF8E5
:10285000002801D1039620E00136062EEFD102E0D8
:10286000EB7903423DD10022019B05AC1B6821009E
:10287000380098472378122B00D052E18D48837A94
:10288000012B00D14DE101238372023B0381C3720E
:102890000722002110F056F843E10821A27A039B99
:1028A0000A43DBB2E372A2723800BB70FFF746FF47
:1028B000D9E7172B46D1012204201424019B01994A
:1028C0005B7A864393434B727A4B05A90C709E72D8
:1028D000AC791900002CC3D0D87AFFF77FFCAA7915
:1028E000C2E7BB78FF2BBED008200643E87A8E7281
:1028F000800706D51C205843704C2018847E9443D2
:102900008476CA7AFF2AAED01C2208786B4C5A43D0
:1029100002280AD0A4182000072210300FF0F4FF7C
:102920000222A37E9343A37607E00121A318644A01
:10293000528A1A839A7E8A439A7601213800FFF7D9
:1029400059FB90E7172B00D9A0E0132B59D102AA0D
:10295000137304231E43A672A81DFFF713FF0390F1
:10296000FF2802D0C0B2B870E072E37AFF2B21D109
:102970000026E33B18007043504A1018827EFF2A5D
:1029800013D12378022B07D0FD23F83A8376210058
:1029900010300FF0B9FF01E0FE23837603AB1E7009
:1029A000039BDBB2BB70E37211E00136062EE1D16E
:1029B000444C0DE01623444802AA137300210E2252
:1029C00008300FF0BFFF4022A37A1343A372002404
:1029D0000021384B0B91DA7A1C235343374A0D916F
:1029E000D3180C93364B09910893019B0A911A1D39
:1029F000A88808AB0FF055FB002800D091E022001A
:102A000032E7142B26D1E37AFF2B18D11C220023A6
:102A10009446E98962465A4328488218128B8A42B2
:102A20000AD1082203931643DBB2E372A672380080
:102A3000BB70FFF783FE02E00133062BEAD1E37A95
:102A40001F49FF2B00D10021A88800231B4A0FF04B
:102A50002AFB66E0112B64D1022332009A43130053
:102A6000A272320707D55BB2002B0BDA00213800C7
:102A7000FFF7C0FA06E0B878FF2803D0FFF78CFB19
:102A8000FF23BB701023A372023302E01C2B03D17F
:102A9000132302AA1373E6E6522B19D1019B0B4AAA
:102AA0009B7A38009B009B5898473AE04B2A0020BD
:102AB0004428002086290020FFFF0000682700200E
:102AC00010280020438000002C280020D83B030061
:102AD000182B26D1AB79112B14D1330712D51248FC
:102AE0000E22002108300FF02DFF162302AA1373C7
:102AF00002224A331E43019BA6725B7A1343019A5A
:102B00005372B0E680235B421E4302AA95331373CF
:102B1000019BA6729B7A054A9B009B5838009847F8
:102B2000A1E60FB0F0BDC0462C280020D83B030022
:102B300030B5002912D00A78002A11D10A4B1B683F
:102B4000002B0DD0FF23094C8B702589FA3B854261
:102B500007D14A70E37A8B70130002E0044B00E067
:102B6000044B180030BDC0464428002086290020B0
:102B70000E8000000880000010B5064B58698023C5
:102B80005B05421C04D0196989B202F0C9F900E062
:102B9000586910BD00100010034B10B51B78034A94
:102BA0009B009B58984710BD632A0020083C0300F7
:102BB0000B0037B50C24020018009D6809786C439F
:102BC000044D08302D680095034D1B696459A047DA
:102BD00037BDC046A428002090280020802252053E
:102BE0001169142210B50E4889B203785343C318F3
:102BF0001A69501EDA881B898018C01802F090F9F3
:102C0000084B02001B6801209A4207D800209A4214
:102C100004D1054B1B6858425841C0B210BDC04694
:102C20005C280020882800208C280020082310B56C
:102C3000034A116899431160FFF7AEFF10BDC0460B
:102C40009C280020094A10B5136819070AD499076F
:102C500002D501210B4313600222054B1A70FFF7C6
:102C60009BFF01E0FFF7E2FF10BDC0469C2800205B
:102C7000632A0020064B10B51B681B0705D40122F0
:102C8000044B1A70FFF788FF01E0FFF7CFFF10BD7C
:102C90009C280020632A002010B5002814D0112899
:102CA00005D10823094A11680B4313600CE0142373
:102CB000074A1178594351180431FFF779FF04226C
:102CC000044B1A7000F092F810BDC0469C280020FA
:102CD0005C280020642A0020F8B514238025124ABD
:102CE0006D051478114E5C432B691419E2889BB270
:102CF000278920699A420ED92B6961699BB2D31A40
:102D00002A69381892B2C918C01892080FF0F1F960
:102D10002B699BB205E09208381861690FF0E9F958
:102D2000E3883360F8BDC0465C280020B02800204E
:102D300070B58025094B6D052A691C68631E94B225
:102D40005C43FFF719FF2B69411E9BB25943044BAB
:102D500020001A680FF0CDF970BDC0468828002009
:102D6000AC280020142270B580260E4976050B7819
:102D70005343CB181A89DC881B69A4183169E418FD
:102D8000200089B202F052F90D00FFF7F5FE336919
:102D9000411E9BB25943044B49191A6820000FF099
:102DA000A8F970BD5C2800208C28002010B5FFF722
:102DB000E3FE8022074C52051369116912692468E9
:102DC0009BB292B289B201389208614358430FF026
:102DD00090F910BD8828002010B5034B18680FF03B
:102DE00086F9FFF759FF10BD88280020F0B52B4B5E
:102DF00085B0187803284ED802F088F8020E114BDF
:102E00000023274A1360274A1360274B5B78002B67
:102E100041D000F0F9F83EE0FFF75EFF3BE0234CC5
:102E2000802723687F0501930123019A9A43142385
:102E3000226002921C4A3969157889B25D4355199E
:102E40002B691800039302F06BF8194B039A186072
:102E50003969EB880600501E181889B202F060F834
:102E6000864203D10223029A134303E00323019A0B
:102E70009A43130023600F4B1A680F4B002A03D1AB
:102E800021680232114200D000221A70FFF784FE3E
:102E900001E0FFF7A1FF05B0F0BDC046642A0020A5
:102EA000A8280020B02800205C2800209C280020B2
:102EB00088280020AC280020632A00201422F0B5C6
:102EC00080254B494B480B7885B05343CB18DF68BE
:102ED000083A7A43821814895089526860436D0514
:102EE000821829691C890192DA881E6913199B19B5
:102EF000009300230292404A89B21360300002F02E
:102F000095F83D4B2A00039300290BD12B690299B8
:102F10009BB2994208D0019B00998B424FD1002C63
:102F200059D101E0022F08D11169300089B201F0B6
:102F3000F7FF324B186003233BE02969301989B24F
:102F400002F074F82E4B89081960009A019B2969D8
:102F500093422DD089B2009802F068F8002927D05A
:102F600080246B4664052169988889B21F8801F026
:102F7000D7FF26690500B1B2380001F0D1FFADB22C
:102F800080B2854208D16B466A469B8812889B1A9C
:102F9000039A9B0813600BE023692169380089B20A
:102FA0009CB202F043F889B2641A039BA4081C6027
:102FB0000223144A1370FFF719FF05B0F0BD022F6A
:102FC000B2D02969301989B202F030F80C4B890867
:102FD00019602969BEE7022FA6D02969301989B284
:102FE00002F024F8064B890819602B69E0E7C04617
:102FF0005C280020902800208C28002088280020B1
:10300000AC280020642A0020142210B50A490B784D
:103010005343CB18D988094A1B791160032B08D078
:10302000042B06D0012B06D1054A1370FFF7DEFEF4
:1030300001E0FFF743FF10BD5C280020A42800201A
:10304000642A0020F7B5124D01936E7808AC2788EA
:103050000424022E1AD02C78A419012C00DD023C85
:1030600014235C432C196261220020710C3209C9BF
:1030700009C26B469B882781E3800024054B0136FB
:103080001B786E70A34201D1FFF7BEFF2000FEBD8A
:103090005C280020642A002070B51424114D002003
:1030A0002978614369180431FFF782FD230000226B
:1030B000012029784B43EB181A71DA80D8601A6125
:1030C0005A611A816B780918013B6B70CBB2022BE5
:1030D00001D02B7000E02A70034B1A70FFF786FEB8
:1030E00070BDC0465C280020642A0020142210B560
:1030F00007490B785343CB181B79042B02D0FFF7F9
:10310000CBFF04E00122034B1A70FFF76FFE10BDE6
:103110005C280020642A0020F8B508241D4F3D6873
:103120002C4022D180235B0519691B4B1E68002EA1
:103130001ED01422194889B203785343C3181A6960
:10314000501EDA881B898018C01801F0E9FE144B64
:103150001B6898420CD1134B1C6001231D43124B7A
:103160003D601C70FFF718FD13E0FFF75FFD10E0F6
:10317000FFF734FD002804D000220A4B1A60023207
:1031800002E0002E03D00322074B1A70EAE7FFF794
:10319000ADFFF8BD9C2800208C2800205C28002072
:1031A00088280020AC280020632A0020054B10B599
:1031B0001B681B0702D4FFF799FF01E0FFF736FDFC
:1031C00010BDC0469C28002070B5154D2C68230703
:1031D00023D4144A136801331360134B04221B6871
:1031E000002B04D1FFF7FAFC002802D002220F4B7B
:1031F0000CE00F4B1B68002B0CD0012122000B4B65
:103200000A4002D10C432C6000E003221A70FFF741
:10321000C3FC04E0FFF76AFF01E0FFF707FD70BDA4
:103220009C28002088280020AC280020632A002049
:103230008C2800201E4B10B51B78022B30D0032B9E
:1032400019D0012B32D108211A4A13680B4222D11E
:10325000142319490A785A43184B8A181968D388D5
:103260005B1A9BB2D380002B02D1FFF715FF1DE044
:10327000FFF732FD1AE008210E4A13680B420AD10B
:103280000F4A136801331360FFF7A8FC002804D12C
:10329000FFF72CFF0AE08B431360FFF7A7FD05E063
:1032A000084B094A1B789B009B58984710BDC046A5
:1032B000642A00209C2800205C280020B0280020E0
:1032C00088280020632A00201C3C030070B5144CA1
:1032D000042522781300AB4321D002281DD00328F7
:1032E0001DD1104B1B681B0717D40F490B68013306
:1032F0000B60032B04D0022A0CD1FFF74DFC0EE02B
:1033000014230A4A0D201178594351180431FFF74C
:103310004FFC2570FFF76AFD01E0FFF78BFF70BDE2
:10332000642A00209C280020A82800205C28002077
:1033300010B501220024164B1C705C701C71DC80DF
:10334000DA601C615C611C811C765C831A625C62C1
:103350009C629C830F4B1C80FFF70EFC8023042291
:103360005B051B6902389BB258430B4B18600B4B33
:1033700020001C600A4B1C601C815C81094B1C7086
:10338000094B1C60094B1C60094B1A6010BDC046FC
:103390005C28002092290020A028002088280020F6
:1033A00090280020642A0020A8280020B0280020AF
:1033B0009C280020F7B504222C4B04001B680E004B
:1033C0000820134251D00630002C4ED000294CD09A
:1033D0002368002B49D080277F053A69A38892B2E1
:1033E000934201D9072040E00F2BFBD9E288002A45
:1033F000F8D01F4953430D685B190093FFF7BCFBDE
:103400003B6901389BB25843194B0193009B83429F
:10341000E8D8A3889C469B07E4D1164B04201F885C
:10342000012F22D00C237B43134A2068D1189850D7
:1034300063468020376075604D600B81E2884005EF
:1034400003694A8101690469604650439BB2C01810
:10345000013889B201F0EEFDA4B2604345190020A5
:10346000019B01371D60034B1F80FEBD9C2800207F
:10347000A02800209229002090280020104B30B571
:103480001C680823640719D50633002816D0002AC3
:1034900014D00368002B10D10A4D2C68002C0CD0DE
:1034A0002C89406861430918688944436868241876
:1034B000A14202D21360516000E00723180030BD22
:1034C0009C28002090280020F0B504001B4885B0FF
:1034D000056808206D072ED5063000292BD0002C5A
:1034E00029D025680738002D25D1154D2E68002ECE
:1034F00021D0666803962E896F896D687743BC4634
:10350000039F6544AF4216D2002A14D0964212D3CC
:10351000D518AE420FDB0325093029420BD12E000E
:103520002B4208D1374206D100930F3813000A000E
:103530002100FFF787FD05B0F0BDC0469C280020A4
:1035400090280020F0B504001B4885B005680820CD
:103550006D072ED5063000292BD0002C29D02568E8
:103560000738002D25D1154D2E68002E21D0666814
:1035700003962E896F896D687743BC46039F654427
:10358000AF4216D2002A14D0964212D3D518AE42BA
:103590000FDB0325093029420BD12E002B4208D125
:1035A000374206D100930C3813000A002100FFF7C0
:1035B00049FD05B0F0BDC0469C28002090280020A1
:1035C000F0B51700224A85B0126802900E009C46A2
:1035D0000824530739D50634002936D0002834D0C2
:1035E0000C68002C2ED11B4D2A68002A2AD04A686C
:1035F000688929896B684843C018824222D2002F0B
:1036000020D0B9421ED36346F81881421ADB032149
:10361000029B0B4218D163460B4215D11140039116
:1036200012D16244110002983A000FF06DF90C2398
:103630003268009753430221ED58039A029B3000F1
:10364000A84702E0072400E01024200005B0F0BDE8
:103650009C28002090280020F0B51F4B85B01B68E7
:1036600005000E0008245B0733D50634002830D04F
:103670000368073C002B2CD1184B1A68002A28D06D
:103680001A894768029258685B8953431B18039351
:103690009F421ED20934BB071BD1381A110001F01A
:1036A000C5FC093C002914D10299300001F0BEFC90
:1036B00089B200290DD1002E0BD0039AF3199A423A
:1036C00007D300223300009229000320FFF7BAFC41
:1036D0000400200005B0F0BD9C28002090280020A8
:1036E0000120054A10B513785840044B10701B6830
:1036F000002B00D0984710BD652A0020B428002078
:103700000C4B70B5050015200C001A600EF00BFD77
:1037100000280ED1290015300EF007FD002808D131
:1037200015300EF0FEFC002803D1210003300EF00E
:10373000FEFC70BDB4280020F0B5274B85B01B7887
:10374000002B47D0254D264E2B6834685A425341F2
:10375000DBB2009363425C41E4B2009B002B37D1A3
:1037600003A80EF0E8FC05280AD0002804D00022A7
:103770001100FDF7B9FE05E003982B68984701E0BA
:1037800001230093002C1FD1164B03A91B88012491
:103790000B80154B1B68180001930EF0D2FC07003C
:1037A00005280BD0002805D000221100FDF79CFE53
:1037B000002403E00198336898473C00009B002BED
:1037C000CED0002CC9D005E0009B002BC8D001E072
:1037D000002CD9D005B0F0BD662A0020BC280020FE
:1037E000C028002094290020B828002070B50400CB
:1037F0000720002913D08D0711D10948016009491C
:1038000020000A80084A094913600EF096FC00283F
:1038100005D10122064B16301A700EF08AFC70BDDD
:10382000B828002094290020C42800204721030044
:10383000662A002010B50EF082FC03005A1E934148
:10384000014ADBB2137010BD662A00200E23002847
:1038500002D0024B1860002318007047C0280020D7
:103860000E23002802D0024B186000231800704776
:10387000BC280020074B10B51B68002B07D09847C9
:10388000002806D000221100FDF72EFE01E0FFF710
:1038900053FF10BDC4280020F0B50E788FB0002E65
:1038A00000D097E0514C02AB9A1D210008230588F7
:1038B00013803431073B28000EF04BFC4C4B1B6847
:1038C0009847B1200EF047FC002803D032003100A9
:1038D000FDF70AFE0EF041FC002803D00022110083
:1038E000FDF702FE434E70690EF039FC0196002888
:1038F00003D000221100FDF7F7FD00233E4E280003
:1039000031000493FFF714F9051E4CD108A93A4879
:10391000FEF7BAFE071E33D10C9D072229002000B6
:1039200010310EF0F1FF29001022E01D0EF0ECFF27
:103930002000089D1122290018300EF0E5FF20001C
:1039400029002A3012310A220EF0DEFF20000EF08C
:1039500008FC002803D03A003900FDF7C5FD01231B
:10396000002404930333069305A904AB224807936C
:103970000594FEF743FEA04215D02200210010E07E
:1039800021003000FEF73EFE002803D02A00290067
:10399000FDF7AAFD20000EF0E4FB002803D0002272
:1039A0001100FDF7A1FD8021C022144BC903520074
:1039B0009950196801200023114C02009A401142CD
:1039C00000D0E2670133202BF7D1019B586900F04A
:1039D0004BF809E00322012100F014F8002803D07D
:1039E00000221100FDF780FD0FB0F0BD96290020E8
:1039F0001C20002000100010672A002000E100E0D9
:103A000004E100E0F0B5060087B00E20002E22D0C1
:103A10003788124B06389F421DD0114B1B78002B64
:103A200019D0104D102369706846032102ACC18083
:103A3000AA7000211A0020002B700EF083FF338A39
:103A4000210023800123A3706B4638000633A36056
:103A5000E5600EF0D5FB07B0F0BDC046FFFF0000EB
:103A60006B2A00206C2A0020F0B50300186880F350
:103A700008885868FF2464B2EFF30585002D01D152
:103A8000A6460047251C061C21273FBAF0B4002497
:103A9000002500260027F0B4F92040B20047C046B8
:103AA000F0BDC04670B504000D00160000211022C4
:103AB0000EF048FF054B320023612900200000F082
:103AC000FBFA034B20001C6070BDC046A0860100BD
:103AD000C828002070B5054D04002B68834203D030
:103AE000016900F0A3FA2C6070BDC046C828002010
:103AF00010B50400034B083303601C3000F00CFACF
:103B0000200010BD303C030070B5050004000E4BD2
:103B10000E00083308C52800182200210EF012FFFD
:103B2000002320003100E36123626363A363E36445
:103B3000064A23001C3000F0BFF9280031000EF0C7
:103B400002FD200070BDC046303C0300AF220300E0
:103B500010B5040000F058F8014B2000236010BDA0
:103B6000483C0300F7B50027040008A8C7570E48D3
:103B7000002508302060082020610C48261D656063
:103B8000A56025736561A0610097300000F0F2FE2A
:103B90002B0030006269216900F072FE3000A169DB
:103BA00000F0A6FE2000FEBD503C030040420F0086
:103BB00070B5094D04002B6883420BD0061D426985
:103BC00001690023300000F05BFEA169300000F0C5
:103BD0008FFE2C6070BDC046CC28002042610022C0
:103BE00010B5034B01611A60FFF7E2FF10BDC0463C
:103BF000CC280020002210B5024B81611A60FFF72B
:103C0000D7FF10BDCC2800200C4B70B503600023FB
:103C100043608360C360036243628363962304004E
:103C20009B01051DC363280000F03AFD2800220017
:103C3000034900F0C7FD200070BDC0466C3C030086
:103C4000F722030010B50400044B03600EF095FB4F
:103C5000200000F01BF8200010BDC0467C3C030093
:103C6000084B10B508330360002343608360C360D2
:103C7000040000F017F8044920610EF080FC2000D9
:103C800010BDC0469C3C03004124030010B5040055
:103C9000034B083303600EF0E0FB200010BDC0466C
:103CA0009C3C030000487047C43C030010B5024828
:103CB0000EF06EFC10BDC046C43C0300084802680C
:103CC00003210A4302600749074A084B9B1A03DD98
:103CD000043BC858D050FBDC0548804705480047E6
:103CE000240500400C490300002000202C22002065
:103CF000514E020021810100FEE7FEE7FEE7FEE7EC
:103D0000FEE7FEE770B50E000F4C05002100300005
:103D100001F08EF8210028600023CB565A1C05D0F4
:103D20009E4201D18B6802E00C31F5E70023A0210F
:103D30000120064AC9002B7150506A211B020B4317
:103D40000349535070BDC046CC3C03000070004096
:103D5000040500000C4B0D4A10B50D499C5821403C
:103D6000995001799C5809022143995080200122E1
:103D7000C0001A6019581142FCD1A123024ADB008D
:103D8000D05880B210BDC04600700040040500004D
:103D9000FF00FFFF01704B1C0AD001238B404360E2
:103DA000044BC360044B0361044B4361044B8360C9
:103DB0007047C046080500500C0500501005005023
:103DC00014050050F7B5A223A022DB00D205D3587A
:103DD000BE220193314B5200995800295DD0C12178
:103DE00089005958002958DA0024E025C0269C5043
:103DF000ED00B6022A4BA700F85800284AD0294BFC
:103E0000E35C002B30D0019B0121E3400B4212D038
:103E10002300A022C133FF339B00D2059B589B0394
:103E20009B0F032B07D0204B1B68E3400B4202D0B3
:103E30001E4B1B6817E0019B0122E340134213D184
:103E40002300A021C133FF339B00C9055B589B03AE
:103E50009B0F032B08D1164B1B68E340134203D082
:103E60000221124B1B689847A023DB05FB185A5907
:103E700032420FD059590F4A0A405A51019AE24032
:103E8000D20702D55A59324303E080215A59890298
:103E90000A435A5101341F2CACD1F7BD00600040D9
:103EA000DC280020732A002058290020D828002070
:103EB0005C290020FFFFFCFF30B5040008004D1C0A
:103EC0001CD00F482160BE24026000200D4A64000F
:103ED00010510D4C8D002B5101240C4B5C54C12111
:103EE000802389001B065350094A0A4B545823402B
:103EF000C0242404234353504023136030BDC046E4
:103F0000D828002000600040DC280020732A002010
:103F100000E100E0FFFF00FF00210368014A9B0071
:103F200099507047DC28002070B5A024E025006877
:103F3000E40583001B19ED005E59204C34405C51B0
:103F40001F4D0124002A0ED0A14204D181402A68CD
:103F50001143296015E0022913D18440194A1168E0
:103F60000C4314600DE0012904D181402A688A4382
:103F70002A6006E0022904D1844012490A68A2435B
:103F80000A602A680121C2400A4204D10D4A12681F
:103F9000C2400A4211D0A222A021D200C9058958EC
:103FA000F132C140FF32C90702D59958C02001E063
:103FB0008020995880020143995070BDFFFFFCFF9B
:103FC000582900205C2900200368074A9950074AB5
:103FD000FC33196A002904D1013A002AF9D10120E1
:103FE00001E00020186270471C050000A186010056
:103FF00010B50368002A03D0802202209200985056
:1040000001221C001A62084AFC34E068002804D12E
:10401000013A002AF9D1012005E00020A322E06046
:10402000D2009B580B7010BDA186010010B50B4C3F
:1040300002680B4BA14204DC0A498160CC2149048F
:104040000AE0094CA14203DC08498160802102E0BA
:1040500007498160CD21C904D15010BD8FD0030024
:1040600024050000A08601007F1A060090D00300FE
:10407000801A060070B504001000A025C026C130CB
:10408000FF30F600ED05800046510800C130FF30DA
:1040900080004651A1252068ED004251054A81501B
:1040A00019002000FFF7C2FFA02305212268DB00D2
:1040B000D15070BD0C050000F8B50E0015000400CD
:1040C00000F0B0FD2648F2B203780100DBB2012B0C
:1040D00006D14778974203D18778E8B2874211D05A
:1040E0002048EFB20378012B05D14378934202D1E7
:1040F0008078B84211D00878002806D101230B70CF
:104100004A708F706373184B15E0164B19780029AD
:1041100007D1013119705A709F7002236373134BDA
:1041200009E013480EF0E6F90023FC2223606571D4
:1041300026719362FFDE19000022FC312360657155
:1041400026718A62A021C9005A500A4920005A509B
:1041500001325A502A003100074BFFF78BFFF8BDA0
:10416000922A0020962A00200030004000400040A3
:1041700028470300FC0F0000A0860100036800220E
:104180001900FC3110B58A62A021C9005A500649B5
:104190005A5001325A5005220421825641568368F2
:1041A000FFF768FF10BDC046FC0F00000368002148
:1041B0001A00FC3210B5916001315961074B9168CA
:1041C000002904D1013B002BF9D1012004E0002497
:1041D0000473FFF7D3FF200010BDC046A186010085
:1041E000036810B51900FC318A6A0020012A08D141
:1041F000044C1C5988625A610238A40701D401207A
:10420000404210BDC40400000261064A10B542607D
:10421000054A01738260054A190002600EF0D2FA65
:1042200010BDC046040500501005005000070050A6
:1042300000210C4A0300515681420BD001215156F6
:10424000814209D001209278404252B29A4207D16D
:10425000033002E0002000E00120034B187040B260
:104260007047C046042200209A2A00200022134BE7
:1042700030B59A56824209D001229A56824207D01E
:1042800002229A560221824217D102E0002100E068
:1042900001210A0045320A4C0A48FF3292001450AC
:1042A000012215004800441CA5408240A120064C74
:1042B0002A43C0002250FF225A5430BD042200205D
:1042C000031F02000060004000F001400022F8B52A
:1042D000124F0600BA563B00114D013209D001229F
:1042E000BA56013207D00222BA560220013207D153
:1042F00002E0002000E001201E54287040B20BE0D4
:1043000028780321013000F07BFF0C0078562970DB
:10431000FFF7ACFF3E5560B2F8BDC0460422002056
:104320009A2A0020012370B51E000200A0258640B5
:10433000C132FF32ED0592005351134A0002AE50D4
:10434000A226124A4C001043114A89008D18F6002B
:10435000E4B2A851C046C046C0460E48E20012185A
:104360000D482B6015500D48091891510C490D4806
:104370005550043950501900E2189140A3400A4AA0
:104380000B4304498B5070BD0C0500000300130063
:104390000060004000F001401405000040A1004012
:1043A0001C0500004CA1004004050000A8200121CC
:1043B00010B5124A124B1488C00059601C50548822
:1043C00010481C509088A922D200985080220820C2
:1043D00092009850802009320003FF3298500A4A18
:1043E0001078A222D2009850084A1088084A9850A3
:1043F00000221960FC331A6510BDC046F62100206A
:1044000000A000404405000003220020F421002009
:104410004C05000070B5012545570E002800FFF738
:1044200007FF0400431C0ED12800FFF74FFF0300D5
:1044300051331D49FF331D4A9B0004009950C1B2FE
:104440002800FFF76FFF1A4BA200D6503200194B1D
:1044500064001B78043BDA40174BE252002E03D075
:10446000164B1B689E420ED32800FFF7FFFE012368
:10447000A022AB40D205002E02D0A121C90000E04D
:104480000F4953500EE072B600210E4A074B1165DA
:104490008021C1220903920099500B49053AFF3A45
:1044A000995062B670BDC046FFFF000000A00040FA
:1044B0006029002003220020F62100202020002077
:1044C0000C050000FCA0004008080000F8B5254BD2
:1044D00006001A780D00002A28D10121224B23481A
:1044E00059601A5019502248C2271A5004301A50E5
:1044F000204ABF001078A222D200985080220820C3
:10450000920098501C4A10881C4A98501C48C25966
:10451000944664461B4A22408024E4032243C2514D
:104520008022D200026019600E4B19702800FFF73C
:104530007FFE0400431C0ED12800FFF7C7FE0300D6
:1045400051331149FF33084A9B0004009950C1B20E
:104550002800FFF7E7FE7570347030000021FFF788
:1045600059FFF8BD9B2A002000A00040FC0F00006E
:104570000405000003220020F42100204C05000067
:1045800000E100E0FFFF00FFFFFF0000084B70B5F7
:104590000D1C0400186801F06FFE291C01F068FB77
:1045A00001F000FE01002000FFF734FF70BDC0469F
:1045B00020200020F0B5254B85B01F680D001A00A3
:1045C0008F4240D0802104234902A9420ED3092BF7
:1045D00039DC15602A001E4903AE0B70043BDA403B
:1045E0001C4B00241A80FF23337007E0132B2AD0C2
:1045F00049000133E9E70134032C24D0164B620053
:10460000D25A164B9A42F6D0154BA200E35C737057
:10461000144BD05801F030FE0090280001F0E4FD6A
:104620000190380001F028FE011C019801F056F9B4
:10463000011C009801F01CFB00F0C6FE01003000D8
:10464000FFF7E8FED7E705B0F0BDC0462020002008
:1046500003220020F4210020F6210020FFFF0000AB
:104660000422002060290020012310B50A4ADC0042
:10467000A4588C4207DD013BDB00D3185A6801685F
:10468000064BCA5007E00133112BF0D1802102689C
:10469000024B4905D15010BD203D03002405000008
:1046A000F8B50F000121254BB9400360A023244C2D
:1046B000DB0516001A5905000A4380211A511A59C0
:1046C00009060A430121B1401A511A598A43962119
:1046D0001A511A598901520052081A51FFF7C4FFA2
:1046E000002204202B6817495A506C395850012178
:1046F000996019601900FC31CA6013495A506A6008
:1047000014391F325A5011495F5009185A501E511E
:104710007B1C03D0032138000EF032F8731C03D049
:10472000032130000EF02CF80122094B29001A60F9
:10473000084807320EF0E8F8F8BDC04600200040F7
:10474000140500006C0500001C0500000C050000AD
:104750006C290020A02A0020962310B5DB00994286
:1047600002DDFFF781FF04E09E210268014BC902D0
:10477000D15010BD24050000C1230E4A9B00D15822
:1047800010B5090603D50C49096A002908D1D35888
:104790005B070DD5084B0021DB68002B01D107E03A
:1047A0000121064B1868002802D0054B1B6898476A
:1047B00010BDC04600200040FC20004070290020B1
:1047C00074290020034B1960436803499B005A5029
:1047D0007047C046742900207029002000681E4BD5
:1047E00030B5C3185C4263415B00002A1AD000292F
:1047F00003D0012905D1802100E00421C1229200CB
:104800008150FF20C024DD00A8401449A4000A59AB
:1048100082431000C022AA4002430A5101229A405A
:104820000A6018E0002908D0012914D1C22280248E
:10483000920084508258920806E0C222042192001D
:10484000815082580339D209914304D001229A4001
:104850001300034AD36730BD00E0FFBF00E100E072
:1048600004E100E003681A00FC32106A0128FCD160
:1048700000201062014AC9B2995070471C0500001F
:1048800070B51D00A02304001600DB00002D03D02E
:1048900000224068C25001E00268D550082902D0C9
:1048A00010480DF027FE032E0AD8300000F02EFB32
:1048B0000B020406022307E0042305E0062303E0BD
:1048C00009480DF017FE0023A0220848D200002D51
:1048D00003D061680B50022302E021680B500123D2
:1048E0008B5070BD39470300524703005405000048
:1048F000036810B55A1C2ED0A0220020164CD200FE
:1049000098501000154AA14202DC802189041FE062
:10491000134CA14202DC8021C90419E0114CA142D0
:1049200002DC8021090513E00F4CA14202DC80214A
:1049300049050DE00D4CA14202DC8021890507E00C
:104940000B4CA14202DC8021C90501E0802109064F
:10495000995001221A5010BD8FD003002405000089
:104960001FA107003F420F007F841E00FF083D008B
:10497000FF117A00F7B5009308AB1B7805005BB216
:104980000F0016000193013329D1624B1A78022AD5
:1049900010D15978FAB291420CD19978F2B2914281
:1049A00008D1DA786B461B789A4203D101235A4C1E
:1049B00003723BE0594A1378DBB2022B0FD15078D7
:1049C000F9B288420BD19078F1B2884207D1D17800
:1049D0006A461278914202D12B72514C26E04F4B1D
:1049E0001A78002A0BD10232F9B21A705970F1B25A
:1049F0009970694609782A72D970494C13E0454B81
:104A00001A78002A0CD102321A70FAB25A70F2B235
:104A10009A706A461278404CDA7001232B7202E0D9
:104A200040480DF067FD019B01332ED10123002288
:104A300001205B426B6039003B4B2C60E250E05040
:104A4000A023C131FF31DB058900C85037496750C9
:104A50000099C131FF318900C850A1210098C900D7
:104A600060503100C131FF318900CA50A223DB0000
:104A7000E650FC342800E26013000821FFF700FF35
:104A80002B492800FFF734FF42E0012300225B425C
:104A90002B60254B6C60E2500123234938006350A2
:104AA000A021C130FF30C905800042503000C13024
:104AB000FF30800042500098C130FF3080004250EB
:104AC0000198C130FF3080004250A221C9006750D8
:104AD0001649009866500439605016490198605094
:104AE0002100FC318A60CA62A721C90063501031DD
:104AF000635011481149605011491248605080219B
:104B0000042089006050F939FF392800FFF7B8FE0A
:104B1000F7BDC046922A002000300040962A0020AF
:104B20000040004063470300FC0F00000C0500003C
:104B300040420F00140500009D2A0020440500009B
:104B4000340500009C2A002003681A00FC32D0685B
:104B50000028FCD105481950D1680129FCD1002159
:104B6000D160A322D20098587047C0461C050000AF
:104B7000A023F0B5284FDB00FA5885B0019200223F
:104B8000A024FA50E023254AE405DB00E658E25071
:104B90007833E15801250291E250A1238022DB0005
:104BA000D205E2500420E5500DF04BFEA222D200C7
:104BB000A35803979B0F2B4205D0A35813242B42D5
:104BC00002D0012018E01324A0250127ED05013CA7
:104BD000002C10D0124B0420EF500DF032FEA12318
:104BE000DB00EF5004200DF02CFEA223DB00EB587D
:104BF0005B00ECD5E5E72000A023E0220299DB056D
:104C0000D2009E5078329950A023039A0199DB007C
:104C1000D15005B0F0BDC046004000400D06000078
:104C20000C050000A023E021134ADB05C90010B5E4
:104C30005A5078315A50114B00221900FC31CA6089
:104C40000A62A1211E20C9005A500D4A0D4C9850ED
:104C5000CC200D4A40049850A2200C4AC0001450A9
:104C60000B4C0C48145001205050A0220521D200BA
:104C70009950FFF77DFF10BD0C060000004000407A
:104C80000C050000384100402405000000F0014000
:104C90001C4000401405000001230E4A10B5936427
:104CA00080230D499B00CB670C491400086D0C4A0A
:104CB000002804D0002008651168013111600949FD
:104CC0000B60A923DB001068E358010C9BB20004C1
:104CD000184310BD0090004004E100E0FC9000404B
:104CE0007C29002000E100E0F8B50F4C636C002B3C
:104CF0000FD000270D4E67643378BB4209D00C4BB0
:104D00001D68FFF7C9FF2D1ABD4202DC3770FEF7A0
:104D1000CDFF236D002B06D0064A136801331360C4
:104D20000022014B1A65F8BDFC9000409F2A00202C
:104D3000782900207C2900201B4970B50C78002CB4
:104D400030D10120194B1A4A586054608024E40580
:104D5000206050680028FCD000220124042515485A
:104D60001A500C30DC601D5008381A501248C22509
:104D70001A50C122802092000003985080204002E7
:104D800098500E48AD0046590D4A3240C0263602B2
:104D9000324342518022893D9200FF3D42510260E0
:104DA0001C600C7070BDC0469E2A00200090004020
:104DB000FC000040040500004C05000000E100E09C
:104DC000FF00FFFF044B10B51B78002B01D1FFF74C
:104DD000B3FFFFF761FF10BD9E2A0020104B70B596
:104DE0001B780400002B01D1FFF7A6FF0D4D0E4EDE
:104DF0002B78002B02D033689C4210D0FFF74CFF79
:104E0000201A0A2803DCFFF747FF0A3004000123B9
:104E10002B70A823054A3460DB00A4B2D45070BDC7
:104E20009E2A00209F2A0020782900200090004020
:104E300010B50400431C07D00DF01CFD0400431CFA
:104E400002D102480DF056FB200010BD964703002A
:104E5000234A10B513781100012B19D1214B1B687F
:104E60001B0715D1204BE0241A68F02310001840CE
:104E700022420BD11D4A12681A4209D11C4A1D4B0D
:104E80001A6080221C4B12021A6001E03028F1D017
:104E90000B68DBB2012B0DD1124A1268120709D13F
:104EA000F021114A12680A40402A03D10F4A1268C1
:104EB0000A420DD08022A3230021D205DB00D1506D
:104EC0000E4B9960013191609A68002AFCD005E090
:104ED000C1228021D200C9058B50EBE710BDC0462E
:104EE000E00F00F0E40F00F0E80F00F0EC0F00F02E
:104EF000DFFF07C004050040186C0040FC000040C4
:104F0000014B18687047C0468029002002B47146E2
:104F100049084900095C49008E4402BC7047C046FC
:104F2000002243088B4274D303098B425FD3030AE8
:104F30008B4244D3030B8B4228D3030C8B420DD3FB
:104F4000FF22090212BA030C8B4202D31212090289
:104F500065D0030B8B4219D300E0090AC30B8B42C7
:104F600001D3CB03C01A5241830B8B4201D38B0375
:104F7000C01A5241430B8B4201D34B03C01A52411A
:104F8000030B8B4201D30B03C01A5241C30A8B425D
:104F900001D3CB02C01A5241830A8B4201D38B0248
:104FA000C01A5241430A8B4201D34B02C01A5241EC
:104FB000030A8B4201D30B02C01A5241CDD2C3095E
:104FC0008B4201D3CB01C01A524183098B4201D3DA
:104FD0008B01C01A524143098B4201D34B01C01AC5
:104FE000524103098B4201D30B01C01A5241C3083D
:104FF0008B4201D3CB00C01A524183088B4201D3AC
:105000008B00C01A524143088B4201D34B00C01A97
:105010005241411A00D20146524110467047FFE703
:1050200001B5002000F0F0F802BDC0460029F7D01D
:1050300076E7704703460B437FD4002243088B4238
:1050400074D303098B425FD3030A8B4244D3030B0F
:105050008B4228D3030C8B420DD3FF22090212BAD4
:10506000030C8B4202D31212090265D0030B8B4250
:1050700019D300E0090AC30B8B4201D3CB03C01A3A
:105080005241830B8B4201D38B03C01A5241430B15
:105090008B4201D34B03C01A5241030B8B4201D305
:1050A0000B03C01A5241C30A8B4201D3CB02C01A70
:1050B0005241830A8B4201D38B02C01A5241430AE8
:1050C0008B4201D34B02C01A5241030A8B4201D3D7
:1050D0000B02C01A5241CDD2C3098B4201D3CB017E
:1050E000C01A524183098B4201D38B01C01A52412D
:1050F00043098B4201D34B01C01A524103098B4231
:1051000001D30B01C01A5241C3088B4201D3CB001B
:10511000C01A524183088B4201D38B00C01A5241FE
:1051200043088B4201D34B00C01A5241411A00D2AE
:1051300001465241104670475DE0CA0F00D0494217
:10514000031000D34042534000229C4603098B4287
:105150002DD3030A8B4212D3FC22890112BA030A0F
:105160008B420CD3890192118B4208D38901921191
:105170008B4204D389013AD0921100E08909C30916
:105180008B4201D3CB01C01A524183098B4201D318
:105190008B01C01A524143098B4201D34B01C01A03
:1051A000524103098B4201D30B01C01A5241C3087B
:1051B0008B4201D3CB00C01A524183088B4201D3EA
:1051C0008B00C01A5241D9D243088B4201D34B0005
:1051D000C01A5241411A00D20146634652415B1047
:1051E000104601D34042002B00D549427047634628
:1051F0005B1000D3404201B5002000F005F802BD6D
:105200000029F8D016E770477047C0468446101C46
:1052100062468C46191C634600E0C0461FB501F08B
:105220004FFF002801D40021C8421FBD10B501F076
:10523000A3FE4042013010BD10B501F041FF00282F
:1052400001DB002010BD012010BDC04610B501F0EB
:1052500037FF002801DD002010BD012010BDC04631
:1052600010B501F0C9FE002801DC002010BD0120AE
:1052700010BDC04610B501F0BFFE002801DA0020C5
:1052800010BD012010BDC0468446081C6146FFE7E2
:105290001FB500F0A9FC002801D40021C8421FBDA1
:1052A00010B500F035FC4042013010BD10B500F0E3
:1052B0009BFC002801DB002010BD012010BDC04672
:1052C00010B500F091FC002801DD002010BD012088
:1052D00010BDC04610B500F043FC002801DC0020E2
:1052E00010BD012010BDC04610B500F039FC0028EB
:1052F00001DA002010BD012010BDC046002B11D1E5
:10530000002A0FD1002900D1002802D00021C94372
:10531000081C07B4024802A14018029003BDC04611
:10532000E9FEFFFF03B4684601B5029800F0A0F85B
:10533000019B9E4602B00CBC7047C0461300F0B5FE
:1053400045464E4657469146D2179B185340E0B407
:1053500004000D009846DB0730D506000F0001233E
:105360009A4643465B08984618D022002B0020003E
:10537000290001F00FFF5346424604000D0013427E
:10538000EFD00B0002003900300001F003FF43466C
:105390005B0806000F009846002BE6D14B46300014
:1053A0003900002B05DA32003B000020054901F0EE
:1053B000CDFA1CBC90469946A246F0BD0026014F8E
:1053C000CDE7C0460000F03F9E2110B5C905041C82
:1053D000FFF78AFF002803D1201C00F0E3FE10BD78
:1053E0009E21201CC90500F057FD00F0DBFE802344
:1053F0001B069C466044F2E770B500220C4B04008B
:105400000D00FFF737FF002804D12000290002F02B
:10541000AFFC70BD064B00222000290002F034F9D9
:1054200002F0A6FC80231B069C466044F1E7C046C0
:105430000000E04170B500220B4B0D00040001F0AC
:10544000A9FEFFF7D9FF060002F00AFD0022074B74
:1054500001F0A0FE02000B002000290002F014F968
:10546000FFF7CAFF310070BD0000F03D0000F041C1
:10547000F0B54D46564644465F46F0B4924683B07A
:1054800004000D0099468B422FD82CD04946504637
:1054900002F01CFE29000600200002F017FE331A5D
:1054A0009846203B9B4600D574E053465A469340AD
:1054B0001F005346424693401E00AF4229D826D0D3
:1054C0005B46A41BBD41002B00DA79E000220023DB
:1054D0000092019301235A469340019301234246CF
:1054E0009340009319E08242D0D900220023009219
:1054F00001930C9B002B01D01C605D60009801990A
:1055000003B03CBC90469946A246AB46F0BDA342D0
:10551000D6D900220023009201934346002BE8D005
:10552000FB0772081A4346467B080EE0AB4201D1E6
:10553000A2420CD8A41A9D41012024196D410021DA
:10554000013E24184D41002E06D0AB42EED9013E5B
:1055500024196D41002EF8D15B460098019900197D
:105560006941002B22DB2B005A46D3402A004446D7
:10557000E2401C005B461500002B2CDB26009E4001
:10558000330026004746BE403200801A9941009001
:105590000191AEE7424620239B1A5246DA4041462B
:1055A00013004A468A4017001F4382E742462023E1
:1055B0009B1A2A0046469A402300F3401343D5E73E
:1055C0004246202300219B1A0022009101920122D1
:1055D000DA40019282E74246202326009B1ADE40F1
:1055E0002F00B446974066463B003343C9E7C046A8
:1055F000F8B54A02430244004E00C50F240E2800AD
:105600009B09360EC90F92098D4259D0A01B002864
:1056100000DC8DE0002E1AD1002A00D079E05A0774
:1056200004D00F221A40042A00D004335A0138D57E
:105630000134FF2C00D189E028009B015B0AE4B211
:105640005B02E4055B0A2343C0071843F8BDFF2C47
:10565000E5D08021C9040A431B2800DD89E016003B
:105660002021C640081A8240511E8A4132439B1AAB
:105670005A0114D59B019E09300002F009FD05383E
:105680008640844265DC041B330020200134E34063
:10569000041BA640721E964100243343BFE75A07FD
:1056A000BFD1DF082800FF2C2FD1002F00D187E0C9
:1056B0008022D20313003B435B025B0AFF24BFE757
:1056C000A11B002949DD002E29D0FF2CA7D0802660
:1056D000F60432431B2900DD8DE017002026CF4061
:1056E000711A8A40511E8A413A439B185A01D6D5F5
:1056F0000134FF2C64D0012276491A405B080B402C
:1057000013438CE7031ECAD100207B025B0AE4B27C
:1057100096E701380028AAD0FF2C9DD17FE7002A08
:1057200000D17CE701390029DFD0FF2CD2D176E708
:10573000002820D1601CC0B2012853DD80279E1AAA
:10574000FF0437402FD0D61A0D0095E7280000231C
:1057500076E7614B241A334061E700294DD1611C83
:10576000CEB2012E2FDDFF292AD09B185B080C003A
:1057700055E701227BE7002C1BD1002B5BD0C043F7
:1057800000280CD0FF2E7ED01B2800DD92E01D00EB
:105790002024C540201A8340581E83412B43D31A2E
:1057A00034000D0064E7002E00D065E700200024DF
:1057B000ABE7FF2E67D08024E40440422343E3E7B5
:1057C000FF2400233CE7002C61D1002B7ED0002A6F
:1057D00000D124E79B185A0100D460E73E4A0C0030
:1057E00013401CE7002C1ED1002B2FD1002A66D0BD
:1057F00013000D0013E7012277E7002C1FD1002BC7
:105800005AD0C94300290BD0FF2E50D01B295FDC92
:105810001F002024CF40611A8B40591E8B413B430F
:105820009B18340062E7002B1CD1002A4AD01300D9
:105830000D00FF24F3E6130034000D00EFE6FF2E09
:1058400035D08024E40449422343DFE7002A00D115
:10585000E5E68027981AFF04074000D152E7D31AE3
:105860000D00DCE6FF24002A00D1D8E68020DB080A
:10587000C003034204D0D208024201D113000D003C
:10588000DB00FF24CBE61300FF240D00C7E6002B4E
:105890000DD0FF24002A00D1C1E68021DB08C90316
:1058A0000B42EDD0D2080A42EAD11300E8E7130018
:1058B000FF24B4E6012372E713003400AFE60027AB
:1058C000002022E780270020FF03F1E61300A6E670
:1058D0000123A5E7FFFFFF7DFFFFFFFBF0B5564665
:1058E00044465F464D46F0B444024600C70F83B0BD
:1058F0008846650A360EBA463DD0FF2E22D00023D8
:10590000EC00802599469B46ED0425437F3E4346A7
:105910005C025800DB0F640A000E984636D0FF2860
:1059200030D080230021E400DB041C437F38301A90
:105930000190484642460843724E800030587A40F3
:1059400013008746002D44D108239946063B9B4609
:10595000DDE70122FF2000241A406402C305640A27
:10596000D2071C431443200003B03CBC9046994628
:10597000A246AB46F0BD002D20D104239946033B3F
:105980009B46C4E7002C17D1022102E0002C0AD16B
:105990000121321A01924A4643460A435A4892006C
:1059A00082587B409746200002F072FB431F7630FE
:1059B0009C4040420021BAE70321B8E7280002F0EA
:1059C00067FB431F9D4000237630464299469B4625
:1059D0009DE70C239946093B9B4698E780240022CB
:1059E000E403FF20B9E70024C2468B465A465346DB
:1059F000022AAED0032A7DD0012A31D10122002013
:105A00001A400024A9E70122101A1B2856DD1A406B
:105A100000200024A1E78023DB031D424BD180231B
:105A2000DB032B435C02640A3A00FF2095E76D011B
:105A30006001854230D2019A0024013A01921B2272
:105A40000127290064006D00002901DBA84201D86C
:105A50002D1A3C43013A002AF3D16A1E95412C438A
:105A600001987F300028CEDD620704D00F2222404B
:105A7000042A00D00434220103D5244A019814409A
:105A80008030FE2800DD64E70122A401640AC0B270
:105A90001A4062E72C00A9E72D1A1A220124CFE749
:105AA0006B02BCD500248023DB031C436402640A20
:105AB0004246FF2051E71C42B3D1F4E721002022E7
:105AC000C140101A8440621E94410C43620704D006
:105AD0000F222240042A00D00434620104D501229E
:105AE00001201A40002438E70122A401640A1A4068
:105AF000002032E78023DB031C436402640A524621
:105B0000FF202AE7A83D0300E83D0300FFFFFFF761
:105B1000430270B542004C005D0AC30F4802120EEA
:105B2000460A240EC90FFF2A0FD0FF2C11D00120E6
:105B3000A24200D070BDB542FCD18B420DD0002AEC
:105B4000F8D12800431E9841F4E70120002DF1D13F
:105B5000EBE70120002EEDD1E9E70020EAE7C0469F
:105B60004302F0B542005D0AC30F4802440A4800F0
:105B7000120E000EC90FFF2A1FD0FF2822D0002AC4
:105B800009D16E426E4100280FD1002C0DD10020AA
:105B9000002D09D005E0002801D1002C01D08B4256
:105BA00013D0584201231843F0BD002EF7D04842CD
:105BB0004141012049420843F6E7002DDDD0022093
:105BC0004042F1E7002CDAD0F9E78242E9DC04DB5D
:105BD000A542E6D80020A542E6D258424341012022
:105BE0005B421843E0E7C0464302F0B542004C0078
:105BF0005E0AC30F4802120E450A240EC90FFF2A7F
:105C000017D0FF2C19D0002A0BD170427041002C04
:105C100017D0002807D0484241410120494208439B
:105C2000F0BD002C13D08B4214D0584201231843EE
:105C3000F6E70220002EF3D1E3E70220002DEFD19A
:105C4000E1E7002DE5D10020002EE9D0EDE7002DA1
:105C5000E9D1EAE7A242E8DC04DBAE42E5D8002065
:105C6000AE42DDD25842434101205B421843D7E7A0
:105C7000F0B557464E4645464300E0B446028846D6
:105C8000760A1F0EC40F002F47D0FF2F25D0002308
:105C900080259A469946F600ED042E437F3F434601
:105CA00042465D02D20F5B006D0A1B0E904640D04B
:105CB000FF2B39D080220020ED00D20415437F3B1A
:105CC000FB1842465746591C62408C4607430F2F2B
:105CD0005CD86F49BF00C9598F46002E45D10823B3
:105CE0009A46063B9946DAE7424602282DD0032819
:105CF00000D1C3E0012800D0A2E000250026024028
:105D0000D4B27602ED05760A2E43E407264330002E
:105D10001CBC90469946A246F0BD002E1AD1042321
:105D20009A46033B9946BAE72A00511E8A41901CC5
:105D3000C6E70120002DC3D0280002F0A9F9431FB7
:105D400076309D4043420020BAE70124FF251440ED
:105D50000026D6E7300002F09BF9431F9E40002347
:105D6000763047429A46994699E70C239A46093B72
:105D7000994694E780260024F603FF25C1E7350005
:105D80004846B2E7350022004846AEE72904090C30
:105D90000800370C3604360C2C0C794370436743EB
:105DA0007443060C64183619B14203D980214902A4
:105DB000884647440004000C310409188D01681E10
:105DC0008541890E2943350CED19AD010D4329019B
:105DD00004D5012369081D4063460D4319007F3136
:105DE000002925DD680704D00F202840042800D0B2
:105DF0000435280103D5274980330D401900FE29B9
:105E0000A3DC0124AD016E0A1440CDB279E78020F5
:105E1000C003064207D0054205D128434602760A50
:105E20004446FF256DE706437602760AFF2568E7BC
:105E30000124611A1B2905DD14400025002660E7B6
:105E40006346CBE72E002023CE40591A8D406B1EAF
:105E50009D412E43730704D00F233340042B00D001
:105E60000436730104D5012401251440002648E7B7
:105E70000124B601760A1440002542E78026012459
:105E8000F6032E437602760A1440FF2539E7C04612
:105E9000283E0300FFFFFFF7F8B54A024E00430219
:105EA0004400240EC50F9B09360EC90F9209FF2E20
:105EB00000D183E001204140A01BA9425CD0002812
:105EC00000DC95E0002E1CD1002A00D081E05A07AA
:105ED00004D00F221A40042A00D004335A013BD5C3
:105EE0000134FF2C00D191E001209B015B0AE4B258
:105EF00005405B02E4055B0AED0723432B431800D2
:105F0000F8BDFF2CE3D08021C9040A431B2800DD23
:105F100090E016002021C640081A8240511E8A4196
:105F200032439B1A5A0115D59B019E09300002F09D
:105F3000AFF80538864084426CDC041B3300202017
:105F40000134E340041BA640721E964100243343F3
:105F5000BDE70D005A07BCD1DF0801231D40FF2C0F
:105F600033D1002F00D190E08022D20313003B43B5
:105F70005B025B0AFF24BCE700284FDD002E2ED019
:105F8000FF2CA4D08025ED042A431B2800DD97E0D8
:105F900016002025C640281A8240501E82413243F6
:105FA0009B185A01D5D50134FF2C6DD001227B48B6
:105FB0001A405B08034013430D0088E7002A00D015
:105FC0007AE777E7031EC5D100257B025B0AE4B2BE
:105FD0008FE701380028A4D0FF2C97D177E7002A5B
:105FE00000D174E701380028DAD0FF2CCDD16EE75C
:105FF000002821D1601CC0B2012858DD80279E1ADC
:10600000FF0437402FD0D61A0D008FE701231D4023
:1060100000236EE7624B241A334058E7002851D121
:10602000601CC6B2012E33DDFF282DD09B185B0803
:1060300004004CE7012274E7002C1AD0FF2E1FD079
:106040008024E404404223431B2800DD96E01D0029
:106050002024C540201A8340581E83412B43D31A65
:1060600034000D005EE7002E00D05FE7002500241D
:10607000ABE7002B44D0C0430028F0D0FF2EE3D183
:106080001300FF240D0022E70D00FF24002330E75A
:10609000002C5DD1002B7DD0002A00D117E79B1882
:1060A0005A0100D456E73E4A040013400FE7002C83
:1060B0001ED1002B2FD1002A65D013000D0006E75A
:1060C00001226DE7002C1FD1002B59D0C0430028BE
:1060D0000BD0FF2E4FD01B285EDC1D002024C540B6
:1060E000201A8340581E83412B439B18340058E7E5
:1060F000002B1CD1002A49D013000D00FF24E6E636
:10610000130034000D00E2E6FF2E34D08024E404B6
:1061100040422343DFE7002A00D1D8E68027981ABF
:10612000FF04074000D14DE7D31A0D00CFE6FF244E
:10613000002A00D1CBE68020DB08C003034204D054
:10614000D208024201D113000D00DB00FF24BEE69D
:10615000002B10D0FF24002A00D1B8E68020DB08F5
:10616000C003034203D0D208024200D11300DB0077
:106170000D00FF24ABE61300FF24A8E601236EE721
:1061800013003400A3E6002700251EE78027002522
:10619000FF03E9E613009AE60123A6E7FFFFFF7D70
:1061A000FFFFFFFB4302590A4300C20F1B0E0020F2
:1061B0007E2B0EDD9D2B0DDC802000040143952BF2
:1061C0000BDC9620C31AD9400B005842002A00D19C
:1061D00018007047034BD018FBE7963B99400B0023
:1061E000F3E7C046FFFFFF7F70B5002830D0C3172C
:1061F000C5185D40C40F280001F04AFF9E231B1AFA
:10620000962B0DDC9622D21A95406A02520AD8B219
:106210005202C005520AE40702432243100070BD37
:10622000992B19DC9922D21A9540124A2A40690703
:1062300004D00F210D40042D00D00432510103D5AC
:106240000C4B1A409F231B1A9201520AD8B2DFE767
:10625000002400200022DBE705222E00121AB921BB
:10626000D6402A00C91A8A40551EAA413500154356
:10627000DBE7C046FFFFFFFB70B5041E28D001F02E
:1062800007FF9E231B1A962B0ADC9622D21A9440F3
:106290006202520AD8B25202520AC005104370BDBF
:1062A000992B18DC9922D21A9440114A2240610796
:1062B00004D00F210C40042C00D00432510103D52E
:1062C0000B4B1A409F231B1A9201520AD8B2E2E7E5
:1062D00000200022DFE705222500121AB921D5404F
:1062E0002200C91A8A40541EA2412C001443DCE744
:1062F000FFFFFFFBF8B556465F464D464446F0B4F7
:106300000F00FD0FAA4609037C002E005F00450F19
:10631000490A7F0D2943C5001803BC46400A570FA0
:10632000640DDB0F3843D2009A4500D1AAE06646DF
:10633000A61B002E00DCFFE06346002B39D10300D2
:10634000134300D0D9E06B0709D00F232B40042B57
:1063500005D02B1DAB42AD416D4249191D000B020A
:1063600000D482E0CA4B01349C4200D1FEE00A0016
:106370005646C84BED081A405007640552020543C3
:10638000120B640D002112030B0D1B056405120B8B
:106390001A436308C04CF60714401C4364006408A9
:1063A0003443280021003CBC90469946A246AB46A7
:1063B000F8BDB74B9C42C6D080231B041843382E2F
:1063C00000DDEBE01F2E00DD1EE120239B1B9C4621
:1063D00003006746BB40984613004746F3403B43E3
:1063E0006746BA40571EBA4113430200F240EB1A07
:1063F0009D42B6411D008A1A7642911B0B0231D58F
:106400004A02560A002E00D1B4E0300001F040FEEE
:106410000300083B1F2B00DDB5E020222900D21A23
:10642000D1409E400A009D4032439C4200DDB1E0D5
:106430001C1B631C1F2B00DDD5E02021140028004D
:10644000C91A8C40D8408D400443DA40681E85410B
:1064500011002543002476E74146314300D134E260
:10646000310045466B0700D06FE756464807ED08F8
:10647000C9080543864B9C4235D00A036405120BBC
:10648000640D7FE76346E31A9B46002B00DC8BE03C
:106490006746002F3CD07E4FBC4200D153E7802797
:1064A0003F0438435B46382B00DCF7E00243501EC4
:1064B00082410020D2B253194218AB4289411D00DB
:1064C000494289180B02CDD5714B01349C4200D151
:1064D0003DE101206F4A6B080A4028401843D50768
:1064E000054351082FE72B000B4300D1CBE180235C
:1064F0001B030B431A03120B44E7013E002E6DD120
:10650000AE1AB5429B41091A5B42C91A350075E7BC
:106510000700174300D116E701235B429C46E34482
:106520005B46002B00D0E0E0AA18AA429B41091864
:106530005B4259181500C5E7002E75D1661C76051B
:10654000760D012E00DCF3E0AE1AB0464545BF41A2
:106550000E1A7F42F61B370200D48FE0551BAA4269
:10656000B641411A76428E1B9A464BE756460022A8
:10657000002507E7280001F08BFD20300300083BD1
:106580001F2B00DC49E72A002838824000259C4266
:1065900000DC4DE73F49E41A1140D4E60243501EA7
:1065A0008241D3B2002222E7002B00D0F3E0631C2B
:1065B0009C465B055B0D012B00DC9FE0344B9C454A
:1065C00000D1C3E0AA180918AA42804140424118EC
:1065D000CD075208154349086446B4E62C4B9C424B
:1065E00000D0ECE6AFE611001F3CE1400C00202B90
:1065F00000D17FE04021CB1A9A4015436A1E954195
:106600000021254300242DE733000700203BDF4015
:106610003B00202E70D04027BE1BB0400243501ECE
:10662000824113430022E2E6002C4FD0184CA445CF
:1066300000D1ABE08024240476422143382E00DDD3
:10664000DFE01F2E00DD43E12027BC1BA1460C002C
:106650004F46BC40A0462C004746F4403C434F46C2
:10666000BD406F1EBD41F1402C43151BAA42924113
:10667000411A5242891A64469A46BFE64146454647
:10668000314300D0BEE6002600240025F2E6C046D5
:10669000FF070000FFFF7FFFFFFF0F801F2B59DC6C
:1066A0002027FF1ABC46070063469F405B46B94659
:1066B0001700DF40B8464F4643461F4363469A40A3
:1066C000531E9A415B463A43D840F4E60C002C43F3
:1066D0005CD0F643002E55D1551BAA42A441411A65
:1066E0006442091B9A46644688E6964FBC4200D035
:1066F000D8E628E6002280E700208FE70B002B4336
:10670000002C00D0C2E0002B00D101E103001343B4
:1067100000D118E6AB18AB42B641091876427118A1
:106720000A0200D409E1884A1D00114064460AE6C5
:10673000002C5BD10E002E4300D08AE001001143F3
:1067400000D1C2E0010015009A46FCE56446002134
:1067500000258FE620235B429C46DC44634607000D
:10676000DF405B46BC46202B00D1ACE040235F46B7
:10677000DB1B98400243501E8241634613431A00BC
:10678000002098E66F4CA44500D057E701001500A3
:1067900064469A46D7E5002C39D10C002C436ED0C4
:1067A000DB43002B1AD0674CA44568D0382B00DDA2
:1067B000A4E01F2B00DDAEE020240F00E41AA74068
:1067C000B9462F00DF40B846A3464F46444627430C
:1067D0005C46A5406C1EA541D9403D43AD1895428D
:1067E0009B4109185B42591864466BE60C002C4328
:1067F00015D1010011437BD0010015009A46514C80
:10680000A1E50D43691E8D410021ECB22DE74D4CF1
:10681000A44534D0802424045B422143C6E704000D
:1068200014434ED0ED084C072C438025C9082D0396
:10683000294208D0C6082E4205D1D208410711438B
:106840000C009A463100620FC900E50011433D4C2F
:1068500079E50600164300D175E5AE1AB046454508
:10686000BF410E1A7F42F61B370200D4F4E5551BD8
:10687000AA42B641411A7642891B9A4663E5010055
:10688000150064465FE5002200257BE5002B3BD028
:106890000300134315D0ED084B072B438025C9088F
:1068A0002D03294207D0C4082C4204D141070B0014
:1068B0002100D2081343C9005A0F1143DD00214CB7
:1068C00041E5204C3FE5002054E700260025D1E5B6
:1068D00034000F00203CE7403C00202E2BD0402706
:1068E000BE1BB1400D43691E8D4100212C43BCE607
:1068F000802100260903134C0025BBE50D43691ECA
:106900008D410021EDB269E7010015000D4C1AE53B
:106910000100150017E51C000F00203CE7403C007B
:10692000202B0CD04027FB1A99400D43691E8D4146
:106930000021254352E70021D4E71D0092E5002104
:10694000F3E7C046FF070000FFFF7FFFF0B55646A4
:106950004D4644465F46F0B41D000E034C00CB0F7D
:1069600087B0070092468146360B640D98466AD080
:106970006D4B9C4235D08022430F12041343F60026
:106980001E43C3009946694B00279C46002364447C
:1069900002932B0368001B0BED0F51469B46400DE5
:1069A000009500D178E0604B98426CD05B46DA00ED
:1069B0004B0F802109040B4313439B465346D900D8
:1069C0005A4B9C46002360444246201A6A40924635
:1069D00001901F430F2F00D9B0E05548BF00C059A8
:1069E0008746374300D088E00023994602330827C2
:1069F00000260293CDE74346B34649460093029BE7
:106A0000009A9246022B00D0BFE10021534601229A
:106A1000002689461A40444B002136030C0D2405FC
:106A2000360B2643434C1B0526401E437600D207F7
:106A3000760816434846310007B03CBC904699465C
:106A4000A246AB46F0BD330003434FD0002E00D129
:106A5000BCE1300001F01CFB03000B3B1C2B00DDF4
:106A6000ADE11D220100D31A08393A008F408E4053
:106A7000DA40B9461643304B00279C460023604459
:106A80004442029385E753465A4613432CD10023D0
:106A900000219B46023397E70B4320D05B46002B37
:106AA00000D19EE1584601F0F3FA03000B3B1C2B8A
:106AB00000DD8FE102005946083A91408B461D21C6
:106AC000CB1A5146D9400B0059460B4351469B46C1
:106AD0009140194B9C4660444042002374E70023D8
:106AE00000219B4601336FE703236DE7002399469E
:106AF00001330427002602934BE703230C2702935C
:106B000047E70122D51A382D00DCB0E153461A4080
:106B100000210023002689467EE70023802699462F
:106B200000223603004B77E7FF07000001FCFFFF60
:106B3000683E0300FFFF0F80F30300005E4500D9AD
:106B400072E100D16DE1019B4D46013B01930023B1
:106B5000340002935B461E020B0E1E430B0203938E
:106B6000330C994633041B0C494620000093FEF772
:106B7000D7F9009B3700434306004946200098465A
:106B8000FEF754FA2C0C09040C43A04509D9E4196A
:106B9000731EA74200D95CE1A04500D859E1023E2E
:106BA000E4194346E41A49462000FEF7B9F9030008
:106BB000009A80465343494620009B46FEF736FA2A
:106BC0002A040904120C0A4393450DD94346D219ED
:106BD000013B974200D93AE1934500D837E10223BF
:106BE0005B429C46D219E0445B46D21A43463604C7
:106BF00033439B460399180C0B0C1D0005930904A5
:106C00005B46090C0C001B041B0C444304915943C4
:106C10006B4368431B190D0CEB189C4203D980246D
:106C20006402A44660441C0C09041B04090C2018CF
:106C30005D18824200D2DEE000D1D7E0161A029B36
:106C40009C465D1BAC459B415B42F61AB74200D1A6
:106C500006E149463000FEF763F9009B0400434318
:106C6000494630009846FEF7E1F92E0C09040E4320
:106C7000B04509D9F619631EB74200D9F3E0B04513
:106C800000D8F0E0023CF6194346F31A49461800D2
:106C90000293FEF745F9009B0600434349460298DC
:106CA0009846FEF7C3F92D0409042D0C0D43A845A1
:106CB00009D9ED19731EAF4200D9D6E0A84500D816
:106CC000D3E0023EED192404210043463143049EE3
:106CD000059A3000ED1A0B040C0C1B0C584366434C
:106CE000534354439A19030C9B189E4203D98022A4
:106CF0005202944664441A0C00041B04000C14193C
:106D00001B18A54250D34DD001231943964A019B2D
:106D100094466344002B00DCF3E64A0709D00F22B7
:106D20000A40042A05D00A1D8A42894149428B44FF
:106D300011005A46D20108D55A468C4B1A40934648
:106D40008022D2009446019B6344894A934200DD2D
:106D50005BE65A46C90850070843560251460122CD
:106D60005B058146360B5B0D0A4055E680231B030D
:106D70001E4211D05A461A420ED15E461E433603B9
:106D8000360B2A0089467B4B46E6032B00D1E1E017
:106D9000012BBBD11A40BBE61E433603360B4246DD
:106DA000744B39E6002BB1D07D194A1EAF4252D93F
:106DB0001100A542A8D1039A9A42A5D1A6E70300E3
:106DC0003E00283B9E400023994654E601F060F9BE
:106DD000203041E603005246283B9A40002193466A
:106DE00077E6504601F054F920305EE6029B00261B
:106DF000AB4200D323E7039E0299B4466144884620
:106E0000B045B6415B467642F619B218013B029195
:106E1000974213D290424FD800D18EE0161A9B466B
:106E20000DE7894500D28EE674084B46F60735001B
:106E30005B081D434B46DB0702938BE69742EDD17F
:106E40000399029CA142E5D93E1A9B46F7E6984673
:106E5000CAE61E00A5E6AC423ED874D0110053E746
:106E60000121494252E71C000EE71E002BE71F2DAF
:106E70003CDC20230A0058465B1B9840EA409940BE
:106E80000243481E81415E461143EE404B0709D044
:106E90000F230B40042B05D00B00191D99429B4179
:106EA0005B42F61833023CD55346012200211A40BA
:106EB000002601238946AFE502235B429C46039CE2
:106EC000E344A446029B63449846A045B6417642FB
:106ED000F6190293B218B1E603988A1E4100814266
:106EE000B6417642F619AD19039161E71F2252426D
:106EF000D31A5A46DA401300202D29D04022584692
:106F0000551BA8400143481E814107200B431840F0
:106F10000026002809D00F2200261A401900042A52
:106F2000BBD10B0070077602360BDB080343994692
:106F3000012253461A4000236EE502998D42BBD8C8
:106F40009B4600267BE603989842C5D3110032E7A2
:106F50000020D7E780265B4636031E433603360BF8
:106F6000009A8946034B57E5FF030000FFFFFFFE31
:106F7000FE070000FF070000F0B55F4656464D468D
:106F80004446F0B41F035C00DB0F9A46194B0E0316
:106F90004D00C90F8046360B6D0D8B4691463F0B59
:106FA000640D9D4219D0134B9C421BD00123A54276
:106FB00006D018003CBC90469946A246AB46F0BDB0
:106FC000BE42F6D1C845F4D1D34510D0002DF0D142
:106FD000304303005A1E9341EBE731000123014384
:106FE000E7D1E0E73A430123002AE2D1DEE70023BC
:106FF000DFE7C046FF070000F0B55F46444656464F
:107000004D46F0B41F033C0B2C4F0E034D00A3461E
:107010005C008446360B6D0DC90F9046640DDB0F86
:10702000BD422BD0254FBC422ED0002D0ED1304377
:107030000700814678427841002C17D15F463A43D9
:1070400014D14B460020002B0AD006E0002C02D1C0
:107050005846024301D099421AD0012348421843AE
:107060003CBC90469946A246AB46F0BD0028F2D003
:1070700058425841012240421043F1E7370007438C
:10708000D0D002204042EBE75F461743CDD0F8E76F
:10709000A542E2DC05DB5E45DFD808D000205E4576
:1070A000DED248424841012340421843D8E7C44554
:1070B000D3D80020C445F4D3D2E7C046FF07000070
:1070C000F0B55F464D4644465646F0B41C03240BCB
:1070D000A4462F4C0F034D005E00C90F80463F0BA6
:1070E0006D0D8B469146760DDB0FA54220D0284CC6
:1070F000A64222D0002D12D1384344424441002EF2
:1071000020D0002C0DD05C42634101245B421C4323
:1071100020003CBC90469946A246AB46F0BD002EEE
:1071200017D05B4519D05B465C4201231C43EFE757
:10713000390002240143EBD1D9E76146022411430F
:10714000E6D1D7E761460A43DBD100240028DFD02F
:10715000E9E761460A43E4D1E5E7B54203DD0122F0
:107160005C421443D4E7B542CDDB6745DBD809D098
:1071700000246745CCD259464C4261410124494222
:107180000C43C5E7C845CED80024C845F3D3BFE7B4
:10719000FF070000F0B55F4656464D464446F0B442
:1071A0000D0399464E002B0B87B007009246804690
:1071B0009B46760DCC0F002E69D06D4B9E4235D08C
:1071C0005B468022DD001204430F13432B439B4692
:1071D000C3009846674B00279C46002366440193F2
:1071E0004A4615035000D20F53462D0B400D9146D1
:1071F00000D176E05E4A90426CD080225B0F120490
:1072000013435C4AED0094461D4353460022DB00C5
:10721000604449463618701C6140029017430F2F96
:1072200000D9AFE05448BF00C759BF465B461F4373
:1072300000D088E000239B4698460233082701933C
:10724000CEE74946022A6AD0032A00D109E2012A80
:1072500000D0BBE111400022002300259046CCB2B3
:1072600000212D030A0D12052D0B1543434A1B0562
:1072700015401D436D00E4076D0825434046290075
:1072800007B03CBC90469946A246AB46F0BD0343CE
:1072900052D05B46002B00D18AE1584600F0F8FE40
:1072A00003000B3B1C2B00DD7BE11D22D31A3A00AF
:1072B00001005D46DA4008398D4013008F402B43B2
:1072C0009B46B8462E4B00279C460023604446420E
:1072D000019385E752462A432CD100250023022240
:1072E00097E752462A4321D0002D00D154E12800CF
:1072F00000F0CEFE03000B3B1C2B00DD46E11D2100
:10730000CB1A51460200D9405346083A9540934063
:107310000D431B4A944660444042002279E7012411
:1073200000220C40124B0025904699E700250023CF
:1073300001226EE703226CE700239B469846013347
:10734000042701934CE703230C27019348E700230C
:107350008025984600242D03054B81E75D46434672
:10736000019A6FE75D4643462100019A6AE7C046ED
:10737000FF07000001FCFFFFA83E0300FFFF0F8096
:10738000F30300004246120C91461A0C9446424602
:1073900017044A461B041B0C5A43604690464A4653
:1073A00042431000039262461C003F0C7A437C4328
:1073B00042440192220C9246019A5244904506D9C9
:1073C0008246802040028046C24450460390100C02
:1073D000049048462404240C1204121905922A0C25
:1073E0002D042D0C68432C00824648467C435043B4
:1073F0008146200C8046574357444744BA4503D939
:10740000802040028046C144380C3F04B8464844BE
:107410002404240C01900498A0444044049058464D
:10742000000C814658460404200C8246070048465A
:107430005F434C4643436046604364468346504640
:107440004443380C8446E4186444A34203D980239F
:107450005B029C46E34448463F04230C3F0C240453
:10746000E419574668436F4384464D46504655439A
:107470004243380C814662444A445B44944503D9F4
:10748000802040028446654403983F048346049864
:107490003F0C8446E344C345804140428246100489
:1074A00084460198674484466744A344BC46A34588
:1074B000A4419946D44464428742BF41D4458041A7
:1074C000E144A04699459B417F424042C84407435E
:1074D000120CBA18A045A4415F423B00644223430A
:1074E000D71843467D19DB0D6D021D435B465A02DA
:1074F000059B1A43531E9A415B46DB0D1A434346D4
:107500005B021343EA0107D501225C0813402343C1
:10751000EA07029E13436D08574AB218002A4BDD52
:10752000580709D00F201840042805D0181D98428C
:107530009B415B42ED180300E80104D54F4A15401A
:107540008022D200B2184E48824200DDE7E60124D4
:10755000DB08680718436D02530580462D0B5B0D51
:107560000C407DE6802259461203114208D0154294
:1075700006D115432D0398462D0B4C46414B6FE623
:107580005D4615432D032D0B3E4B69E60300554622
:10759000283B9D400023BCE6504600F079FD20309A
:1075A000A8E60300283B9F400023BB46984689E697
:1075B00000F06EFD203073E60124A61A382E07DD98
:1075C00000220C4000230025904649E6029EA3E7D6
:1075D0001F2E20DC20222C001800921BF04094402B
:1075E00093400443581E83411C43F540630709D070
:1075F0000F232340042B05D023001C1D9C429241E5
:107600005242AD182B021FD5012400220C40012349
:107610000025904624E61F202C004042821AD440C8
:10762000202E1CD04022961BB5402B43581E834170
:107630000720234318400025002809D00F220025E9
:107640001A401C00042AD8D1230068076D022D0BB4
:107650000124DB08034398460C40002300E6002584
:10766000E3E780220124120315432D0398462D0BD6
:107670000C40044BF4E5C046FF030000FFFFFFFE93
:10768000FE070000FF070000F0B557464E4645468E
:10769000E0B40E001100F20F9246C500420F18032D
:1076A00037037400400A4E0F7F0A3043CF4E174312
:1076B0005A00640D520DDB0FC900B24200D1E5E063
:1076C00001267340A61AB446534500D1AFE0002E00
:1076D00000DC0DE1002A3AD103000B4300D0E4E0C6
:1076E0006B0709D00F232B40042B05D02B1DAB4279
:1076F000AD416D427F191D003B0200D488E0BB4BB9
:1077000001349C4200D110E13A00B94B51461A4075
:1077100001235007ED08520264050543120B640D66
:107720000B400021280012030D0D120B64052D05DE
:1077300015436208AF4CDB072C4014436400640817
:107740001C4321001CBC90469946A246F0BDA74BA5
:107750009C42C5D080231B0418436346382B00DDB0
:10776000FDE01F2B00DD30E1624620239B1A020062
:107770009A40664690460A009940F24046464B1EA3
:1077800099413243114363460200DA40691A8D423F
:107790009B410D00BA1A5B42D71A3B0235D57A02DB
:1077A000530A98464346002B00D1C4E0404600F0FF
:1077B0006FFC0300083B1F2B00DDC5E020222900E1
:1077C000D21A4746D1409F400A009D403A439C420E
:1077D00000DDC0E01C1B631C1F2B00DDE4E020214A
:1077E00014002800C91AD8408C408D400443DA4068
:1077F000681E854117002543002471E74246634611
:107800001A4300D14CE2674645466B0700D069E752
:10781000012351467807ED08FA080B4005437349E8
:107820008C4238D012036405120B640D79E7002EE8
:1078300000DC9AE0002A47D06C4A944200D14FE71E
:107840008022120410436246382A00DC08E101431A
:10785000481E81410022C9B24919D219A942BF412B
:107860000D007F42BF183A0200D442E15F4A013462
:10787000944200D14EE101205D4A69083A40284017
:107880000843D507054357089A4629E706000E43E3
:1078900000D017E714E72900114300D1F9E1802156
:1078A00009030A431203120B3BE701235B4298468C
:1078B000C4446346002B72D1691A8D429B413F1A22
:1078C0005B42FF1A0D0068E702000A4300D107E798
:1078D000012252429046C4446246002A00D0E6E0AB
:1078E0006918A942B6413F187642F7190D00BAE768
:1078F000002E00D080E0621C5205520D012A00DCEF
:10790000F9E06A1A91464D45B6413A1A7642921B01
:107910009046120200D499E04D1BA9428941C71B31
:1079200049427A1A90469A463CE75246012300257E
:1079300013400022F5E6280000F0AAFB20300300E7
:10794000083B1F2B00DC39E72A002838824000253D
:107950009C4200DC3EE7264FE41A1740C0E6014394
:10796000481E81410022C9B210E7002E00D0F1E08C
:10797000621C94465205520D012A00DCA0E01B4A0D
:10798000944500D1C5E06918A94292413F1852427E
:10799000D2194908D5070D4357086446A0E6134B92
:1079A0009C4200D0D9E69BE611001F3CE1400C0050
:1079B000202B00D180E04021CB1A9A4015436A1E4B
:1079C00095410027254300241FE763460200203B22
:1079D000DA406346202B71D0402366469B1B9840BB
:1079E0000143481E814111430022CFE6FF070000FA
:1079F000FFFF7FFFFFFF0F80002C48D0CA4CA24240
:107A000000D1A2E07442A1468024240427434C46BE
:107A1000382C00DDDBE01F2C00DD44E14E46202445
:107A2000A41B3E00A640A246B0464C462E00E640AF
:107A3000B4464646644626435446A5406C1EA541BE
:107A400034002C434D46EF400D1B28E04A46434688
:107A50004D461A4300D0A5E6002300240025DEE6AB
:107A60001F2A5ADC66462022921B06009640914649
:107A7000B04662460E00D640424616434A46914002
:107A80004A1E9141020060463143C240E4E63C0098
:107A90002C435AD0F443A146002C52D14D1BA9428D
:107AA0008941C71B49427F1A14009A4675E69E4ACF
:107AB000944200D0C7E613E600227FE700208FE75C
:107AC000002C00D0C8E03B002B4300D10FE10300A5
:107AD0000B4300D104E66918A9429B413F185B4261
:107AE000DF193B0200D41AE1904B0D001F406446A1
:107AF000F6E59A4689E63A002A43002C5CD1002A32
:107B000075D102000A4300D1CAE007000D009A4671
:107B1000E6E564460022002581E662460600203A3A
:107B2000D6406246B046202A00D1B7E040226646E1
:107B3000921B904001434246481E8141114300225E
:107B40008AE6794CA24200D061E707000D001400DC
:107B50009A46C5E5002C41D13C002C4378D0F44333
:107B6000A146002C20D0704CA24271D04C46382C3B
:107B700000DDB2E01F2C00DDBCE02026341BA24655
:107B80003C005646B4404E46A0462C00F440A44665
:107B9000444666463443A4465446A54064466E1E99
:107BA000B54125434C46E7406D188D4289413F1849
:107BB0004942CF19140056E6002A2FD102000A4389
:107BC00000D184E007000D009A46574C88E53D43FC
:107BD0006F1EBD41ECB200270D1B60E7524CA24264
:107BE00036D0744280263604A1463743BEE70200F1
:107BF0000A4300D174E56A1A90464545B6413A1ADF
:107C00007642921B9446120200D4F7E54D1BA9421E
:107C10008941C71B49427F1A9A4661E502000A431F
:107C20003AD0ED087C072C438025FA082D032A4220
:107C300008D0C7082F4205D145072C003A009A46C4
:107C4000C9080C43670FD200E5001743364C47E5DF
:107C500007000D00140043E53A002A4343D0020018
:107C60000A4319D0ED087C072C438025FA082D0320
:107C70002A4207D0C6082E4204D147073C003200F2
:107C8000C9080C43D700620FE50017439A46264CFB
:107C900026E50022002544E5234C21E5002049E7A4
:107CA00000230025BBE54C463E00203CE6404C4608
:107CB000B446202C31D040244E46A61BB7403D434D
:107CC0006C1EA54164462C4300270D1BE7E680226D
:107CD00000231203144C0025A1E53D436F1EBD4156
:107CE0000027EDB260E707000D000F4CF8E4070035
:107CF0000D00F5E44E463C00203EF440A0464C46C4
:107D0000202C0ED040244E46A41BA7403D436F1E9E
:107D1000BD4144460027254346E70027CFE70D0035
:107D200073E50027F2E7C046FF070000FFFF7FFF73
:107D300070B50E4E0C031D0349005B00240B490D6A
:107D40002D0B5B0DB14204D0084900208B4208D0B6
:107D500070BD04430120002CFAD1044900208B425D
:107D6000F6D115432800451EA841F1E7FF070000A2
:107D70000B0330B5134D1A0B4B005B0DC90F0024DC
:107D8000AB4211DD104CA34210DC8024640322437B
:107D90000E4CE41A1F2C0CDD0D48C31ADA401300F8
:107DA0005C42002900D11C00200030BD094BCC18DA
:107DB000FAE7E040084CA44663449A4013000343AA
:107DC000EEE7C046FE0300001D040000330400007F
:107DD00013040000FFFFFF7FEDFBFFFF70B50028DD
:107DE00030D0C317C4185C40C50F200000F050F914
:107DF000174B184A1B1AD21A1F2A18DD164AD21A14
:107E00009440002224035B05240B5B0D002110002D
:107E100024030A0D1205240B1443104A1B051440B9
:107E20001C436400ED0764082C43210070BD210051
:107E300091400A000B21081AC4405B052403240B5F
:107E40005B0DE3E70025002300240022DEE7C046A7
:107E50001E0400003304000013040000FFFF0F8025
:107E600070B5051E28D000F013F9154B154A1B1AE2
:107E7000D21A1F2A16DD2C00134A0025D21A94406C
:107E80005A052403240B520D002124030B0D240B4F
:107E90001B0523430D4C1205234013435B002800B0
:107EA000590870BD0B212C00081AC44095402403CA
:107EB0005A05240B520DE7E700220024E4E7C046F0
:107EC0001E0400003304000013040000FFFF0F80B5
:107ED0004200120E511C4302C9B270B55D0AC40FB4
:107EE000012915DDE02189008C466D071B0B6244DA
:107EF000002128000D0D2D052B431C4D52052B4054
:107F0000520813435B00E4075B082343190070BD6C
:107F1000002A15D1002D1FD0280000F0B9F80A283A
:107F20001DDC0B232A001B1ADA4013000200153255
:107F300095400F4A1B03121A52051B0B520DD7E72F
:107F4000002D06D080221B0B120313436D07094A34
:107F5000CEE7084A0023CBE700220023C8E703004E
:107F60000B3B9D402B000025E3E7C046FFFF0F8041
:107F700089030000FF0700004B0070B55E0D0C0385
:107F8000751C640A420F6D052243C90FC4006D0DB4
:107F9000012D2ADD3B4BF318FE2B1ADC002B42DDB2
:107FA0008001451EA841D2001043620F02435007D2
:107FB00004D00F201040042800D004328020C004D8
:107FC000104021D00133FF2B03D09201520ADBB2C3
:107FD00001E0FF2300225202520ADB0513435B003B
:107FE000C9075B080B43180070BD002E07D014436F
:107FF000EFD08020D20080040243FF23D7E7224342
:108000000023002A03D00522D208FF2B03D05202FE
:10801000520ADBB2DFE7002A32D08020C0030243DD
:108020005202520AD7E71800173014DB80200004F0
:1080300002431E20C01A1F280FDC2500124BF31824
:108040009D406E1EB5419A402B0013432200C24052
:108050001A430023ABE70023D5E702256D42EB1A54
:108060001500DD40202809D0084BF3189A4014432E
:10807000621E9441220000232A4398E70022F6E77B
:108080000022A8E780FCFFFF82FCFFFFA2FCFFFFAD
:108090001C2101231B04984201D3000C10391B0A38
:1080A000984201D3000A08391B09984201D30009FC
:1080B000043902A2105C40187047C0460403020253
:1080C00001010101000000000000000010B50029BE
:1080D00003D1FFF7DDFF203002E0081CFFF7D8FFD7
:1080E00010BDC046F0B54746494A4B0080B4060073
:1080F0000F0088465B0893424BDC464A93420FDCF4
:10810000454A464BFEF7F6F8454B0022FDF7A8F826
:108110003B00002854D03000190004BC9046F0BD4C
:10812000404A93423CDC8022D205934248DD00F075
:10813000F9FA320004000D003B0030003900FFF76F
:1081400029F80022364BFEF7D5F803F01DFA02009D
:108150000B0020002900FEF7CDF802000B000020E4
:108160002F49FEF7F3FB220006000F002B00200032
:108170002900FEF7BFF802000B0030003900FEF7BF
:10818000B9F802F095FC43460600002B14DD0B0005
:10819000C1E70B000200FEF7ADF806000B00BAE7DE
:1081A00000F0C0FA02F084FC1F4B204AFEF7A2F850
:1081B00043460600002BEADC80231B06CB18AAE707
:1081C00032003B0030003900FEF7E4FF04000D00F0
:1081D0003000390000F0A6FA002206000F00104B14
:1081E00020002900FEF786F803F0CEF900220C4BA0
:1081F000FEF780F802000B0020002900FEF7A6FB26
:1082000032003B00FEF776F800F028FBBBE7C046E3
:10821000FFFFEF7FFFFF2F3E9C7500883CE4377E19
:108220000000F03F0000B041422EE63FEF39FAFE79
:10823000F8B556464D4644465F46A54BF0B44E0051
:10824000804689468A4676089E420CDDA14B9E42B6
:1082500000DDA0E000D19BE05346002B00DCE3E012
:108260009D4B9E4A9FE09E4B9E4200DDB1E09D4BA0
:108270009E4200DC9FE001235B429B4642464B4608
:1082800040464946FEF786FF02000B0006000F003D
:10829000FEF780FF04000D00934A944BFEF77AFF2F
:1082A000934A944BFEF726F822002B00FEF772FF4C
:1082B000914A924BFEF71EF822002B00FEF76AFF50
:1082C0008F4A904BFEF716F822002B00FEF762FF54
:1082D0008D4A8E4BFEF70EF822002B00FEF75AFF58
:1082E0008B4A8C4BFEF706F832003B00FEF752FF3C
:1082F000894A8A4B06000F0020002900FEF74AFF3A
:10830000874A884BFFF7C0F922002B00FEF742FF97
:10831000854A864BFFF7B8F922002B00FEF73AFF9B
:10832000834A844BFFF7B0F922002B00FEF732FF9F
:10833000814A824BFFF7A8F922002B00FEF72AFFA3
:108340000B0059460200013100D170E0594630005F
:10835000CC003900FDF7CEFF42464B46FEF71AFF30
:10836000774D784B2D191C1922686368FFF78CF93B
:1083700042464B46FFF788F902000B0028686968FF
:10838000FFF782F953460A00002B48DB03000AE09E
:10839000002800D160E742464B4640464946FDF77B
:1083A000A9FF03000A00180011003CBC9046994642
:1083B000A246AB46F8BD644A644BFDF79BFF002222
:1083C000634BFCF74DFF002800D154E743464A4673
:1083D000E9E700F0A7F95F4B04000D009E4237DC8F
:1083E0005D4B9E425DDC02000B00FDF783FF002227
:1083F000574BFFF749F9802306000F000022DB05E9
:1084000020002900FDF776FF0B0002003900300044
:10841000FEF79CFA0023804689469B462EE7802281
:10842000120603008A18BEE72B4B4C4ABBE730000C
:108430003900FDF75FFF42464B46FEF7ABFE0200F8
:108440000B0040464946FFF71FF903000A00AAE760
:10845000434B9E421ADC0022424BFFF715F90022E3
:1084600006000F003F4B20002900FEF793FE00227C
:10847000374BFDF73FFF0B00020039003000FEF7DD
:1084800065FA0223804689469B46F7E60B00020008
:1084900035490020FEF75AFA0323804689469B4659
:1084A000ECE600222A4BFFF7EFF8002206000F004F
:1084B000274B20002900FDF71DFF0B0002003900AB
:1084C0003000FEF743FA0123804689469B46D5E6F5
:1084D000FFFF0F440000F07F182D4454FB21F93FAB
:1084E000FFFFDB3FFFFF1F3E11DA22E33AAD903F73
:1084F000EB0D76244B7BA93F513DD0A0660DB13FDB
:108500006E204CC5CD45B73FFF8300922449C23F42
:108510000D5555555555D53F2F6C6A2C44B4A2BF07
:108520009AFDDE522DDEAD3F6D9A74AFF2B0B33FCF
:10853000711623FEC671BC3FC4EB98999999C93F47
:10854000B0300300903003009C7500883CE4377E17
:108550000000F03FFFFFF23FFFFFE53FFB21F9BFC7
:10856000FF7F03400000F83F0000F0BF444AF8B529
:10857000564692464B005B0D9A4444465F464D4634
:108580005246F0B4884605000C000E000700132A7E
:1085900027DC002A59DB52463A4B134199460B001F
:1085A0004A461340034316D0374A384BFDF7A2FE24
:1085B00000220023FCF754FE00280AD0002C04DD22
:1085C000802352465B031341984446464B4600279E
:1085D0009E43380031003CBC90469946A246AB46CB
:1085E000F8BD5246332A08DD8023DB009A45F2D1DC
:1085F00002000B00FDF77EFEEDE7254A94460122BE
:1086000063445242DA4093460242E4D01E4A1F4B72
:10861000FDF770FE00220023FCF722FE0028D8D0D0
:10862000002C0CDD5346142B26D034235246012750
:108630009B1A9F407F19AF429B415B4298445B4627
:1086400046469F4338003100C5E70F4A0F4BFDF700
:1086500051FE00220023FCF703FE0028B9D0002CB5
:1086600006DB2C4300270026002CB2D0094EB0E7D1
:10867000802600273606ACE7133B9C46E044DEE745
:1086800001FCFFFFFFFF0F009C7500883CE4377E74
:10869000EDFBFFFF0000F03F30B5204A4B0087B0F4
:1086A0005B0893421CDD1E4A934205DD02000B006D
:1086B000FEF7EAFF07B030BD02AA02F08FFC0323E9
:1086C0001840049A059B012818D002280DD00028D4
:1086D0001ED0029803990124009403F0B7FDE9E746
:1086E0000022002303F046F8E4E70298039903F020
:1086F00041F880231B069C466144DBE7009002980A
:10870000039903F0A3FD80231B069C466144D1E737
:108710000298039903F02EF8CCE7C046FB21E93F0D
:10872000FFFFEF7F49004B0819007047454AF8B535
:10873000564692464B005B0D9A444D465F46444672
:108740005246F0B4894605000C000E000700132ABB
:1087500022DC002A47DB52463B4B134198460B0074
:1087600042461340034311D0384A394BFDF7C2FD4E
:1087700000220023FCF774FD002805D0002C41DB0B
:108780004E46434600279E43380031003CBC90468D
:108790009946A246AB46F8BD5246332A08DD8023EF
:1087A000DB009A45F2D102000B00FDF7A3FDEDE7D7
:1087B000284A9446012263445242DA4093460242D8
:1087C000E4D0224A224BFDF795FD00220023FCF75E
:1087D00047FD0028D8D0002C1ADB5B464E469F434D
:1087E00038003100D2E7194A194BFDF783FD00220A
:1087F0000023FCF735FD0028C6D0002C16DB00272F
:108800000026C1E7802352465B0313419944B7E732
:108810005346142B12D03423524601279B1A9F40F3
:108820007F19AF429B415B429944D6E764006408DC
:1088300025430027002DA7D0074EA5E7133B9C46F4
:10884000E144CAE701FCFFFFFFFF0F009C750088B1
:108850003CE4377EEDFBFFFF0000F0BFF0B54F4674
:108860004646C0B4CA4A8BB004000D000B009142CA
:1088700012DCC84A4E00760896421BDD0022C64B29
:10888000FCF7D4FC002800D181E000220023002066
:10889000C249FEF75BF808E0C14A914236DD22008A
:1088A0002B0020002900FDF725FD0BB00CBC9046E5
:1088B0009946F0BDBB4A964274DDBB4A9446634478
:1088C000934200D98FE00022B84B20002900FDF729
:1088D00011FDB74A0B15914699444B4680460F004F
:1088E0000E00002B00DCD7E122002B00FEF7CCFEAF
:1088F00002000B000020AD49FEF7C6FE42463B00D9
:10890000FEF724F84446029003910BE0A94A9342F3
:10891000D9DDA74A1E0091461B1599440022002369
:108920000292039333031B0B9846A34B984500DD3B
:10893000EDE042469D4B20001A43110000229B4B64
:10894000FEF7A2FE04000D0000229C4B06000F0063
:10895000FEF720FC22002B00FEF71CFC0B0002009F
:1089600004920593009201934346002B49D10022C3
:10897000002320002900FCF759FC002800D1D5E095
:108980004B46002B00D06BE1002000218DE7220038
:108990002B0020002900FEF777FE02000B00FDF7F8
:1089A000D5FF82E70022864BFDF7A4FC00220023BE
:1089B000FCF756FC002805D0824B200029009E427F
:1089C00000DC72E722002B0020002900FEF7E2FB0A
:1089D00000227A4BFEF7DEFB02000B00200029008C
:1089E000FEF752FE61E70022744BFEF7D3FB2B002B
:1089F0002200FEF7CFFB002326002F0099460090AF
:108A0000019180230022DB0530003900FDF772FC64
:108A100002000B0030003900FDF798FF02000B0048
:108A200004900591FEF7B6FB04000D00664A674B03
:108A3000FEF7B0FB664A674BFDF75CFC22002B009B
:108A4000FEF7A8FB644A654BFDF754FC22002B009F
:108A5000FEF7A0FB624A634BFDF74CFC22002B00A3
:108A6000FEF798FB604A614BFDF744FC22002B00A7
:108A7000FEF790FB5E4A5F4BFDF73CFC22002B00AB
:108A8000FEF788FB5C4A5D4BFDF734FC2B002200AF
:108A9000FEF780FB4B4604000D00002B62D04846D9
:108AA000FFF79CF9564A574B06900791FEF772FB69
:108AB000009A019B0890099120002900FDF71AFCFB
:108AC000049A059BFEF766FB4F4A04000D000698CA
:108AD00007994E4BFEF75EFB029A039BFDF70AFCDB
:108AE00002000B0020002900FDF704FC02000B002F
:108AF00000980199FEF7C8FD32003B00FEF7C4FD67
:108B000002000B0008980999FEF7BEFDCDE601238F
:108B100042469C46294BE1441A43802311004246B9
:108B20005B039B1A9B102000984607E7384A334B9B
:108B300020002900FEF72EFB02000B0000201B493D
:108B4000FEF7A2FD049A059BFEF724FB4B460600A8
:108B50000F00002B5ED102000B0020002900FEF761
:108B600093FDA2E6009A019BFDF7C4FB049A059BC6
:108B7000FEF710FB02000B0000980199FEF784FD40
:108B800002000B0030003900FEF77EFD8DE6C04686
:108B90007982DA3FFFFFEF3F0000F0BF000050C3D3
:108BA000FFFFEF7FFFFF1F3E3C412D400000F03FE5
:108BB00001FCFFFFFFFF3F439DA006000000E03FD8
:108BC00000005043FFFF8F3C44523EDF12F1C23F92
:108BD0009FC678D0099AC33FDE03CB966446C73F51
:108BE000AF788E1DC571CC3F599322942449D23F52
:108BF00004FA97999999D93F935555555555E53F9D
:108C00000000E0FE422EE63F763C7935EF39EA3D42
:108C1000555555554846FFF7E1F8254A254B009034
:108C20000191FEF7B7FA244A049005910098019942
:108C3000224BFEF7AFFA029A039BFDF75BFB0200A3
:108C40000B0030003900FEF71FFD22002B00FEF75D
:108C50001BFD02000B0004980599FEF715FD24E6A4
:108C60004846FFF7BBF8144A144B04000D00FEF70A
:108C700091FA029A039BFDF73DFB0D4A06000F0097
:108C80000C4B20002900FEF785FA02000B00300093
:108C90003900FDF72FFB08E60022094BFEF7F4FC34
:108CA00002000B0020002900FEF7EEFC26E6C0467D
:108CB0000000E0FE422EE63F763C7935EF39EA3D92
:108CC0000000F03F10B500F01DFC024A024BFDF71A
:108CD0003DFE10BDEF39FAFE422EE63F30B5214A87
:108CE0004B0087B05B0893421EDD1F4A934205DDAF
:108CF00002000B00FEF7C8FC07B030BD02AA02F06C
:108D00006DF903231840049A059B01281ED0022800
:108D100011D000281FD00298039902F02BFD802368
:108D20001B069C466144E7E70023002200930023D2
:108D300003F08CFAE0E7012402980399009403F011
:108D400085FA80231B069C466144D5E70298039967
:108D500002F010FDD0E7012402980399009403F07B
:108D600075FAC9E7FB21E93FFFFFEF7F30B5134AF2
:108D70004B0087B05B08934218DD114A934205DD32
:108D800002000B00FEF780FC07B030BD02AA02F023
:108D900025F9049A059B0221400008400139081A70
:108DA00000900298039903F001FBEDE701230022F4
:108DB0000093002303F0FAFAE6E7C046FB21E93FFF
:108DC000FFFFEF7F384AF8B54B0005000C000E009E
:108DD0005B0893420EDD02000B0000203349002C9B
:108DE00036DBFDF7B3FD314B0022FDF783FA0300BC
:108DF0001800F8BD2E4A934209DD00202B490300DC
:108E0000002EF5DA8022120694466144F0E7294AE2
:108E1000934225DD284A93422CDDFFF783FC0200B4
:108E20000B00FDF767FA03F087FC80230022DB05C7
:108E3000FDF760FA0B0080210200C9050020FDF754
:108E400085FD02000B0000201849FEF71DFCD6E747
:108E5000FDF77CFD154B0022FEF716FC0300C7E76B
:108E60000022124BFDF746FA23002A00FEF792F982
:108E70000300BDE7FFF756FCC02300221B06FEF7E8
:108E800089F903F059FC80231B06CF1880230022A8
:108E9000DB050400FDF72EFA02000B00200039006C
:108EA000FDF754FDABE7C046FFFFEF7F0000F03F4A
:108EB000FFFF3540FFFF7F3CFFFFEF3F4B00134AB2
:108EC0005B0D9A1870B5132A0ADCCB0FDB07002A5A
:108ED00019DB0F480024104181432000194370BD65
:108EE000332A08DD8023DB009A42F8D102000B0010
:108EF000FDF700FAF3E7074A944601226344524221
:108F0000DA409043EBE700201900E8E701FCFFFF9F
:108F1000FFFF0F00EDFBFFFFF0B546464F46C0B424
:108F20008DB004000D0000F0D5FC284B06009846DB
:108F30001B780F005BB2013332D022002B002000DF
:108F40002900FEF7F5FE8146002829D120002900DE
:108F5000FFF7E8FB00221E4BFCF782F900281FD028
:108F6000012302931B4B1C4803934B460694079521
:108F70000A930494059503F023FE43461B7808905A
:108F800009915BB2022B12D002A803F017FE002851
:108F90000DD00A9B0193002B11D10898099901E08B
:108FA000300039000DB00CBC90469946F0BD03F07E
:108FB0008BFE212303600A9B0193002BEDD003F06D
:108FC00083FE0A9B01930360E7E7C0460722002067
:108FD0000000F03FE83E0300183F0300F0B54646AE
:108FE0004F46C0B48DB004000D0000F069FE264B62
:108FF00006001B780F005BB29846013310D02200A8
:109000002B0020002900FEF793FE8146002807D19F
:1090100000221E4B20002900FCF70EF9002806D183
:10902000300039000DB00CBC90469946F0BD0123CC
:109030000293174B002203934B460A930023100020
:1090400019000694079504940595FDF77FFC4346A7
:1090500008900991022B0BD002A803F0AFFD002865
:1090600006D00A9B0193002B07D108980999D9E7EC
:1090700003F02AFE21230360F3E703F025FE0A9B99
:1090800001930360F1E7C046072200200000F03F93
:10909000F03E0300F0B546464F46C0B48DB0040024
:1090A0000D0000F095FE284B060098461B780F0037
:1090B0005BB2013332D022002B0020002900FEF7E2
:1090C00037FE8146002829D120002900FFF72AFB1E
:1090D00000221E4BFCF7C4F800281FD00123029386
:1090E0001B4B1C4803934B46069407950A93049424
:1090F000059503F065FD43461B78089009915BB226
:10910000022B12D002A803F059FD00280DD00A9BB3
:109110000193002B11D10898099901E03000390022
:109120000DB00CBC90469946F0BD03F0CDFD212357
:1091300003600A9B0193002BEDD003F0C5FD0A9B51
:1091400001930360E7E7C046072200200000F03FDC
:10915000F83E0300183F030010B501F01FF810BDE2
:10916000F0B546464F46C0B48DB004000D0001F086
:10917000D1F8344B0090019198461B785BB20133D3
:1091800043D022002B0020002900FEF7D1FD8146AC
:1091900000283AD120002900FFF7C4FA00222A4B08
:1091A00006000F00FCF766F800282ED030000022E1
:1091B000254B3900FCF754F802AE002834D00123C7
:1091C0000293224B002273604B463362002310004F
:1091D000190034617561B460F560FDF7B7FB434673
:1091E0001B78B061F1615BB2022B11D0300003F04B
:1091F000E5FC00280CD0336A002B10D1B069F1696E
:109200000DB00CBC90469946F0BD00980199F7E767
:1092100003F05AFD21230360336A002BEED003F0E4
:1092200053FD336A0360E9E702230293074B306280
:10923000736034617561B460F56000220023200022
:109240002900CAE7072200200000F03F003F03008A
:10925000F0B546464F46C0B48DB004000D0001F095
:10926000E1F82B4B060098461B780F005BB20133E8
:1092700032D022002B0020002900FEF759FD814644
:10928000002829D120002900FFF74CFA214A224B5F
:10929000FBF7E6FF00281FD0032302931F4B069421
:1092A000079503934B460A9343461B780494059510
:1092B0005BB2002B17D1E022194B120608920993DA
:1092C00002A803F07BFC002813D00A9B0193002B1B
:1092D00017D10898099901E0300039000DB00CBC95
:1092E00090469946F0BD00200E4908900991022B46
:1092F000E6D103F0E9FC222303600A9B0193002BD3
:10930000E7D003F0E1FC0A9B01930360E1E7C0466C
:10931000072200207DF8B98FCE338640083F030036
:10932000FFFFEF470000F07FF0B546464F46C0B460
:109330008BB004000D0001F01FF9344B0600984675
:109340001B780F005BB2013338D02000290003F0F6
:109350002BFC002832D02E4A2E4B20002900FBF790
:109360007FFF8146002830D12B4A2C4B200029005A
:10937000FBF762FF002821D004230093284B002232
:1093800001934B46089300230692079343461B78AC
:109390006E465BB20494059502940395022B30D07F
:1093A000300003F00BFC00282BD0336A002B03D0D5
:1093B00003F08AFC336A0360F769B669300039004C
:1093C0000BB00CBC90469946F0BD03230093144BA0
:1093D0006E4601930023089343461B780494059539
:1093E0005BB202940395002B05D1E0220D4B1206CF
:1093F00006920793D4E700200B4906900791022BB1
:10940000CED103F061FC22230360CEE707220020C7
:10941000EF39FAFE422E864051302DD5104987C0D3
:10942000103F0300FFFFEF470000F07FF0B5464616
:109430004F46C0B48DB01D0006000F00140001F0AF
:109440000DFA2E4B009001911B785BB298460133C8
:1094500033D022002B0020002900FEF769FC0028F1
:109460002BD132003B0030003900FEF761FC814611
:10947000002822D10022002320002900FBF7D6FE7D
:1094800000281AD0012302931D4B049605970393DD
:109490004B460A93434606940795002B14D1089631
:1094A000099702A803F08AFB002818D00A9B0093B2
:1094B000002B1CD10898099901E0009801990DB082
:1094C0000CBC90469946F0BD002300221900100004
:1094D000FDF73CFA434608900991022BE1D103F0D5
:1094E000F3FB212303600A9B0093002BE2D003F0DF
:1094F000EBFB0A9B00930360DCE7C04607220020D9
:10950000143F0300F0B5474680B48CB004000D0052
:1095100001F0CEFA3A4B06001B780F005BB298467A
:1095200001330FD022002B0020002900FEF700FCA1
:10953000002807D10022002320002900FBF790FE1D
:10954000002805D0300039000CB004BC9046F0BDB6
:109550002C4B0A9003934346049405950694079573
:10956000002B1AD1E022284B120608920993200002
:10957000002200232900FBF759FE002838D00223DF
:10958000029302A803F01AFB002817D00A9B01934C
:10959000002B18D1089E099FD4E700221B4B200006
:1095A00008920993290000220023FBF73FFE0028C0
:1095B0000FD0022302934346022BE2D103F084FB37
:1095C00022230360E2E703F07FFB0A9B0193036021
:1095D000E0E7012302934346022B0BD103F074FB17
:1095E000212303600A4803F0EBFA08900991CDE7C4
:1095F0000123029302A803F0E1FA0028F2D1EDE77B
:10960000072200201C3F0300FFFFEFC70000F0FF10
:10961000183F0300F0B546464F46C0B48DB0040075
:109620000D0001F047FC3C4B06001B780F005BB2BD
:109630009846013310D022002B0020002900FEF7AD
:1096400077FB8146002807D1002200232000290053
:10965000FBF7FCFD002806D1300039000DB00CBC32
:1096600090469946F0BD2D4B0494059503934B46C7
:109670000A93434606940795002B1AD1E022284B03
:109680001206089209932000002200232900FBF70C
:10969000CDFD002838D00223029302A803F08EFAF1
:1096A000002817D00A9B0193002B18D1089809991C
:1096B000D4E700221B4B20000892099329000022C6
:1096C0000023FBF7B3FD00280FD00223029343468B
:1096D000022BE2D103F0F8FA22230360E2E703F061
:1096E000F3FA0A9B01930360E0E7012302934346E8
:1096F000022B0BD103F0E8FA212303600A4803F0A0
:109700005FFA08900991CDE70123029302A803F0C4
:1097100055FA0028F2D1EDE707220020203F030090
:10972000FFFFEFC70000F0FF183F0300F0B546460B
:109730004F46C0B48DB006000F0001F055FE2F4B10
:10974000040098461B780D005BB2013307D003F08C
:109750002BFA81464B4620002900002B04D00DB087
:109760000CBC90469946F0BD3900300003F01CFA5D
:10977000290003002000002BF1D003230293204B8B
:10978000002403934B460A9343461C5706960797BB
:10979000049605970022002330003900002C14D1D4
:1097A000FBF75EFDE0221206002823D0154B08923D
:1097B000099302A803F002FA002810D00A9B019333
:1097C000002B11D108980999C9E7FBF749FD002240
:1097D000002811D00C4B08920993022CE9D103F018
:1097E00073FA22230360E9E703F06EFA0A9B019300
:1097F0000360E7E7054BDAE7054BECE707220020BB
:10980000283F0300FFFFEF470000F07FFFFFEFC797
:109810000000F0FFF0B546464F46C0B48DB00400DE
:109820000D0001F0B1FE294B009001911B785BB255
:109830009846013312D022002B0020002900FEF7A9
:1098400077FA8146002809D10026002732003B0024
:1098500020002900FBF7F0FC002806D100980199B0
:109860000DB00CBC90469946F0BD01230293184BF5
:109870000694079503934B460A9343460494059533
:10988000002B15D03B00320030003900FDF75EF8A8
:10989000434608900991022B0CD103F015FA2123BD
:1098A00003600A9B0093002B0AD108980999D7E717
:1098B0000896099702A803F081F90028F1D1ECE796
:1098C00003F002FA0A9B00930360EEE707220020F0
:1098D000303F0300F0B5DB4A4B0085B007000E00B7
:1098E0005B0893420CDDD84A94466344034300D09E
:1098F000ACE0002900DC25E10020002105B0F0BD2E
:10990000D24A934200DC9BE0002900DA1DE102000C
:109910000B000020CE49FDF7B7FE0022CD4BFDF72E
:1099200039FC04000D0001F02FFECB4A0F0000901F
:109930000191CA4B20002900FDF72CFCC84AC94BF5
:10994000FCF7D8FC22002B00FDF724FCC64AC74BCD
:10995000FDF79AFE22002B00FDF71CFCC44AC54B04
:10996000FCF7C8FC22002B00FDF714FCC24AC34BD5
:10997000FDF78AFE22002B00FDF70CFCC04AC14B0C
:10998000FCF7B8FC22002B00FDF704FCBE4A029055
:109990000391BE4B20002900FDF7FCFBBC4ABD4BE8
:1099A000FDF772FE22002B00FDF7F4FBBA4ABB4B19
:1099B000FCF7A0FC22002B00FDF7ECFBB84AB94BEA
:1099C000FDF762FE22002B00FDF7E4FB0022A04B16
:1099D000FCF790FC02000B0002980399FCF7B6FF1D
:1099E000009A019BFDF7D6FB0026029003913200FE
:1099F0003B0030003900FDF7CDFB02000B002000DA
:109A00002900FDF741FE320004000D000098019985
:109A10003B00FCF76FFC02000B0020002900FCF764
:109A200095FF02000B0002980399FCF763FC3200DB
:109A30003B00FCF75FFC02000B00FCF75BFC5DE702
:109A4000994A93420BDC9948994957E702000B0069
:109A5000FDF71AFE02000B00FCF778FF4EE702004C
:109A60000B00FDF797FB04000D007B4A7B4BFDF7D5
:109A700091FB7B4A7B4BFCF73DFC22002B00FDF762
:109A800089FB794A794BFDF7FFFD22002B00FDF79A
:109A900081FB774A774BFCF72DFC22002B00FDF76A
:109AA00079FB754A754BFDF7EFFD22002B00FDF7A2
:109AB00071FB734A734BFCF71DFC22002B00FDF772
:109AC00069FB714A00900191704B20002900FDF75D
:109AD00061FB6F4A6F4BFDF7D7FD22002B00FDF7AE
:109AE00059FB6D4A6D4BFCF705FC22002B00FDF77E
:109AF00051FB6B4A6B4BFDF7C7FD22002B00FDF7B6
:109B000049FB0022524BFCF7F5FB02000B000098CA
:109B10000199FCF71BFF3A003300FDF73BFB020005
:109B20000B0064486449FDF7AFFD02000B003800EC
:109B30003100FDF7A9FD02000B005C485C49FDF710
:109B4000A3FDDBE659485D49D8E60022404BFCF70F
:109B5000D1FB00223F4BFDF71DFB04000D003E4AE8
:109B60003E4BFDF717FB3E4A3E4BFCF7C3FB220082
:109B70002B00FDF70FFB3C4A3C4BFDF785FD220017
:109B80002B00FDF707FB3A4A3A4BFCF7B3FB2200E8
:109B90002B00FDF7FFFA384A384BFDF775FD220020
:109BA0002B00FDF7F7FA364A364BFCF7A3FB2200F1
:109BB0002B00FDF7EFFA009001912000290001F041
:109BC000E3FC314A06000F00304B20002900FDF76E
:109BD000E1FA2F4A2F4BFDF757FD22002B00FDF72E
:109BE000D9FA2D4A2D4BFCF785FB22002B00FDF7FF
:109BF000D1FA2B4A2B4BFDF747FD22002B00FDF736
:109C0000C9FA0022124BFCF775FB02000B0000980A
:109C10000199FCF79BFE32003B00FDF7BBFA254A99
:109C2000254BFDF731FD32003B00FCF763FB0200E2
:109C30000B00FCF75FFB02000B001C481F49FDF7FF
:109C400023FD5BE6FFFFEF3F000010C0FFFFDF3F9B
:109C50000000F03F0000E03F09F7FD0DE13D023F4D
:109C600088B20175E0EF493F3B8F68B52882A43F79
:109C70005544880E55C1C93F7D6FEB0312D6D43FC2
:109C8000555555555555C53F82922EB1C5B8B33F70
:109C900059018D1B6C06E63FC88A599CE52A004095
:109CA0004B2D8A1C273A03400000603C182D445479
:109CB000FB21F93F075C143326A6913CFB210940A8
:109CC000F0B53C4A83B005000C00914236DD3A4ABB
:109CD000914208DD394A91423CDD02000B00FCF75D
:109CE00009FB03B0F0BD364A8A1802432FD0802208
:109CF000D205914235DC0022324BFDF7C5FC020053
:109D00000B0004000D00FCF7F5FA220006000F001E
:109D10002B0020002900FDF73DFA02000B00300067
:109D20003900FCF7E7FA01F02FFC02000B002000DD
:109D30002900FCF7DFFAFEF791FDD2E702000B00E5
:109D4000FDF7A2FC02000B00FCF700FEC9E70020B3
:109D50000021C6E700F0ACFE1B4A1C4BFCF7CAFA18
:109D6000BFE702000B00FDF715FA0022154BFDF7C7
:109D70008BFC01F009FC2A0006000F0023002800DC
:109D80002100FCF7B7FA3200009001913B00280057
:109D90002100FCF7AFFA02000B0000200949FCF794
:109DA000D5FD02000B0000980199FDF76DFC00F055
:109DB0007FFE96E7FFFFEF3FFFFFAF41FFFFEF7F23
:109DC000000010C00000F03FEF39FAFE422EE63FDF
:109DD000F0B557464E464B005B089A46C0B4CD4B93
:109DE00087B006000F0089469A4512DDCA4B5344DE
:109DF000034322D002000B00FDF746FC0B000200DB
:109E0000FCF7A4FD0300180007B00CBC91469A466D
:109E1000F0BDC24B9A4524DCC14B9A4500DD0CE1F4
:109E2000C04AC14BFCF766FA0022C04BFBF718FA98
:109E3000002816D033003900E5E7BD4ABD4BFDF7D9
:109E4000A9F9BD4A04000D00BC4B30003900FDF7F4
:109E5000A1F90B00020029002000FCF74BFA0300D7
:109E6000D1E730003900FEF75DFC02000B00002056
:109E7000AE49FDF709FC0022B14BFDF78BF9040058
:109E80000D00B04AB04BFDF785F9B04AB04BFCF776
:109E900031FA22002B00FDF77DF9AE4AAE4BFDF7FB
:109EA000F3FB22002B00FDF775F9AC4AAC4BFCF735
:109EB00021FA22002B00FDF76DF9AA4AAA4BFDF703
:109EC000E3FB22002B00FDF765F9A84AA84BFCF73D
:109ED00011FA22002B00FDF75DF9A64A02900391CA
:109EE000A54B20002900FDF755F9A44AA44BFDF726
:109EF000CBFB22002B00FDF74DF9A24AA24BFCF749
:109F0000F9F922002B00FDF745F9A04AA04BFDF717
:109F1000BBFB22002B00FDF73DF9844B0022FCF730
:109F2000E9F9049005912000290001F02DFB994BDF
:109F300006000F009A4563DC0B000298039900228B
:109F400000920193049A059BFCF700FD32000290F9
:109F500003913B0030003900FCF7CCF902000B0004
:109F600002980399FDF716F9029003910098019960
:109F700002000B00FDF70EF902000B002000290083
:109F8000FDF782FB009A019B04000D0030003900B0
:109F9000FCF7B0F902000B0020002900FCF7D6FC0A
:109FA00002000B00FCF7A6F902000B0062486349AF
:109FB000FDF76AFB02000B0002980399FDF764FBB2
:109FC00004000D000098019902000B00FCF792F9C3
:109FD00002000B0056487049FDF756FB02000B00CB
:109FE00020002900FDF750FB02000B0050486A4991
:109FF000FDF74AFB4B46002B00DC84E0030002E740
:10A00000049A059B02980399FCF7A0FC32003B00E0
:10A01000FDF7C0F832003B00FCF76CF902000B00C2
:10A02000FCF768F9444A454BFDF72EFB02000B0094
:10A030003F484049FDF728FBDCE702000B00FDF735
:10A04000A9F804000D003F4A3F4BFDF7A3F83F4A33
:10A050003F4BFCF74FF922002B00FDF79BF83D4AE0
:10A060003D4BFDF711FB22002B00FDF793F83B4A17
:10A070003B4BFCF73FF922002B00FDF78BF8394AE8
:10A08000394BFDF701FB22002B00FDF783F8374A1F
:10A09000374BFCF72FF922002B00FDF77BF8354AF0
:10A0A00000900191344B20002900FDF773F8334AEA
:10A0B000334BFDF7E9FA22002B00FDF76BF8314A2C
:10A0C000314BFCF717F922002B00FDF763F82F4AFC
:10A0D0002F4BFDF7D9FA22002B00FDF75BF8002289
:10A0E000124BFCF707F902000B0000980199FCF7EE
:10A0F0002DFC32003B00FDF74DF83B003200FCF731
:10A10000F9F803007FE680221206944603006144BA
:10A1100079E6C046FFFFEF3F000010C0FFFFDF3FC2
:10A12000FFFF3F3E9C7500883CE4377E0000F03F17
:10A13000182D4454FB21F93F075C143326A6913CAB
:10A140000000E03F09F7FD0DE13D023F88B20175D7
:10A15000E0EF493F3B8F68B52882A43F5544880E05
:10A1600055C1C93F7D6FEB0312D6D43F55555555A8
:10A170005555C53F82922EB1C5B8B33F59018D1BCD
:10A180006C06E63FC88A599CE52A00404B2D8A1C84
:10A19000273A03403233EF3FFB21E93FF8B5150082
:10A1A0004F4646465A001C006B42C0B42B434B4FEF
:10A1B0005208DB0F88461343BB423AD84B005B087A
:10A1C00099464E4643420343DB0F3343BB4230D8EC
:10A1D000434BE3182B4343D00226A3171E40CB0F5B
:10A1E0001E434B4603432ED013002B4332D0BA42BA
:10A1F00041D0B9452ED04B469A1A12153C2A32DC72
:10A20000002C55DB2A002300FCF7A0FBFEF78AFA9E
:10A21000FEF70EF8012E46D0022E39D0002E0ED0B9
:10A22000304A314BFDF730FA304A314BFDF72CFA0A
:10A2300005E002000B0028002100FCF75BF80CBCD5
:10A2400090469946F8BD022E10D0032EF7D127482C
:10A250002849F4E743462548002B0ADB2649EEE768
:10A26000FDF7E6FFEBE721482349D3E71F482049E4
:10A27000E5E72249E3E791451FD0022EF6D0032EF1
:10A28000E5D000200021012ED9D180210906D6E792
:10A29000144A154BFDF7F8F902000B001348144956
:10A2A000FDF7F2F9CBE7802424060B191900C6E765
:10A2B0003C32A7DA00200021ACE7022E06D0032EA4
:10A2C00009D00A48012E04D00D49B8E70D480E49BF
:10A2D000B5E70E49B3E70B480D49B0E70000F07F42
:10A2E000000010C0075C143326A6A13C182D44546E
:10A2F000FB210940FB2109C0FB21F93FFB21F9BFEC
:10A30000FB21E93FD221337F7CD90240FB21E9BF09
:10A310007CD902C0F0B5474680B443424E000343A7
:10A320003A4A7608DB0F82B004000D000700884629
:10A330003343934214D8964242D0354B9E4219DCA7
:10A34000344A354BFBF7D6FF00220023FAF788FF8B
:10A35000290000283AD0380002B004BC9046F0BD75
:10A3600002000B00FDF790F902000B00FCF7EEFA7B
:10A370000700F0E7294B35009E4228DD330002003C
:10A380003100FBF7B7FF220006000F002B00002072
:10A390001E49FDF779F902000B0030003900FCF787
:10A3A000D5FAFEF75BFA1E4B0022FCF7F3FE43469C
:10A3B0000700002BCFDA80231B069C466144CAE7C6
:10A3C00000220023FCF7C2FA0700C4E73500220090
:10A3D0002B0020002900FBF78DFF22002B00060038
:10A3E0000F00FCF7D7FE2200009001912B00002007
:10A3F0000649FDF749F902000B0000980199FCF7A6
:10A40000A5FA32003B00FBF775FFCAE70000F03FFA
:10A41000FFFF2F3E9C7500883CE4377EFFFFDF3F47
:10A420000000E03FF0B54B005E08474B83B09E4212
:10A4300018DC464B9E421FDD454B9E425EDD454B80
:10A440009E4200DC75E0444B9E4242DD434B9E42FF
:10A450003CD0434A434B10001900FCF79BFE04001C
:10A460000D0005E002000B00FCF794FE04000D0057
:10A470002000290003B0F0BDFEF754F902F05CF9AA
:10A48000394B002200900191FBF734FF374B040059
:10A490000D009E42ECDD009A019B10001900FCF7B4
:10A4A00079FE22002B0006000F0020002900FBF798
:10A4B00021FF02000B0030003900FCF747FA0022B0
:10A4C000294BFBF717FF04000D00D1E7284B9842FA
:10A4D000BFD8FEF727F90022264BFCF75BFE00F001
:10A4E0004BF804000D000022224BFCF753FE220023
:10A4F0002B00FCF74FFE04000D00B9E7FEF712F940
:10A5000000F03AF800221B4B04000D00FCF742FE5D
:10A5100022002B0006000F0000201649FCF716FA57
:10A5200002000B0030003900FBF7E4FE04000D00D0
:10A530009EE7FEF7F7F800F01FF800220D4BFCF73E
:10A5400029FE04000D0093E7FFFFEF7F422ED63F68
:10A55000FFFF3540412E8640CD338640CE338640C6
:10A560009C7500883CE4377E0000F03FFFFF7F3C95
:10A570007DF8B98F0000E03FF0B5574680B44B003E
:10A580000E00CC0F954984B007005B088B420ED9B2
:10A5900093498B4200D884E03203120B024300D06F
:10A5A000F7E03100002C78D00020002175E08D4AC2
:10A5B000934200D9B6E08C4A934200D8CAE0002307
:10A5C0009A463A00330038003100FCF7E3FD0400FE
:10A5D0000D00864A864BFCF7DDFD864A864BFDF76B
:10A5E00053F822002B00FCF7D5FD844A844BFBF77F
:10A5F00081FE22002B00FCF7CDFD824A824BFDF745
:10A6000043F822002B00FCF7C5FD804A804BFBF786
:10A6100071FE22002B00FCF7BDFD02000B0038008C
:10A620003100FDF731F8534604000D000200002B05
:10A6300000D1B4E00B0038003100FCF7ABFD0F0097
:10A640008021060022002B000020C905FDF71CF820
:10A6500002000B0030003900FCF778F902000B0013
:10A6600002980399FDF710F8009A019BFDF70CF88A
:10A670000B00020067490020FDF706F8664B9A457B
:10A6800000DB7AE0FA24A40054442405631819007E
:10A69000B82300225B04FCF77DFD04B004BC9246A5
:10A6A000F0BD5E4A5E4B3100FAF7DAFD002869D151
:10A6B0005C4A5D4B38003100FAF7BEFD002800D03F
:10A6C00072E75A4BE4001C19594A5A4B38003100C2
:10A6D000FCF760FD22686368FBF70CFEFDF748FBA2
:10A6E0008246FDF77BFB544A544B04000D00FCF7F7
:10A6F00051FD02000B0038003100FCF7C5FF504A45
:10A70000009001914F4B20002900FCF743FD02907F
:10A710000391029A039B00980199FCF7B5FF07008B
:10A720000E004EE7484A9342CBD8484BE5005B19F0
:10A730001A685B683100FCF7A7FF454B0090019158
:10A740005D192A686B680292039301231B1B1B1B74
:10A750009A46DEE73F4A404B3100FBF7CBFD002233
:10A760002C4BFAF77DFD002800D128E70022294B69
:10A7700038003100FBF7BEFD8FE75446240563180F
:10A7800019008AE7334A344B10001900FCF702FD28
:10A7900083E7020033003100FBF7ACFD7DE70B00DF
:10A7A00038003100FCF7F6FC802300900191002274
:10A7B000DB0520002900FCF767FF02000B00009872
:10A7C0000199FCF7C3F83A003300FCF75DFF020083
:10A7D0000B0000200F49FCF757FF5EE7412E864033
:10A7E000FFFFEF7F422ED63FFFFF2F3ED0A4BE7269
:10A7F0006937663EF16BD2C541BDBB3E2CDE25AF4D
:10A800006A56113F93BDBE166CC1663F3E55555505
:10A810005555C53F0000F03F03FCFFFFEF39FAFE3E
:10A82000422E864051302DD5104987C0D0300300CC
:10A83000FE822B654715F73F0000E0FE422EE63F03
:10A84000763C7935EF39EA3DB1A2F03FF0300300B4
:10A85000E03003009C7500883CE4377EF8B556462E
:10A8600044465F464D4698465B005B08F0B41E00C8
:10A870008246040015001700164326D0CE0FF607B7
:10A88000B3464E40B146804EB1451EDC564216439B
:10A89000F60F1E43B4467D4EB44516D8994504DCE8
:10A8A00084461ADB904218D35FD0794989451BDC76
:10A8B0004946002900D0AAE056467649002E18DD08
:10A8C00001397600002EFBDC13E04346FCF762FC06
:10A8D00002000B00FCF73AF8844660463CBC904608
:10A8E0009946A246AB46F8BD6B4E4946B44609159B
:10A8F0006144674EB3420ADC002B00D09EE0654EF7
:10A90000002D07DD013E6D00002DFBDC02E0624EF4
:10A910001D15AE19614DA94267DB4846050380202D
:10A920002D0B400305435D4886424FDB43468022A2
:10A930001B031B0B52031343881BEA1A00281DD06C
:10A94000BC4289414942521A09D41100E41B2143F7
:10A950000BD0E50F5200551964000138EDE7E10F07
:10A960006A00551864000138E7E75B46DE0F4C4B80
:10A97000F6009E19336871689C46AEE7BC429B4165
:10A980005B42D21A6CD4E41B13002343EDD0404B3E
:10A9900018009A4206DCE10F53005A186400013E89
:10A9A0008242F8DD3D498E424FDA891B142959DC79
:10A9B000202023001400401ACB4084401C43130085
:10A9C0000B415A461A431100A44686E7801B844671
:10A9D0001F282DDC20273F1A1000F8400700604692
:10A9E000834082403B431700A6E76C1AA4461F2C05
:10A9F00018DC20252D1B0400EC404D46A246644681
:10AA0000A540544625436446A04004008BE74946D0
:10AA1000CE022249002E00DC6BE701397600002EC1
:10AA2000FBDC66E71F4C641AA040002405007AE7AF
:10AA30001C4B00279B1B9A4013007DE7174EDD023D
:10AA4000013E6D00002DFBDC64E7174BA446D318D4
:10AA50005A461343154AB5182D052B4319003CE7F8
:10AA60002A0091E71F2908DC23002020CB40411A4F
:10AA70008A4014001C435B46A3E70A4B9B1B1A4108
:10AA80005B4614009DE7C046FFFFEF7F0000F07FAC
:10AA9000FFFF0F00EDFBFFFF01FCFFFF02FCFFFFCC
:10AAA00000310300E2FBFFFF0000F0FFFF030000A6
:10AAB000F0B557464E464546E0B4DA4A88B00B003A
:10AAC000914255DC4A005208024300D1EFE00029D0
:10AAD00000DA79E1D44B0022FCF75CFB3625D34C3D
:10AAE0000B006D42A34247DC1A151B031B0B984653
:10AAF000CF4C8023A446CF4C5B0344442340CE4C30
:10AB0000624452195C4045461B1599462543CA4B81
:10AB1000290091440022FCF7B7FD434602331B0392
:10AB200006000F001B0B0022022B2FDC0023FAF77C
:10AB30007DFB002800D1C1E04B46002B00D14CE149
:10AB40004846FDF74BF9BD4ABD4B04000D00FCF72C
:10AB500021FBBC4A06000F00BB4B20002900FCF77C
:10AB600019FB02000B0030003900FBF7C3FB07E0C4
:10AB7000AE4C0025A342B7DD02000B00FBF7BAFB89
:10AB800008B01CBC90469946A246F0BD8023DB0568
:10AB9000FBF7B0FB02000B0030003900FBF7D6FEDC
:10ABA000040048460D00FDF719F9220002900391B8
:10ABB0002B002000290004940595FCF7EBFA040013
:10ABC0000D00A24B020043449A460B0000940195ED
:10ABD000FCF7E0FA04000D009D4A9E4BFCF7DAFA00
:10ABE0009D4A9E4BFBF786FB22002B00FCF7D2FA16
:10ABF0009B4A9C4BFBF77EFB22002B00FCF7CAFA1A
:10AC0000994A9A4BFBF776FB009A019BFCF7C2FA34
:10AC1000974A00900191974B20002900FCF7BAFA5F
:10AC2000954A964BFBF766FB22002B00FCF7B2FA25
:10AC3000934A944BFBF75EFB22002B00FCF7AAFA29
:10AC40000B00020000980199FBF754FB0D004146F0
:10AC50008D4B04005B1A51460B43002B54DD002240
:10AC60008A4B30003900FCF795FA32003B00FCF7C4
:10AC700091FA4B460A00010000910192002B72D11B
:10AC80001300290002002000FBF734FB049A059B07
:10AC9000FCF780FA02000B0000980199FCF7F4FC25
:10ACA00002000B0030003900FCF7EEFC68E70022E0
:10ACB000002300207649FBF749FE61E7754A764B91
:10ACC00030003900FCF766FA02000B0000206F49E3
:10ACD000FCF7DAFC320004000D003B0030003900C4
:10ACE000FCF758FA0B00020029002000FCF752FA8A
:10ACF0004B4604000D00002B72D102000B00300007
:10AD00003900FCF7C1FC3BE74B46002B00D1C5E006
:10AD100002980399494A4A4BFCF73CFA22000090FA
:10AD200001912B0030003900FCF7AEFC049A059B22
:10AD3000FCF730FA434A04000D0002980399424B95
:10AD4000FCF728FA02000B0020002900FCF79CFC0D
:10AD500032003B00FCF798FC02000B0000980199C0
:10AD6000FCF792FC0CE7354A354B02980399FCF747
:10AD700011FA009A019B0690079120002900FBF729
:10AD8000B9FA049A059BFCF705FA2E4A04000D0057
:10AD9000029803992C4BFCF7FDF902000B002000F0
:10ADA0002900FBF7A7FA02000B0000980199FCF7B5
:10ADB0006BFC32003B00FCF767FC02000B000698BE
:10ADC0000799FCF761FCDBE602000B00FCF75CFC7A
:10ADD00000220023FBF7BAFDD2E600200021CFE6D7
:10ADE0004846FCF7FBFF154A154B00900191FCF714
:10ADF000D1F9144A0290039100980199124BFCF783
:10AE0000C9F902000B0020002900FCF73DFC3200CC
:10AE10003B00FCF739FC02000B0002980399FCF799
:10AE200033FCADE6FFFF0F0000005043FFFFEF7F54
:10AE300001FCFFFF645F09000000F03F0000E0FE3E
:10AE4000422EE63F763C7935EF39EA3D86EBF9FF55
:10AE500044523EDF12F1C23FDE03CB966446C73F49
:10AE6000599322942449D23F935555555555E53F62
:10AE70009FC678D0099AC33FAF788E1DC571CC3F6D
:10AE800004FA97999999D93F51B806000000E03F1C
:10AE9000000050C3555555555555D53F22002B0040
:10AEA00030003900FCF7F0FB049A059BFCF772F9BF
:10AEB000F6E6C046F0B54F464646C0B43B4A83B0BE
:10AEC00004000D000B0091421CDC4A0052080243B2
:10AED0005BD0002960DB0022354BFCF75BF93622A2
:10AEE0000D000B003349040052428B420EDD22005C
:10AEF0002B0020002900FBF7FDF903B00CBC9046A5
:10AF00009946F0BD2B4900228B42F0DC2A491815E6
:10AF10008C4660448218D10F89461B034A441B0BA0
:10AF200010009846FCF75AFF4A46244B06009B1A2D
:10AF300042461B051A430F0020001100FFF7B8FD21
:10AF40001F4A04000D001F4B30003900FCF722F9A6
:10AF50001D4A009001911D4B20002900FCF71AF9B1
:10AF600002000B0000980199FBF7C4F9184A04008D
:10AF70000D00184B30003900FCF70CF902000B00F3
:10AF800020002900FBF7B6F9B7E7002200230020D4
:10AF90001149FBF7DBFCB0E702000B00FCF774FB88
:10AFA00000220023FBF7D2FCA7E7C046FFFF0F00FB
:10AFB00000005043FFFFEF7F01FCFFFFFF03000095
:10AFC000362BF111F3FE593D0EE526157BCBDB3F09
:10AFD00000609F501344D33F000050C3F0B54E466D
:10AFE00057464546E0B4DC4B4E0090B0170089460A
:10AFF00076089E4200DC81E0D84B9E4220DCD84A95
:10B00000002900DC89E1D74BFCF73EFBD54B04005F
:10B010000D009E4200D18AE0D34AD44BFCF734FBAA
:10B0200002000B0020003A607B602900FCF72CFB3B
:10B03000CD4ACE4BFCF728FBB860F960012066E0F2
:10B04000CB4B9E4200DC8DE0CA4B9E4265DCCA4978
:10B0500032158A46924453461B05F51A290004000E
:10B06000FCF786FEFCF7BAFE02000B002000290068
:10B070000A920B93FCF708FB0022C04BFCF78AF8FE
:10B0800002900391FCF774FEFCF7A8FE04000D008B
:10B0900002000B00029803990C940D95FCF7F4FA4A
:10B0A0000022B64BFCF776F8002200230E900F9199
:10B0B000FAF7BCF8002800D14CE100230022200060
:10B0C0002900FAF7B3F80222431E9841131AAC4A3A
:10B0D0003900019202220AA80092524600F064FC54
:10B0E0004B46002B13DA8022120694467B684042BE
:10B0F00063447B60FB686344FB6008E002000B0074
:10B100003A607B60002200230020BA60FB6010B030
:10B110001CBC90469946A246F0BD02000B00FCF70D
:10B12000B3FAB860F960386079600020EFE7D322A5
:10B130008E4B5205FCF7A8FA924A934B04000D007F
:10B14000FCF7A2FA02000B0020003A607B602900A5
:10B15000FCF79AFA8B4A8C4BFCF796FAB860F960C8
:10B160000120D4E7FDF7DEFA884A894B04000D0080
:10B17000FCF710F80022874BFBF7BCF8FCF7F8FD52
:10B180008046FCF72BFE764A764B06900791FCF73B
:10B1900001F802000B0020002900FCF775FA734B40
:10B1A00002900391069807996F4AFBF7F3FF434615
:10B1B00004000D00049405951F2B30DC013B764AFA
:10B1C0009B009B589E422AD002000B0002980399D4
:10B1D000FCF75AFA02000B0005000C003A607B6095
:10B1E000029803992A002300FCF74EFA049A059B63
:10B1F000FCF74AFA06000B003200BA60FB604B46CF
:10B200004046002B00DB82E780231B069C466444FB
:10B2100061443D607C60BE60F960404277E7049A1B
:10B22000059B02980399FCF72FFA0B0002003A6085
:10B230007B604B0036155B0D05000C00F31A102BDC
:10B24000CEDD06980799D322484B5205FBF7A2FFA3
:10B2500004000D0002000B0002980399FCF714FA99
:10B2600002000B000298039908920993FCF70CFA6C
:10B2700022002B00FCF708FA04000D00069807993D
:10B28000404A414BFBF786FF22002B00FCF7FCF9FC
:10B2900002000B000490059108980999FCF7F4F955
:10B2A00002000B003A607B604B005B0DF61A050054
:10B2B000089A099B0C0002920393312E90DD0698A8
:10B2C0000799B822304B9205FBF764FF04000D008C
:10B2D00002000B0002980399FCF7D6F90A0001005E
:10B2E000130002910392020008980999FCF7CCF927
:10B2F00022002B00FCF7C8F904000D0006980799FE
:10B30000264A274BFBF746FF22002B00FCF7BCF92F
:10B3100002000B000492059358E7124BFAF7EAFF7C
:10B32000104B04000D009E423CD00F4A0F4BFAF721
:10B33000E1FF02000B0020003A607B602900FCF76F
:10B34000A3F9094A094BFAF7D5FFB860F960012063
:10B350004042DCE60323BAE6FB21E93F7BD9024009
:10B3600000004054FB21F93F3163621A61B4D03DC3
:10B37000FB213941FFFFEF7FEAFBFFFF0000704137
:10B38000B83F03007370032E8A19A33B83C8C96DAD
:10B39000305FE43F0000E03F383F0300C149202513
:10B3A0009A837B39D3220D4B5205FAF7A3FF0C4A3F
:10B3B0000C4B04000D00FAF79DFF02000B0020006B
:10B3C0003A607B602900FCF75FF9054A054BFAF704
:10B3D00091FFB860F9600120404298E661B4D03D29
:10B3E0007370032E8A19A33BF0B54B005C08594BD0
:10B3F00085B007000E009C421DDC002930DB0022D6
:10B40000554B00920193554B9C4219DC544B9C4286
:10B4100000DD73E0534A544B38003100FAF76AFFFD
:10B42000524B0022F9F71CFF310003003800002BBB
:10B430001BD005B0F0BD02000B00FAF75BFFF8E788
:10B440004B4B9C4278DD4B4B9C4240DD4A4B9C422F
:10B450003AD0444A444B38003100FBF79BFEE8E702
:10B460000022464B00920193CDE738003100FDF7F2
:10B4700059F901F061F906000F0032003B0030007D
:10B480003900FAF737FF320004000D003B003000AE
:10B490003900FBF77FFE002202900391334B30000E
:10B4A0003900FAF727FF02000B0002980399FBF717
:10B4B0004DFA02000B0020002900FCF7E5F8009A85
:10B4C000019BFBF767FEB4E72D4B9F42C1D83800C4
:10B4D0003100FDF727F900221F4BFBF75BFEFFF75A
:10B4E0004BF806000F0002000B0000980199FBF7D3
:10B4F00051FE32003B00FBF74DFE9AE73800310069
:10B50000FDF710F901F018F91E4B06000F009C42E0
:10B51000B3DD0022154BFAF7EDFE02000B00300000
:10B520003900FBF713FA32003B00FAF7E3FE009A0A
:10B53000019BFBF72FFE7CE738003100FDF7F2F8A6
:10B54000FFF71AF802000B0000980199FBF722FEA2
:10B550006FE7C046FFFFEF7F0000E03FFFFF354091
:10B56000FFFF2F3E3374AC3C1F7BAC7F0000F03FED
:10B57000412E8640CD338640CE3386400000E0BF6A
:10B580007DF8B98FFFFFEF3FF0B556464D46444674
:10B590005F46754BF0B40A000D00190083B0060039
:10B5A00004002940994200D1BAE0002D00DC94E06B
:10B5B0002D1500D1A3E06D4B12039C468023120B86
:10B5C0005B0365441A43EB0700D581E06B10984696
:10B5D000E30F9B189B188022162100260027640089
:10B5E0009203B818984202DC87181B1AB618E00FAD
:10B5F0005B0001391B18640052080029F1D10022B8
:10B6000001929446802212062020914609E09F4232
:10B6100041D0E10FC9180138CB1864005208002846
:10B620001ED0614651189F42F1DA8D18AC46CD0FFD
:10B63000ED07BA464D4539D0DB1B8C42BF417F42F6
:10B64000DB1B641A019901388B46934459460191DA
:10B65000E10FC9185746CB18640052080028E0D102
:10B6600023432BD1019B5B08414972108C466244F5
:10B67000F10702D5802109060B43414609058D18C3
:10B680001E002F003000390003B03CBC90469946A4
:10B69000A246AB46F0BDA1420ED88D18AC46CD0FE8
:10B6A000ED074D4548D09A460023CAE76546002D70
:10B6B000C2DB7D1CAA46BFE73B00AAE7019B013322
:10B6C0003ED0019A01239446134063445B08CBE7C4
:10B6D000E30F52009A18640078E76B005B0803439D
:10B6E0002F00002BCED00025002A31D1E20A153DD3
:10B6F0006405002AFAD080235B031A4223D18020FC
:10B700000023400300E00B005200591C0242FAD013
:10B710002020401AED1A2300C3408C401A434AE708
:10B7200002002B002900FBF735FD32002B00FAF751
:10B73000E1FD06000F00A5E76546002DB9DAB2E786
:10B740000136002390E7012320205B420021E1E73E
:10B750003B0002003900FBF797FF02000B00FBF7EC
:10B76000F5F806000F008DE70000F07F01FCFFFFF9
:10B770000000E03FF0B54F464646C0B487B00092A7
:10B780000193754B4F00814688467F089F4263DCDA
:10B79000FCF7EEFA002800D1DAE04A464346484674
:10B7A0004146FBF7F7FC04000D006C4A6C4BFBF7BD
:10B7B000F1FC6C4A6C4BFAF79DFD22002B00FBF765
:10B7C000E9FC6A4A6A4BFBF75FFF22002B00FBF79C
:10B7D000E1FC684A684BFAF78DFD22002B00FBF76D
:10B7E000D9FC664A664BFBF74FFF22002B00FBF7A4
:10B7F000D1FC644A644BFAF77DFD22002B00FBF775
:10B80000C9FC029003910022604B20002900FBF745
:10B81000C1FC029A039B06000F0020002900FBF7E1
:10B82000B9FC009A019B04000D0048464146FBF715
:10B83000B1FC02000B0020002900FBF725FF0200ED
:10B840000B0030003900FBF71FFF02000B00002047
:10B850004F49FBF719FF70E002000B00FBF79AFC61
:10B8600004000D003D4A3E4BFBF794FC3D4A3E4B25
:10B87000FAF740FD22002B00FBF78CFC3B4A3C4BC7
:10B88000FBF702FF22002B00FBF784FC394A3A4BFE
:10B89000FAF730FD22002B00FBF77CFC374A384BCF
:10B8A000FBF7F2FE22002B00FBF774FC354A364B07
:10B8B000FAF720FD2B002200FBF76CFC354B0290C1
:10B8C00003919F429FDD344B00229F423ADC334973
:10B8D00000207B182E4916001F00FBF7D5FE0490B0
:10B8E00005910022294B20002900FBF753FC320070
:10B8F0003B00FBF7C9FE029A039B06000F002000E5
:10B900002900FBF747FC009A019B04000D00484604
:10B910004146FBF73FFC02000B0020002900FBF72B
:10B92000B3FE02000B0030003900FBF7ADFE020051
:10B930000B0004980599FBF7A7FE07B00CBC9046D6
:10B940009946F0BD164B002604920593154FC8E7A3
:10B9500000200F49F1E7C046FFFF3F3ED43888BEC4
:10B96000E9FAA8BDC4B1B4BD9EEE213EAD529C80A3
:10B970004F7E923E9015CB19A001FA3E7751C11629
:10B980006CC1563F4C5555555555A53F0000E03FFD
:10B990000000F03F3233D33F0000E93F0000E0FFFA
:10B9A0000000E73F0000D23FF0B556464D46444602
:10B9B0005F46F0B4904CA544099119001400A89A70
:10B9C0000B938E4B9200D2580B000290013BE01E6D
:10B9D00018211D00160008920093F9F72BFBC343B2
:10B9E0000200DB171A401300110001330E929A0077
:10B9F0009B1ADB001B1906934C1B761918D4A99BC4
:10BA0000A5009C46361926AF6544013607E0286834
:10BA1000FCF7E4F9013403C70435B44208D0002C24
:10BA2000F5DA00200021013403C70435B442F6D111
:10BA3000089B002B01DA00F0FDFB76AB0A939A46D7
:10BA4000009B0B9A9946089B94469B46D300E3447F
:10BA50009C46029A059362449046009B002B00DAB4
:10BA6000BBE14B46DC0026AB9C4600260027029D2E
:10BA700064442268636803CDFBF78CFB02000B0073
:10BA800030003900FAF736FC083C06000F00454547
:10BA9000EFD15346C0C39A4601239C46E144D945A1
:10BAA000DBD1089A564913008C4663449B0012A8C8
:10BAB000844619000298614484460D910599043327
:10BAC00061448B4612A98C4663440F930592059AF4
:10BAD0000A98D30019000C938C46030063441E6837
:10BAE0005F68002A34DD12AB99461300454A804650
:10BAF00094466344DB00984474AB9A460022424B60
:10BB000030003900FBF746FBFCF732F9FCF766F929
:10BB100000223E4B04000D00FBF73CFB02000B0033
:10BB200030003900FBF7B0FDFCF722F94B4601C3AA
:10BB30009946434620001A685B682900FAF7DAFB49
:10BB400008235B429C46E04406000F00D045D5D157
:10BB5000069B30001A003900994601F037F8FF23A0
:10BB600000229B0504000D00FBF714FBFCF7DEFD33
:10BB70000022274BFBF70EFB02000B0020002900E0
:10BB8000FBF782FD04000D00FCF7F2F88046FCF79D
:10BB900025F902000B0020002900FBF775FD4C463B
:10BBA00006000F00002C00DCF8E0059B18205A1E50
:10BBB000920012AB9B58001B190001418844814040
:10BBC0005B1A12A98B501722121B13410793079B74
:10BBD000002B4BDD01239C46059BE044002B00DC41
:10BBE000F2E280251096119712AB0021002409483B
:10BBF0006D04059F19E0C04684FDFFFFC0400300AF
:10BC0000FEFFFF3FFFFFFF1F0000703E000070417E
:10BC100000002040FFFFFF00002A02D0AA1A1A608D
:10BC20000134013104338F4209DD1A68002CF3D04E
:10BC3000821A01311A60012404338F42F5DC109E10
:10BC4000119F069B002B0EDD012B00D1B1E0022BD2
:10BC500009D1059B12A95A1E920012AB9B58109352
:10BC60009B029B0A8B50079B022B7ED00023002255
:10BC700030003900F9F7DAFA059B002800D16BE2B1
:10BC800008995A1E914210DCBF490F988C4612A9A0
:10BC900063448C4600219B0063441C68043B2143A1
:10BCA0008342FAD1002900D0B5E0089B12AA013BDB
:10BCB0009B00D358002B00D084E201220D9B043B53
:10BCC000596801320029FAD005990B008C460133DE
:10BCD00062440792934242DC0E9A9446A99A6344C6
:10BCE00092460B9A9B00944626AA90469A44059B3E
:10BCF0000A9A6344DB0098440C9B94469946079B40
:10BD0000E144DB006344059353461868FCF766F88A
:10BD1000434618605960009B002B23DB44460026F5
:10BD20000027029D2268636803CDFBF733FA020007
:10BD30000B0030003900FAF7DDFA083C06000F006E
:10BD40005D45EFD14B469E60DF6004239C46043383
:10BD5000E2449C46059BE144E0449945D4D1079BCD
:10BD60000593B4E600260027ECE732003B000020F4
:10BD70008649FBF789FC06000F00002C00D175E70F
:10BD8000069A0020814900F021FF02000B003000DC
:10BD90003900FBF779FC06000F0067E7069B002BD4
:10BDA00012D1059B12AA013B9B00D558EB150793B6
:10BDB0000DE7059B12A95A1E920012AB9B581093D7
:10BDC0005B025B0A8B504EE70022714BF9F752FA87
:10BDD00000280ED10023079348E75346002600278A
:10BDE000C0C39A4601239C46E144D94500D034E6BD
:10BDF00057E601239C4601330793059BE044002B43
:10BE000000DDEEE632003B0000206049FBF73CFC21
:10BE100006000F002AE743460B93069B12A8183B27
:10BE2000190006939300C3580092002B0FD1564877
:10BE30001300844612A8634484469B006344043B79
:10BE40005868013A18390028F9D000920691069AEC
:10BE500000204E4900F0BAFE009B04000D00002BAC
:10BE600000DAB3E112AA94469F00DB0067449C46C7
:10BE70000A9A05936244934616003868FBF7AEFFB2
:10BE800022002B00FBF786F9424B306071600022E4
:10BE900020002900FBF77EF9083E74AB04000D007A
:10BEA000043FB342E9D100239A464EAB0293089B6C
:10BEB00099464B4600260027002B21DB8020364B7D
:10BEC0005D469846C005354900260027002408E055
:10BED00008239C460835E044A24511DB4346186818
:10BEE00059682A686B68FBF755F902000B003000AF
:10BEF0003900FAF7FFF9013406000F00A145E7DA2F
:10BF0000029A53469446DB0063441E605F6001233F
:10BF10009C46093BE2449C4674ABE3449B45C8D134
:10BF2000029B9946A89B022B00DD82E0002B37DCA8
:10BF30001DD1059B00254B441E0000243268736808
:10BF400028002100FAF7D6F9009B05000C00083EF6
:10BF50005A1E0092F2D2079B002B03D080231B06AF
:10BF60009C4664442A00230009990A604B6007201C
:10BF70000B9B18409F239B009D443CBC90469946D8
:10BF8000A246AB46F0BDC046FFFFFF3F0000F03FBA
:10BF90000000E03F0000703E10310300FB21F93F3C
:10BFA000059B00204B441E0000214CAF3268736893
:10BFB000083EFAF79FF9BE42F8D1079B002B24D028
:10BFC0008023099A1B06CB18106053600B000200F7
:10BFD0004E984F99FBF758FB009B002B0BDD01247B
:10BFE00050AD0CCDFAF786F9009B0134A342F8DA84
:10BFF000079B002B03D080231B069C4661440B004B
:10C00000020009998A60CB60B1E702000B00099C2D
:10C01000226063600B0002004E984F99FBF734FBDF
:10C02000009B002BDBDC0B00020009998A60CB60CF
:10C030009DE7A89B032B9AD1009B002B00DCE3E03B
:10C040007F4A059B94464B441E685F68009B63448F
:10C050009A46DB004B4498464CAB9B4643465C6893
:10C060001B681800210032003B0002900391FAF790
:10C0700041F904000D0002000B0002980399FBF740
:10C0800003FB3B003200FAF735F943469860D9606C
:10C090001C605D6008235B429C46E04426002F0044
:10C0A000C345DBD1009B012B00DCADE0059BC846FE
:10C0B0004B441E685F685346DB009B46D8444346AA
:10C0C00030005C681B683900009301941A0023005B
:10C0D000FAF710F904000D0002000B000098019916
:10C0E000FBF7D2FA3B003200FAF704F943469860B6
:10C0F000D9601C605D6008235B429C46E0442600DA
:10C100002F00C145DBD15D460027002408354D4492
:10C1100050AE2A686B6838002100FAF7EBF8083D4A
:10C1200007000C00AE42F4D1079B002B71D0802198
:10C13000099A4E9B090613604B468C465B68644423
:10C14000634453604B469B68176193604B46DB68C2
:10C1500054616344D3600AE7994643460B93069BB8
:10C1600030005A42390000F031FD0022354B040006
:10C170000D00F9F77FF8002832D0334B0022200061
:10C180002900FBF707F8FBF7F3FD4A460600970086
:10C19000FBF724FE00222B4BFAF7FCFF02000B00FA
:10C1A00020002900FBF770FAFBF7E2FD12AAD0513C
:10C1B0004A46069B0132183300920693930012AA56
:10C1C000D65044E601227FE500243AE5A89B022BE5
:10C1D00014DC002B0FDC00D0C9E600250024BAE6F1
:10C1E0004B46200029009E00FBF7C2FD12AB985180
:10C1F0004B4600932BE600200021DEE64EAB99462D
:10C20000A89B032B00D0B2E6079B00270024002B3D
:10C210008DD14E9A4F9B09990A604B604B469A68A4
:10C22000DB68009201938A60CB603A0023000A61C8
:10C230004B619CE676AB0A930B9BDB00059330E4E5
:10C24000FFFFFF1F000070410000703EF0B54F4639
:10C250004646C0B487B000920193464A4B008146DF
:10C2600088465B08934205DCFBF782FD4146031ECE
:10C27000484666D04A46434648464146FAF78AFF52
:10C2800004000D0002000B0048464146FAF782FF09
:10C29000394A3A4B06000F0020002900FAF77AFFCE
:10C2A000374A384BFBF7F0F922002B00FAF772FF00
:10C2B000354A364BFAF71EF822002B00FAF76AFFD0
:10C2C000334A344BFBF7E0F922002B00FAF762FF08
:10C2D000314B324AFAF70EF80E9B02900391002B75
:10C2E00034D00098019900222D4BFAF753FF029A9F
:10C2F000039B0490059130003900FAF74BFF0200D0
:10C300000B0004980599FBF7BFF922002B00FAF700
:10C3100041FF009A019BFBF7B7F9224A04000D0088
:10C32000214B30003900FAF735FF02000B002000E6
:10C330002900F9F7DFFF02000B0048464146FBF7F2
:10C34000A3F907B00CBC90469946F0BD02000B0063
:10C3500020002900FAF71EFF124A134BFBF794F94D
:10C3600032003B00FAF716FF4A464346F9F7C2FF90
:10C37000E7E7C046FFFF3F3E7CD5CF5A3AD9E53DBF
:10C38000EB9C2B8AE6E55A3E7DFEB157E31DC73E86
:10C39000D561C119A0012A3F1111813FA6F81011E2
:10C3A0000000E03F495555555555C53FF0B55F462E
:10C3B00056464D464446F0B489B000934B005B08A6
:10C3C0009A46BB4B8146884602928B469A4516DCBC
:10C3D000FBF7CEFC00282FD14B4652461A43129B46
:10C3E0000133134300D148E1129B012B00D15BE1E3
:10C3F0004A4643460020AF49FAF7A8FAF8E0AE4BA8
:10C400009A4519DD002900DA42E14A464346AB4825
:10C41000AB49FBF739F904000D00029A009BA948CB
:10C42000A949FBF731F92B002200F9F763FF00233C
:10C4300081468846029300934A4643464846414611
:10C44000FAF7A8FE02000B0006000F00FAF7A2FEA2
:10C45000320004000D003B0048464146FAF79AFEC0
:10C460009A4A049005919A4B20002900FAF792FE0F
:10C47000984A994BF9F73EFF22002B00FAF78AFE03
:10C48000964A974BF9F736FF22002B00FAF782FE07
:10C49000944A954BF9F72EFF22002B00FAF77AFE0B
:10C4A000924A934BF9F726FF22002B00FAF772FE0F
:10C4B000904A914BF9F71EFF32003B00FAF76AFEF3
:10C4C0008E4A069007918E4B20002900FAF762FEF3
:10C4D0008C4A8D4BF9F70EFF22002B00FAF75AFE1B
:10C4E0008A4A8B4BF9F706FF22002B00FAF752FE1F
:10C4F000884A894BF9F7FEFE22002B00FAF74AFE24
:10C50000864A874BF9F7F6FE22002B00FAF742FE27
:10C51000844A854BF9F7EEFE02000B000698079956
:10C52000F9F7E8FE049A059BFAF734FE029D009C99
:10C530002A002300F9F7DEFE32003B00FAF72AFE5C
:10C5400002000B0028002100F9F7D4FE04000D00C2
:10C5500004980599754A764BFAF71CFE22002B00C9
:10C56000F9F7C8FE0B0002004146484600920193CD
:10C57000F9F7C0FE504B04000D009A453FDC129BBA
:10C58000012B35D00F0002000B0000204949FAF7BB
:10C59000DDF900260D00029003914A464346300023
:10C5A0003900FBF771F8002402000B000098019994
:10C5B000FBF76AF822002B00FAF7ECFD220000904E
:10C5C00001912B0030003900FAF7E4FD0022594BAD
:10C5D000F9F790FE02000B0000980199F9F78AFE26
:10C5E000029A039BFAF7D6FD22002B00F9F782FE90
:10C5F00009B03CBC90469946A246AB46F0BD1298A5
:10C60000FBF7ECFB220006000F002B0020002900A6
:10C61000FAF7C0FD3200029003913B002000290090
:10C62000F9F768FE02000B0002980399FAF78EF9F9
:10C63000009A019BFBF728F802000B004846414690
:10C64000FBF722F802000B00F9F754FE02000B0082
:10C6500030003900FBF718F85B46040098170223F6
:10C660001840013B181A0D00FBF7B8FB02000B0045
:10C6700020002900FAF78EFDBAE748464146FCF74C
:10C6800051F802000B0000202A49FAF75FF9AFE7E2
:10C690008022802112069446009B0906414463448F
:10C6A000814688460093B0E648464146A0E7C0462A
:10C6B000FFFF2F3E0000F0BF2794E53F182D4454A4
:10C6C000FB21E93F075C143326A6813CD47ABF7472
:10C6D000702AFB3EE9A7F0320FB8123F68108D1A9E
:10C6E000F726303F1583E0FEC8DB573F93846EE9A1
:10C6F000E326823FFE41B31BBAA1AB3F735360DB1D
:10C70000CB75F3BEA69237A0887E143F0165F2F286
:10C71000D844433F280356C9226D6D3F37D606845F
:10C72000F464963F7AFE10111111C13F63555555BF
:10C730005555D53F0000F03FF0B54E4645465746AB
:10C74000E0B4DF4ACC0F4B0084B081468846E40752
:10C750005B0893424FD9DB4A934200D9F9E0002CA1
:10C7600000D17BE1D84AD94B48464146F9F7C2FD92
:10C7700000220023F8F760FD002800D0F4E0D44A3E
:10C78000D44B48464146FAF705FD02000B00002055
:10C79000D149F9F7AFFDFBF7EBFA8246FBF71EFB39
:10C7A000CE4ACF4B06000F00FAF7F4FC02000B0054
:10C7B00048464146FAF768FFCA4A04000D003000B7
:10C7C0003900C94BFAF7E6FC06000F0032003B00C7
:10C7D00020002900FAF758FF02000B008146884626
:10C7E00020002900FAF750FF32003B00FAF74CFF17
:10C7F0000290039109E0BD4A934200D9DBE0002199
:10C80000BB4A8A46934200D805E10022B94B48460C
:10C810004146FAF7BFFC04000D0002000B00484639
:10C820004146FAF7B7FC06000F00B34AB34BFAF7DC
:10C83000B1FCB34AB34BF9F75DFD32003B00FAF7A8
:10C84000A9FCB14AB14BFAF71FFF32003B00FAF7DF
:10C85000A1FCAF4AAF4BF9F74DFD32003B00FAF7B0
:10C8600099FCAD4AAD4BFAF70FFF32003B00FAF7E7
:10C8700091FC0022AA4BF9F73DFD009001910200C6
:10C880000B0020002900FAF785FC02000B000020B5
:10C89000A449FAF7F9FE02000B0004000D0000980D
:10C8A0000199FAF7F1FE2200009001912B00484611
:10C8B0004146FAF76FFC02000B0000209A49FAF794
:10C8C000E3FE02000B0000980199FAF73FF83B00E5
:10C8D0003200FAF75FFC5346002B48D0029C039DC0
:10C8E00022002B00FAF7D0FE4A464346FAF752FCE4
:10C8F00022002B00FAF7C8FE3B003200FAF7C4FE14
:10C90000534604000D00013300D1B2E05346012B21
:10C9100000D188E053460133392B5ED85346132BA0
:10C9200000DCB5E081490022C91A0B05200029006E
:10C93000F9F7E0FC02000B0048464146FAF7A4FE76
:10C94000774B0022F9F7D6FC53461B055D182900EA
:10C950001DE0774A934220D90903090B014300D017
:10C9600013E14146002C12D0002072490FE0020072
:10C970000B0048464146FAF70DFC32003B00FAF73F
:10C9800083FE02000B0048464146FAF77DFE04B0E4
:10C990001CBC90469946A246F0BD674A674BF8F723
:10C9A0005FFC002800D1DAE6654A664B10001900EA
:10C9B000FAF7F0FBEBE7644A934200D9CAE0474A32
:10C9C000474B002C1ED0F9F795FC01235B42040075
:10C9D0000D009A46434E5D4FF8E64A464346FAF745
:10C9E00053FE02000B0000204D49FAF74DFE54465D
:10C9F00002002005431819001000494B0022FAF7E5
:10CA000043FEC4E7FAF740FE012304000D009A46F6
:10CA1000344E354FDAE64A4A4A4B4146F9F76AFC4A
:10CA200002000B00ABE70022494B48464146F8F7AD
:10CA300003FC002800D199E000222E4B48464146D5
:10CA4000F9F758FC02000B0020002900FAF71CFE41
:10CA5000C02300221B06FAF79DFB98E71C4A1D4BDA
:10CA600048464146FAF796FB02000B000020214998
:10CA70008FE602000B0048464146FAF705FE002209
:10CA80001C4BFAF787FB00221A4BFAF7FDFD7EE7F5
:10CA9000802352469B031341214A0026D71A4A4657
:10CAA0004346FAF7F1FD02000B0030003900FAF7B7
:10CAB000EBFD54460200200543181900100066E7FC
:10CAC00079684340412E864059F3F8C21F6EA50194
:10CAD000FE822B654715F73F0000E0BF0000E0FE37
:10CAE000422EE63F763C7935EF39EA3D422ED63F7D
:10CAF000FFFF8F3C0000E03F2DC3096EB7FD8ABEEB
:10CB00003952E686CACFD03EB7DBAA9E19CE143F73
:10CB10008555FE19A0015A3FF41011111111A13FC2
:10CB20000000F03F0000084000001840FF03000034
:10CB3000FFFFEF7F0000F0BFEF39FAFE422E864084
:10CB40009C7500883CE4377EB1A2F03FEF39EABD26
:10CB50000000D0BF104A114BFAF71CFB02000B007B
:10CB60000020002C00D013E60D4912E622002B0015
:10CB700048464146FAF788FD02000B00F9F7BAFB78
:10CB80000022084BF9F7B6FB01E702004346414695
:10CB9000F9F7B0FBFBE6C046FE822B654715F73F71
:10CBA0000000E03F0000F03F034B48009C46400877
:10CBB0006044C00F7047C0460000108000207047DE
:10CBC000002001497047C0460000F87F4B0070B557
:10CBD0005B0D14000A00002B1AD14B005B080343C5
:10CBE00015D00022224BFAF7D5FA224B0A009C42BC
:10CBF00022DB4B005B0D363B1F4DE318AB4220DCC4
:10CC0000002B0DDD1D4C1B0522401A43110070BD89
:10CC10001B4DAB42F0D102000B00F9F76BFBF6E7BE
:10CC20001D00353518DA174B02009C420ADC0B0058
:10CC30001548164900F032F8134A144BFAF7AAFACD
:10CC4000E5E702000B001248124900F027F8104AED
:10CC5000104BFAF79FFADAE7084C363322401B05EF
:10CC60001343190000220C4BFAF794FACFE7C046A1
:10CC700000005043B03CFFFFFE070000FFFF0F80A5
:10CC8000FF07000050C3000059F3F8C21F6EA50152
:10CC90009C7500883CE4377E0000903C30B54A002B
:10CCA000DB0FDB0752081A43110030BD70B5054C8D
:10CCB00005001300201E04D00A000220290000E015
:10CCC00000BF70BD00000000014B18687047C046EF
:10CCD00084200020084B10B50400002B02D0002156
:10CCE00000E000BF054B1868836A002B00D098470E
:10CCF000200005F0C6FBC0460000000030410300E4
:10CD00000E4B70B500251E000D4CE41AA410A54270
:10CD100004D0AB00F35898470135F8E705F0FCFE66
:10CD2000084B00251E00084CE41AA410A54204D0AC
:10CD3000AB00F35898470135F8E770BD0822002092
:10CD400008220020082200202822002010B5034BD2
:10CD50000100186805F0FEFD10BDC04684200020CB
:10CD6000002370B5064C050008001100236000F098
:10CD700067FB431C03D12368002B00D02B6070BDE0
:10CD8000A82A00200CB430B5164B9DB00C1E1D68AF
:10CD900004DA8B2301202B6040421DE0822302A98C
:10CDA0009B008B810023029008619C4200D0631E8F
:10CDB0008B604B6101235B42CB81209A21AB280021
:10CDC000019300F015F9431C01DA8B232B60002C32
:10CDD00002D00023029A13701DB030BC08BC02B010
:10CDE0001847C04684200020F0B51F000E0087B011
:10CDF0000590039102920C98347805F0FDFD08230C
:10CE000000194078751C184001D02E00F3E72D2C36
:10CE100004D1073BB51C7478019304E001902B2CDE
:10CE200001D17478B51C002F02D0102F0AD162E016
:10CE3000302C5ED120222B789343582B54D11027CD
:10CE40006C780235019E3900731E9E412C4BF618FA
:10CE50003000F8F7EBF8300004913900F8F760F88B
:10CE600000230200180021003039092901D80C00E4
:10CE70000AE021004139192901D8373C04E021009A
:10CE80006139192914D8573CA74211DD591C0CD01F
:10CE9000824208D302D1049BA34203DB78430123DF
:10CEA000201802E0100001235B422C780135DAE7FC
:10CEB0005A1C0BD10198124B471EB841C0182223AF
:10CEC000059A1360029B002B0AD117E0019A002AF1
:10CED00000D04042029A002A10D0039A002B00D0C2
:10CEE0006A1E029B1A6009E03024002FAAD108278D
:10CEF000A8E70A27A6E7302C9CD0A3E707B0F0BD2F
:10CF0000FFFFFF7F37B51300064A05001068046A6B
:10CF1000002C00D1044C0A0000942900FFF764FFA4
:10CF20003EBDC0468420002088200020F0B58E68D9
:10CF300085B007000C00039201939E4243D89023D2
:10CF40008A89DB001A423ED00325096923680198CB
:10CF50005B1A029363695D43EB0F5D19029B6D10D1
:10CF600001331B18AB4200D91D00530510D5290011
:10CF7000380001F099FF061E14D0029A216905F0CD
:10CF8000C3FCA289194B134080221343A38112E0F2
:10CF90002A00380001F092FF061E0CD121693800EA
:10CFA00001F087FF0C23402201203B60A38940420F
:10CFB0001343A38117E0029B2661F6182660656182
:10CFC000019EED1AA560019BB34200D21E00320003
:10CFD0000399206805F0A1FC0020A3689B1BA360B7
:10CFE00023689E19266005B0F0BDC0467FFBFFFF99
:10CFF000F0B59FB0029005938B890F0016001B06B9
:10D0000010D50B69002B0DD1402101F04DFF386088
:10D010003861002804D10C23029A01381360D8E04B
:10D0200040237B61002306AD6B6120336B761033A8
:10D03000AB7634002378002B03D1A31B049312D0CA
:10D0400003E0252BF9D00134F4E7A31B32003900AB
:10D050000298FFF76BFF431C00D1B4E06A69049BA0
:10D06000944663446B612378002B00D1ABE001222E
:10D07000002352426A6002A95432521801342B60D4
:10D08000EB60AB601370AB65534E21780522300026
:10D0900005F020FC002807D00123801B83402A686C
:10D0A000013413432B60EFE72B68DA0604D55322D3
:10D0B000202102A8121811701A0704D553222B211F
:10D0C00002A81218117022782A2A03D0099B002086
:10D0D0000A210EE0059A111D12680591002A01DB54
:10D0E000099204E05242EA60022213432B600134A9
:10D0F0000BE02278303A092A04D84B4301349B18BC
:10D100000120F6E7002800D0099323782E2B1ED1AA
:10D1100063782A2B0AD1059B02341A1D1B680592DD
:10D12000002B01DA01235B42079310E000230A2061
:10D130001A0001346B6021783039092904D8424340
:10D14000013452180123F6E7002B00D00792234E3A
:10D1500021780322300005F0BDFB002806D04023D3
:10D16000801B83402A68013413432B6021780622F8
:10D170001B48661C297605F0ADFB002812D0194B20
:10D18000002B06D10722059B0733934308330593F1
:10D1900014E005AB00933A00134B2900029800E01D
:10D1A00000BF07E005AB00933A000F4B290002983F
:10D1B00000F01CF80390039B013304D06B69039AC1
:10D1C0009B186B6135E7BB890B985B0601D5012085
:10D1D00040421FB0F0BDC046DC470300E2470300F9
:10D1E000E6470300000000002DCF0200F0B58BB031
:10D1F00006920A0043320793059004920A7E0C00BF
:10D20000109B6E2A00D1ABE011D8632A22D009D836
:10D21000002A00D1B5E0582A00D0C5E045310A7097
:10D22000814A4FE0642A1DD0692A1BD0BCE0732AD2
:10D2300000D1AAE009D86F2A29D0702A00D0B3E023
:10D24000202209680A43226037E0752A1FD0782A15
:10D2500033D0A9E00E001A684236111D1960136818
:10D260003370A4E021681A68080606D4490604D57C
:10D27000111D19600023D55E02E0111D19601568AB
:10D28000002D3BDA2D23049A6D42137036E021689D
:10D290001A68080606D4490604D51568111D1960D8
:10D2A000ADB202E0111D196015685F4B227E039339
:10D2B00008276F2A1DD00A271BE02200782145325B
:10D2C00011705A4A19680392081D226818600D6887
:10D2D000100602D4500600D5ADB2D30702D52023E4
:10D2E0001A4322601027002D03D1202322689A437D
:10D2F00022602300002243331A7002E00A274A4BBF
:10D3000003936368A360002B09DB04222168914327
:10D310002160002D05D1049E002B11D07BE0002D53
:10D3200079D0049E28003900F7F780FE039B013E68
:10D330005B5C280033703900F7F7F2FD051EF1D170
:10D34000082F09D12368DB0706D563682269934259
:10D3500002DC3023013E3370049B9B1B23612BE0D6
:10D3600009681A68080607D4490605D5111D196011
:10D370001368A28A1A8004E0111D1960136862699B
:10D380001A600023049E236116E01A68111D1960BB
:10D39000166800216268300005F09CFA002801D070
:10D3A000801B6060636803E0260042363270012310
:10D3B00023610023049A1370079B09AA009321009C
:10D3C000069B059805F02DFB431C02D1012040422D
:10D3D00027E02369320006990598079DA847431C5A
:10D3E000F4D0236800259B070FD4099BE06898427E
:10D3F00017DA180015E02200012319320699059862
:10D40000079EB047431CE1D00135E368099A9B1A97
:10D410009D42F0DBE9E72600039B42361B78337020
:10D420008EE70BB0F0BDC046ED470300344103006A
:10D4300058220120014B40421A607047A82A002060
:10D4400058220120014B40421A607047A82A002050
:10D4500070470220704710B5406801F0C6FF10BD4C
:10D46000704713B50400406801F0B1FF002811D0E7
:10D4700061686846EEF7C6F9694601A801F06DFFDC
:10D4800001A8EEF7CFF9606001A801F05EFE6846E2
:10D4900001F05BFE13BD10B5EAF78AFE10BD030074
:10D4A000203B13B5040000205E2B0AD86846EDF738
:10D4B000BDFF05214C432000009BA0381818EBF756
:10D4C000FBF916BD10B543689B885943EAF782FE05
:10D4D00010BD13B50400FFF7C4FF616801A8EEF7A3
:10D4E00091F901A801F055FE01A801F02EFE13BD2F
:10D4F000F7B5070015001E000C00FFF7B2FF7968B2
:10D5000001A8EEF77FF9F3B22AB221B201A8EEF733
:10D5100091F901A801F019FEF7BD37B515000C000F
:10D52000416801A8EEF76EF92AB221B201A8EEF720
:10D5300097F9040001A801F008FEE043C01720405D
:10D540003EBD43685888704743689888704710B557
:10D550005C1EA3415B42DBB2FFF7CAFF10BD10B5F2
:10D56000FFF7DBFFC317181AC00F10BD10B54368D3
:10D570009B885943EAF742FE10BD10B50A001023FC
:10D580000321EDF7ABF810BD70B504000D00ECF70A
:10D5900029F8002807D0F0F755F910232A000321B5
:10D5A0002000EDF79BF870BD70B504000D00ECF79E
:10D5B00019F8002807D0F0F745F910232A000221B6
:10D5C0002000EDF78BF870BD10B5ECF70BF8031EDB
:10D5D00004D0F0F737F9431E9841C3B2180010BDCC
:10D5E00070477047704780880A30800870477047DE
:10D5F00006307047808870478288030000208A4286
:10D6000001D30633581870470320704740680B3029
:10D6100080087047808870470123820702D1434207
:10D620005841C3B21800704710B5EBF723F910BD8D
:10D6300007B5002201AB1A80012118701800EBF722
:10D6400019F90EBD030030B500208B4214D08D1D9A
:10D650009A888988981D914200D911000022835C24
:10D66000AC5CA34204D0A3429B410120184303E0D9
:10D6700001328A42F3D9002030BD80887047F0B56E
:10D6800085B000282AD0002928D0D343DB171A40C0
:10D690008388871D00259A4200D2BD18EA1B9B1A79
:10D6A00001938E88002D19D0B34217D32C008B1D07
:10D6B00003938B7902932378029A934208D1320024
:10D6C0000399200005F011F9002801D1E01B07E0C3
:10D6D000019B01341B1BEB18B342ECD201204042EA
:10D6E00005B0F0BD10B5FFF7CAFF0130431E9841E9
:10D6F00010BD01235840704710B5FAF7E9FBEBF76E
:10D7000009FA10BD430010B55A10904202D1012011
:10D71000184303E0FAF762FBEBF7FCF910BD0300D6
:10D7200010B50E20002906DB9A88914203DA5918B9
:10D730008879FFF7E7FF10BD10B50E23002802D04F
:10D74000FFF7EDFF0300180010BD4223002800D1B1
:10D75000383B180070470023062806D003334228C0
:10D7600003D0023B0A2800D003001800704710B510
:10D77000EBF784FBEBF7CEF910BD4843704710B5CB
:10D78000F7F758FC10BD10B50C20ECF7DFFC041EB9
:10D7900001D0ECF76BF9200010BD0089704710B57F
:10D7A000043000F0D8FF10BD10B50A0004308188A5
:10D7B000ECF742F910BD10B5043000F0D7FF10BDF2
:10D7C00002890023914202D243688900CB58180095
:10D7D000704710B50430ECF72FF910BD10B50430C8
:10D7E00000F0D2FF10BD10B5043000F0EBFF10BD0B
:10D7F000704700207047406870474160704710B51F
:10D800000820ECF7A3FC041E01D0ECF739F9200046
:10D8100010BD10B5ECF76CFE10BD431E984170476B
:10D8200010B51420ECF792FC041E01D0ECF730F98F
:10D83000200010BD10B5040000F0E5FF0023984261
:10D8400005DB228A904202D2E3688000C3581800A8
:10D8500010BDF8B504000F001600250000F0D3FF3E
:10D860000C35011E05DA2189201D3A00ECF7E4F899
:10D87000218A32002800ECF7DFF8F8BD704710B5B8
:10D88000EBF732FC10BD70B50D00EBF72DFC04007A
:10D890002800EBF729FC1F23184084402000FFF7E5
:10D8A00031FF70BD70B50D00EBF71EFC04002800C1
:10D8B000EBF71AFC1F23184004412000FFF722FF5A
:10D8C00070BD70B50D00EBF70FFC04002800EBF7FE
:10D8D0000BFC6040FFF716FF70BD70B50D00EBF755
:10D8E00003FC04002800EBF7FFFB2043FFF70AFFCF
:10D8F00070BD10B5EBF7F8FBC043FFF703FF10BD99
:10D9000070B50D00EBF7F0FB04002800EBF7ECFB23
:10D910002040FFF7F7FE70BD70B50D00EBF7E4FB9C
:10D9200004002800EBF7E0FB1F231840C440200050
:10D93000EBF7AAF970BDD0B50C000100214300231C
:10D94000890720D1032A05D12100FFF77BFE43423E
:10D95000434117E0022A12D1EBF7A2FB0600200098
:10D960000F00EBF79DFB02000B0030003900012493
:10D97000F7F75CFC002800D1041CE3B203E0031BB2
:10D9800058424341DBB21800D0BD70B50E00EBF732
:10D9900087FB040030000D00EBF782FB02000B0058
:10D9A00020002900F8F7A6FCEBF7B4F870BD70B5BD
:10D9B0000E00EBF775FB040030000D00EBF770FB79
:10D9C00002000B0020002900F9F75EFEEBF7A2F839
:10D9D00070BD0B000340D0B50C00DB0703D5C313AB
:10D9E0000133012B0FD9EBF75BFB060020000F0082
:10D9F000EBF756FB02000B0030003900F9F7CAFBC9
:10DA0000EBF788F808E0E3130133012BEBD8401063
:10DA100064106043FFF776FED0BDD0B503000C0064
:10DA200003290FD0EBF73CFB060020000F00EBF7BB
:10DA300037FB0B00020039003000F8F787FFEBF7E7
:10DA400069F803001800D0BDF8B501230C00184296
:10DA500001D019420FD1EBF723FB060020000F0085
:10DA6000EBF71EFB02000B0030003900FBF7DEFC79
:10DA7000EBF750F80EE04B10EDD0EBF735FB05005F
:10DA80002000EBF731FB01002800F7F7B9FB080095
:10DA9000FFF738FEF8BD0123F7B50C00184201D09E
:10DAA000194236D1EBF7FCFA060020000F00EBF725
:10DAB000F7FA04000D0002000B0030003900F7F700
:10DAC000CFFB002805D122002B0034003D001600BA
:10DAD0001F0032003B0020002900F7F7A7FB0028B9
:10DAE00002D02000290011E0EBF7C8F922000090D5
:10DAF00001912B0030003900F9F7C6FD009A019B17
:10DB0000F9F748FB22002B00F8F7F4FBEBF702F8DB
:10DB100010E040106410844206DB2300040018006B
:10DB20009C4201D1200003E0001BEAF7F5FE20181B
:10DB3000FFF7E8FDFEBD10B5EBF7B2FAFBF7E2FC2C
:10DB4000EAF7E8FF10BD10B5EBF7AAFAFBF762FDA4
:10DB5000EAF7E0FF10BD10B5EBF7A2FAFAF7E6FD21
:10DB6000EAF7D8FF10BD10B5EBF79AFAFAF7FEFC0A
:10DB7000EAF7D0FF10BD10B5EBF792FAFBF79EF96C
:10DB8000EAF7C8FF10BD70B504000D000E2801D1E2
:10DB9000002016E00E29FBD0012318008C4210D083
:10DBA0000B401C42F4D12000EBF752FA060028008B
:10DBB000EBF74EFA8642EBD1320029002000FFF746
:10DBC000BAFE70BD10B5FFF7DEFF4223002800D17A
:10DBD000383B180010BD10B5FFF7D5FF42230028D1
:10DBE00000D0383B180010BDF7B504000D000E281A
:10DBF00001D1002051E00E29FBD0FFF7ACFD06005B
:10DC00002800FFF7A8FD01230190019A1800964211
:10DC100043D02B401C42ECD12000EBF719FA0090C6
:10DC200007002800EBF714FA0300032F01D10228A4
:10DC300003D0032815D1022F29D12000EBF730FAA9
:10DC4000060028000F00EBF72BFA02000B00300053
:10DC500039000124F7F7EAFA002800D1041CE0B2E9
:10DC60001BE0012F09D0012801D0019500E002231B
:10DC7000009A26009342BCD103E0012809D1022377
:10DC80000093009A01993000FFF755FE05E0012F3F
:10DC9000EBD1022234000092E7E7FEBD10B5FFF79A
:10DCA000A3FF10BD10B5FFF79FFF4223002800D14E
:10DCB000383B180010BD10B5FFF796FF422300282F
:10DCC00000D0383B180010BDF8B50F00002446689E
:10DCD0000589AC420AD2A3003900F058FFF784FF4F
:10DCE000002801D0200003E00134F2E70120404287
:10DCF000F8BD10B500220400FFF7E6FF0100002088
:10DD0000814203DB201D00F03FFD012010BD10B556
:10DD10000123422805D000230A2802D0EBF7BEFADF
:10DD20000300180010BDF8B504000E000E2801D144
:10DD3000022042E00E29FBD0EBF78AF90500300003
:10DD4000EBF786F9032D06D1032804D1310020001A
:10DD5000FFF778FC32E00020B4422FD02000EBF730
:10DD60009FF9040030000D00EBF79AF9220006003D
:10DD70000F002B0020002900F9F7DAFF0028D7D187
:10DD800032003B0030003900F9F7D2FF0028CFD134
:10DD900032003B0020002900F7F74EFA00280BD193
:10DDA0003B00320020002900F7F75AFA431E984141
:10DDB00001234042184001E001204042F8BD10B567
:10DDC00001230C001C40044004D0884200DB0023E7
:10DDD000D8B206E0FFF7A7FF0300C00F023300D15F
:10DDE000200010BD0B00034010B5DB0709D4FFF77E
:10DDF0009AFF831C01D10A2006E00028FBDC4220A8
:10DE000002E08842FBDDF6E710BD0B00034010B5D1
:10DE1000DB0709D4FFF787FF831C01D10A2006E046
:10DE20000028FBDA422002E08842FBDBF6E710BD67
:10DE30000B00034010B5DB0705D4FFF774FF002883
:10DE400003DA0A2002E08842FBDB422010BD0B000F
:10DE5000034010B5DB0705D4FFF765FF002803DC9E
:10DE60000A2002E08842FBDD422010BDE42010B50C
:10DE70008000ECF73DFB10BD10B5ECF7A7FB0400EC
:10DE8000102000F097FD23690360206110BD10B5DC
:10DE9000ECF79CFB4369122B03D0EBF741FBEBF74C
:10DEA00017FB10BD70B50E00EBF7FAF80400300058
:10DEB0000D00EBF7F5F802000B0020002900FBF73E
:10DEC0004BF9EAF727FE70BD10B5EBF7E9F8FAF762
:10DED0004DFFEAF71FFE10BD10B5EBF7E1F8FAF7BA
:10DEE000FDFEEAF717FE10BD10B5EBF7D9F8FAF70B
:10DEF000D3FBEAF70FFE10BD10B5EBF7D1F8FAF738
:10DF000097F9EAF707FE10BD10B5EBF7C9F8FBF774
:10DF1000C1F8EAF7FFFD10BD10B5EBF7C1F8FAF74D
:10DF2000FBFFEAF7F7FD10BD10B5EBF7B9F8FBF70B
:10DF300071FCEAF7EFFD10BD10B5029C94421FDBA7
:10DF4000002B09D00B0080185C1A94421BDA1C7855
:10DF5000013804700133F7E7042A06D10323034094
:10DF60000BD10A68026018000EE0022A05D10123D5
:10DF7000034002D10A88028005E004F0C5FC02E0FB
:10DF80000120404200E0002010BD10B50400080050
:10DF90000299914205DA002104F0D4FC01204042AC
:10DFA00020E0002B09D00300A418191A914218DAB6
:10DFB000013C217819700133F7E7042A05D10323C6
:10DFC00023400BD12268026006E0022A06D1012319
:10DFD000234003D122880280180003E0210004F0CE
:10DFE00093FC002010BD08307047031E07D00023AB
:10DFF000994204DB4268914201DA41180B7A180019
:10E000007047002806D0002904DB4368994201DAF2
:10E0100041180A72704710B5FFF7E7FF10BD0123E2
:10E02000820705D1002803D0000F43425841C3B2F4
:10E030001800704710B5FFF7E4FF10BD70B50C0075
:10E040001600002B1CDB00291ADB41688C4217DC10
:10E050005268091BD21A8A4200DD0A00002A0FDB2F
:10E0600035000835864204D1E918281904F055FC1A
:10E0700004E008300019E91804F046FC002001E033
:10E080000120404270BD4068704710B5002A0EDB89
:10E090004468A2420BDC002B00DA2300A41A9C4245
:10E0A00000DD1C0008308018220004F04BFC10BD7D
:10E0B000436810B51C008B4200DD0C00002A00DA1A
:10E0C0001A00191B914200DD110008300019EAF70F
:10E0D000F3FB10BD70B50D00002B01DA43689B1AED
:10E0E000002A2EDB44689918A1422ADC8A4228DCE7
:10E0F000002B26D0690024D059428D4201DDAB426D
:10E1000006DC0022012311005B42FFF7BEFF18E08E
:10E1100008308618002D09DA6C425A19310030197E
:10E1200004F0FBFB22000021300008E05C1B7119A9
:10E130002200300004F0F1FB2A000021301904F025
:10E1400001FC70BD030010B508305968FFF76CFA88
:10E1500010BD70B50400160008001D1E01DA6368CA
:10E160009D1A002E2BDB6268AB19934227DC9E427E
:10E1700025DC002D23D0430021D0002801DA2B021A
:10E18000C0182900F7F73CF8002900DA49192200E5
:10E190000832921951180B0055199A420FD0147871
:10E1A0001E780132501E0670581C1C70854202D128
:10E1B00008000300F1E79142FBD10100F9E770BDCF
:10E1C000012307B55B4200930023FFF737FF07BD2C
:10E1D0000300002010B50C0081420DDD18005968C5
:10E1E0000830EBF7ADF91F2C06DC0300E340584084
:10E1F0000123A340013B184010BD10B501000020D1
:10E20000EAF75AFB10BD10B581880630EAF754FBD7
:10E2100010BD30B50400501E85B00D000F2869D820
:10E22000F6F774FE080C14141C25252E2E37203BFF
:10E23000404F475C1800FFF722FB03E01800FFF790
:10E240001EFBC0B2002D55DD207053E01800FFF713
:10E2500016FB02A908800023009518E01800FFF7BC
:10E260000EFB02E01800EAF73FFF02901EE01800E4
:10E27000FFF705FB012302A908701A00009536E09C
:10E280001800FFF7FCFA012302A90880009502227A
:10E290002DE01800FFF7F3FA02E01800EAF724FF78
:10E2A00002900AE01800EAF77DFF02900095002333
:10E2B00005E01800EAF776FF02900123009504229A
:10E2C00014E01800EAF7ECFE02900391072D11DD2F
:10E2D000082202A9200004F017FB0BE01800EAF75F
:10E2E000DFFE0123082202900391009502A920007D
:10E2F000FFF722FE05B030BD10B50C00002A06DB8A
:10E3000041680830891A80182200FFF782FF10BD8B
:10E3100030B5013A050085B000200F2A68D81000FA
:10E3200002AC0091F6F7F2FD080B1517191D26290E
:10E33000323A1B424C584E5A0023012213E000236C
:10E34000012221002800FFF720FE2078FFF7DAF9EC
:10E350004EE0002312E0002319E000231FE0002319
:10E3600025E001231A0021002800FFF70EFE0020FF
:10E370002056EBE701231A00E3E7012302222100E4
:10E380002800FFF702FE0023E05EDFE70123022200
:10E3900021002800FFF7F9FD2088D7E70123042298
:10E3A00021002800FFF7F1FD0298CFE701230422A6
:10E3B00021002800FFF7E9FD0298EAF765FC17E065
:10E3C000002300E00123042221002800FFF7DDFDE7
:10E3D0000298FFF791F90BE0002300E001232100F0
:10E3E00008222800FFF7D1FD02980399EAF792FB73
:10E3F00005B030BD10B5002A03DA0020FFF782F91E
:10E4000007E0436808309B1A80180A001900FFF7DC
:10E410007FFF10BD10B5EBF72FF910BD10B5EBF76E
:10E4200053F910BD704710B5EBF7DCF810BD10B50F
:10E43000EBF7D8F8002801D0EFF788F910BD10B538
:10E440000C00EBF7CFF8002802D02100EFF74AF9D3
:10E4500010BD10B5EBF7C6F8002801D0EFF7D2F9E0
:10E4600010BD10B50C00EBF7BDF8002802D021005C
:10E47000EFF7A2F910BD10B50C00EBF7B3F80028C8
:10E4800002D02100EFF756FA10BD70B504000D0060
:10E490001600EBF7A7F8002808D00321EFF7ACFA35
:10E4A0001023320029002000ECF718F970BDF0B5F8
:10E4B00085B00C001500EBF795F8061E01D1002081
:10E4C00030E0EDF7FBF800900191043C67426741B2
:10E4D000EC173000EFF73AF9B8420BD0EDF7EEF851
:10E4E000009A019B801A9941A142E8D8F1D1854256
:10E4F000EFD2E4E7EDF7E2F803903000EFF726F90A
:10E50000B8420BD1EDF7DAF8009A019B801A9941D5
:10E51000A142D4D8F1D18542EFD2D0E7EDF7CEF8C1
:10E52000039BC01A05B0F0BD704710B50C00EBF7A7
:10E5300059F8002802D02100EFF7A8F910BD10B556
:10E540000124002903D00234012900D00024EBF774
:10E5500049F8002802D02100EFF7F8F910BD10B5F6
:10E560000C00EBF73FF82100EFF746FA10BD10B5AD
:10E5700001000020EAF7A0F910BD704710B50400B3
:10E58000EBF7FAF8036821001B68984710BD10B537
:10E590000400EBF7F1F82100F5F72CFB10BD70B586
:10E5A0000D000400EBF7E8F82A002100F5F716FB50
:10E5B00070BD37B504000E25EBF714F84557282039
:10E5C00004F06FF9032329000093A2B2023BEDF798
:10E5D00081FD37BD10B5EBF727F810BD10B5EBF78F
:10E5E0009DFFEBF7BDFA002010BD704710B501206C
:10E5F000EBF794FC10BD70470020704770477047E0
:10E6000070477047704710B5EAF74AFDFAF75AFBB2
:10E61000EAF780FA10BD10B5EAF742FDFAF784FE7A
:10E62000EAF778FA10BD10B5EAF73AFDFAF7CAFB37
:10E63000EAF770FA10BD10B5EAF732FDFBF776F88D
:10E64000EAF768FA10BD10B5EAF72AFDFAF700FEFE
:10E65000EAF760FA10BD10B5EAF722FDFAF780FD7F
:10E66000EAF758FA10BD10B5EAF71AFDF9F73AFDC6
:10E67000EAF750FA10BD10B5EAF712FDFAF7AEFC52
:10E68000EAF748FA10BD031E0BD003220240002017
:10E69000002A06D1186801239843C378F92B00D0CB
:10E6A00010007047002343810381436070470023BB
:10E6B00043810381436043820382C3607047704794
:10E6C00070477047704770477047012310B5026864
:10E6D0009A431369984710BD10B5FFF7F6FF10BDB8
:10E6E000704783880200181E08D0013B9BB29380BC
:10E6F00012689B00D318002218681A607047F8B59A
:10E70000C688050030000F00EBF7E6F8041C80B265
:10E71000B84200D23C1CA4B2A64214D2A000EBF72F
:10E72000ADFDEA880600002A03D09200296804F0B3
:10E73000EBF8E8880021221A80009200301804F0DB
:10E7400001F92E60EC80F8BDC38810B58B4201D86A
:10E75000FFF7D5FF10BDC38870B504000D008B42D4
:10E7600002D289B2FFF7F0FFA58070BD8388020056
:10E77000181E08D0013B9BB2938012689B00D318EF
:10E78000002218681A607047F8B5838804000020DA
:10E790008B4216D927688E00B8194A1C0568934227
:10E7A00006D9013B5A1A311D9200791804F0B5F8C8
:10E7B00000212800A3882268013B9BB2A3809B0014
:10E7C0009950F8BDF8B50D00818804001600A942E3
:10E7D00014D9013189B2FFF7B7FFA288681C2368FA
:10E7E0008000071F521BD9191818920004F095F8E1
:10E7F0002368DE51A3880133A38002E02900EBF7F0
:10E800001BF9F8BD7047F7B5068947680020B0428C
:10E8100005D28300FB588B421AD00130F7E7002461
:10E820008B1D8D880193B4420CD2A300F9588B88BC
:10E830009D420AD106312A00019804F056F80028BA
:10E8400003D104E00120404202E00134EBE7200064
:10E85000FEBD704710B5EBF74BFE10BD10B5FFF7CE
:10E8600012FF002804D00089063843425841C0B244
:10E8700010BD10B5ECF714FF10BD10B5ECF71EFF7E
:10E880008000800810BD10B5EBF770FE10BD10B50C
:10E8900000F01DF910BD10B500F038FA10BD70473A
:10E8A00010B5C11700F00FF910BD1FB5D3B28AB271
:10E8B00081B2684600F026FC05B000BD10B5002B03
:10E8C00000D11033EBF70AFF10BD10B5ECF752F989
:10E8D00001214942FEF7A8FE10BD10B500F012FA62
:10E8E00010BD704710B5081E03D08988063000F0AF
:10E8F000F4F810BD70477047802010B54000ECF769
:10E90000E9FDF8234360002304008361EBF7B8F9C5
:10E910002000EBF7D7F910BD0123820705D10028AD
:10E9200003D0000F43425841C3B21800704710B5DE
:10E930000A008188EBF76CF810BD0122036893434D
:10E9400018888010704770B504680500002C06D048
:10E950002000EBF71FFAA9882000EBF759FA70BDE9
:10E9600070B50400ECF7B6FD083C05004460A30751
:10E9700003D0D2208000EBF7BBFD2800EBF780F935
:10E980002800EBF79FF970BD10B5002811D0C468BE
:10E99000002C09D02368436063688360A368C36068
:10E9A0002000EBF7BFFB04E0EBF7BCFB2000EBF72C
:10E9B00015FE10BD10B5031E08D0EBF75FFC8023D9
:10E9C000021F11689B050B4313600300180010BD64
:10E9D00010B50400FFF7A0FF002802D12000EBF7DC
:10E9E000ADF910BD10B50430FFF7ADFF10BD10B587
:10E9F00081880C30EBF70CFA10BD10B54068EBF7CE
:10EA0000E3F910BD10B504000430FFF79CFF2000AF
:10EA10000C30FFF798FF10BD012210B508C89343D2
:10EA2000198804398908EBF7F3F910BD0320704702
:10EA3000808880000F3080087047022070470520D2
:10EA4000704710B5EBF782FD10BD10B5ECF74EFC2A
:10EA500010BD70477047704770477047704710B5DA
:10EA6000040003F01AFF200010BD10B5040003F0ED
:10EA700014FF200010BD10B5040003F00EFF2000AD
:10EA800010BD10B5040003F008FF200010BD10B544
:10EA9000FFF79EFFECF748FC10BD10B50400200006
:10EAA000EBF7D4FC1420ECF721FCF8E710B50400D8
:10EAB000EBF700FD200003F0F0FE200010BD10B5C4
:10EAC000ECF732FC10BD10B503F0C1FD10BD10B560
:10EAD00089B280B200F05FF910BD10B5EBF7F6FC1B
:10EAE00010BDF8B50D00002116001F000400EEF760
:10EAF000F9FD9620400003F0AAFD72B63B003200FB
:10EB00002900200000F050F862B6F8BD70B50D0085
:10EB1000002116000400EEF7E5FD9620400003F00A
:10EB200096FD72B632002900200000F024F862B68B
:10EB300070BD10B5041E0AD04368002B07D0080032
:10EB4000EAF750FD210062680831FFF7DFFF10BDD2
:10EB500070B50400150000280BD04368002B08D0C6
:10EB60000800EAF73FFD21002B0008316268FFF73B
:10EB7000B8FF70BD7047F0B50C4615468068416817
:10EB80000269C36808E01960064200D11160760886
:10EB900007D10134013D05D38026C046116020789D
:10EBA000F1E7FBE71160F0BDF0B50C4615461F46D6
:10EBB000806841680269C36808E01960064200D1B4
:10EBC000116076080AD10134013D08D380262078EF
:10EBD0007843000A1160C046C046EEE7FAE71160CC
:10EBE000F0BD10B518C96210E10701D58158CB58A6
:10EBF0008018984710BD70B5DD24A40005000059A9
:10EC0000002804D002F0D3FA836D9B0702D400F0F1
:10EC10007DF870BD2859F2F71DF8036813215B6A6F
:10EC20009847642003F01EFDF1E782B030B585B04F
:10EC300008920500082202A8099303F065FE039BD1
:10EC4000029C5810DB0701D52B581C592D180AA916
:10EC50000822684603F058FE089A099B2800A0473E
:10EC600005B030BC08BC02B0184782B01FB5040024
:10EC7000100C0338069207930A282DD8F6F746F9A8
:10EC8000062C20192C272C2C2C2C2000200069303D
:10EC9000FF30002100F0B2FC20009130FF30002155
:10ECA00000F0ACFC2000B930FF30012101F0CFFCB6
:10ECB00012E0E6235B00E15801A800F033FD0BE011
:10ECC000E4235B00E15801A800F050FC04E02000C0
:10ECD000E130FF30EFF7FAFC1FBC08BC02B0184768
:10ECE0003ADF704712DF704713B56B46DC1D002317
:10ECF00020002370FFF7F6FF207801384342584187
:10ED0000C0B216BD80235B05586E704710B5EBF797
:10ED100025FF10B58368984710BD704710B50400F3
:10ED200003F0BBFD200010BD72B601650B68002B1F
:10ED300002D14365086006E05A6D002A01D0130035
:10ED4000FAE75865426562B67047036D002B12D032
:10ED500072B6026D1368984202D1436D136006E0EB
:10ED60005A6D904201D01300FAE7426D5A650023B4
:10ED70004365036562B6704770B504000E00150068
:10ED8000ECF73AF9002805D00123320029002000D1
:10ED9000ECF7C0F970BD10B5ECF78AF9041E01D18B
:10EDA000ECF73AFA200010BD10B50C008047A047E0
:10EDB000ECF7BAFA10BD10B5ECF71EF9002801D037
:10EDC000ECF7B2FA10BD70B51400030010000D008E
:10EDD00098472000A8472000FFF7EDFF70BD10B551
:10EDE000ECF704FAECF718FAFAE700234360037033
:10EDF00070470300F0B58208980702D1181E01D1B0
:10EE000037E00132541C72B6802621C93606A8426A
:10EE100017D20368002B11DA5B005B0899004118D8
:10EE20000F68002F08DAA94206D231007F007F0860
:10EE3000DB1919430160F1E7A34205D29B00C0181A
:10EE4000E5E762B6002014E00232934203D9920053
:10EE50008218954204D803685B005B08036006E0F3
:10EE600080211B1B0906043A0B431360046062B641
:10EE70000430F0BD70B5040008000E00ECF72AFB6A
:10EE80000500002C0ED000280CD0231F1A68920019
:10EE9000B24200DD32002100280003F035FD2000E1
:10EEA000ECF74EFB280070BD10B50800ECF712FB24
:10EEB00010BD10B50800ECF743FB10BD10B50800FD
:10EEC0001100FFF7D7FF10BDF7B504001D0008AB18
:10EED0001B88103016000F00019300F008F9200085
:10EEE0002430FFF782FF6A460023928827806680DD
:10EEF000A5602000E360A280E3622362FEBDF7B557
:10EF000004001D0008AB160004CB10301B880F0056
:10EF10000092019300F0EBF820002430FFF765FF2A
:10EF2000009B019AE36001231343A3800023278001
:10EF30006680A5602000E3622362FEBD10B5838871
:10EF400004009B0702D5806803F0A7FC200010BDD9
:10EF500082B030B5046A87B00B9305000A92012392
:10EF6000002C14D110220AA902A803F0CDFC18200D
:10EF700003F097FC0400082204A9684603F0C4FCCF
:10EF8000029A039B200000F0CDF82C621BE022695E
:10EF9000002A02D001331400F9E7092B13DC1022F8
:10EFA0000AA902A803F0B0FC182003F07AFC0500BF
:10EFB000082204A9684603F0A7FC029A039B2800D4
:10EFC00000F0B0F8256107B030BC08BC02B01847AB
:10EFD00010B50400006800F008FA200010BD70B5FC
:10EFE000060008000D0003F0EDFC04000530ECF70E
:10EFF00071FA306000F0E8F9306829004480621C42
:10F00000043003F081FC70BD1FB50400080001A9A5
:10F01000EBF770FD200001A9FFF7E1FF200004B02D
:10F0200010BDF8B50B68170002241C5F13680500BB
:10F0300002229B5E0E00E418601DECF74BFA28607C
:10F0400000F0C2F92868316844800223CA5E0430A7
:10F05000043103F059FC2B683968181D336802220B
:10F060009B5EC0180223CA5E043103F04DFC2B687E
:10F0700028001C1900232371F8BD10B5040008688E
:10F08000206000F0A8F9200010BD70B50B680400E6
:10F0900000680D00984205D000F0A7F928682060AC
:10F0A00000F099F9200070BD70B5136804005D8808
:10F0B0000868002D01D1206004E04088002804D1B8
:10F0C0001800236000F087F902E02000FFF7A9FF95
:10F0D000200070BD0023994207DB02680223D05E46
:10F0E0000023884201DD51180B7918007047002376
:10F0F00010B5038043800400ECF7E0FAA060E16003
:10F10000200010BD70B50180428004001D00ECF7A6
:10F11000D5FAA060E160002D02D02000ECF758FB8A
:10F12000200070BD82B010B5040003930292FFF777
:10F13000DEFF102202A9200003F0E6FB00232000DE
:10F14000236110BC08BC02B0184710B50400006869
:10F1500000F04BF9200010BD10B50A00002103F0AB
:10F16000F1FB10BD10B504000868206000F033F911
:10F17000200010BD70B50B68040000680D009842B7
:10F1800005D000F032F92868206000F024F9200052
:10F1900070BD10B500684188838806305943FFF779
:10F1A000DBFF10BD10B504000023ECF79FFB20002F
:10F1B00010BD10B50400ECF799FB200010BDF0B5B0
:10F1C00087B004910CA90978070005910168002017
:10F1D0000391498801918A4277DA039989888B42A1
:10F1E00073DA049C2468A446648815190294854245
:10F1F0006BDD6446A4881E19864266DD002A03DAA8
:10F2000000952800019D03E00198029D801A00905E
:10F21000A84200DD0095002B03DA8E4205DD0E00CA
:10F2200003E0CE1AA64200DD260060460024D11776
:10F23000554206302940A34202DA029C64425C43F4
:10F24000641804190398111C0630002A00DA002102
:10F25000002509B2AB4201DD019D5D43059B6918A4
:10F260004518002B27D000221000B2422DDA0023CF
:10F2700000998B4206DAE15C002901D0E9540130A3
:10F280000133F5E7049B01321B6801935B88E418A6
:10F290003B685B88ED18E8E721002800009A03F03E
:10F2A00033FB049B1B6802935B88E4183B685B8814
:10F2B000ED18019B01330193019BB342ECDBF0435A
:10F2C000009BC01730404343180007B0F0BDF0B5B5
:10F2D00087B000AF09687B613B6BB8603961D418B7
:10F2E000786B7B6949881B188C4201DA002C00DCA2
:10F2F0000C0038698688B34202DA002B00DD1E005C
:10F300003300684663430733DB08DB00C31A9D46BE
:10F3100078697B6041433B69891806335D186B4609
:10F32000FB607B699E420EDD29002200F86803F035
:10F33000EBFA3B695B88ED18FB689B19FB607B6906
:10F3400001337B61EDE7B86832B221B27B68ECF73C
:10F35000CDFABD46B86807B0F0BD10B50400096825
:10F3600004200A5E8B1D0220095E2000ECF7BEFA25
:10F37000200010BD10B50400006800F036F8200031
:10F3800010BDF8B5D443E4171440070020000C303A
:10F390001E000D00ECF79EF8386000F015F83B6891
:10F3A0001C7238684660002D04D009302200290004
:10F3B00003F0AAFAF8BD002310B504000A001900F2
:10F3C000FFF7DFFF200010BD03230380704710B557
:10F3D000ECF79EFB10BD10B50400ECF799FB00287C
:10F3E00002D123880233238010BD10B50400ECF74E
:10F3F0008FFB002809D12388023B9BB2012B01D04F
:10F40000238002E02000ECF79BF810BD036870B584
:10F41000040001811B6A9847236805005B6920008E
:10F4200098472081280070BD00897047036870B537
:10F43000040081721B6A984723680500DB6920007D
:10F440009847A072280070BD807A7047704710B549
:10F45000040003F022FA200010BD0C300EC849430E
:10F4600052435B438818C01870477FB50400FFF70C
:10F47000F4FF2500902306001B04313598422AD959
:10F48000638F002B07D1013308220D216846FFF757
:10F4900039FE0123638790239B049E4219D9A38FD1
:10F4A000002B07D1013309220D216846FFF72AFE00
:10F4B0000123A3878023DB049E420AD9E38F002B1C
:10F4C00007D101330A220D216846FFF71BFE0123F5
:10F4D000E38700232B702B78042B02D801332B7089
:10F4E00003E00023E387A38763872000ECF70AFC8F
:10F4F00002000B2813D02300A18E3033814204D1A7
:10F500001A78042A04D8013201E00022A0861A7079
:10F51000A28E618E914208D01B78042B05D9628699
:10F5200001230D216846FFF7EDFD7FBD30B50400D6
:10F53000036A8BB0009302AD416A8269C3692800F7
:10F5400001F0FCFD23000C3307CD07C30222A37991
:10F5500020009343A371FFF788FF0123A1881A00BD
:10F5600006A8FFF7CFFD00200BB030BD70B50C0032
:10F5700005000B6808005B6A984721002B000C31DE
:10F5800015C915C3280070BD10B5040003685B6A77
:10F590009847E06810BD10B5040003685B6A98479F
:10F5A000206910BD10B5040003685B6A9847606964
:10F5B00010BD10B5040003685B6A9847A3799B07E8
:10F5C00002D42000ECF766FCA06A10BD10B5040060
:10F5D00003685B6A9847A3799B0702D42000ECF785
:10F5E00059FCE06A10BD408E704710B50400ECF77E
:10F5F000F5FC200003F051F9200010BD0630C17762
:10F6000070470123807918407047036870B5040083
:10F6100001811B699847236805009B692000984772
:10F620002081280070BD00897047704710B5040024
:10F6300003F033F9200010BD30B50400436BC268FD
:10F6400001699A1A83698BB05A43836B92125B1AD1
:10F65000C16942634B439B128363C16B406902AD36
:10F66000091A206A41438912E16300912800216C44
:10F6700001F064FD2300283307CD07C30123A188CF
:10F680001A0006A8FFF73EFD00200BB030BD002396
:10F6900010B58371643303810368040081801B69A2
:10F6A00098470222A3799343013A1343A37110BDF3
:10F6B00084B030B5069303000491059204AC0C337A
:10F6C00026CC26C326CC26C322681A600222837960
:10F6D0001343837130BC08BC04B018478022002358
:10F6E000D2008261C26102620222C360036143618F
:10F6F000436283799343837170474164704773B564
:10F700000C00050016000B680800DB699847E36BE6
:10F71000280001960093626BA36B216C01F0CFFC73
:10F72000280076BD70B50C0005000B680800DB6989
:10F73000984721002B00283115C915C3280070BD3A
:10F74000F0B587B0010003A8FFF7ECFF0398F8F7C6
:10F7500045FB040004980D00F8F740FB06000598EF
:10F760000F00F8F73BFB2200009001912B002000D6
:10F770002900F7F70FFD320004000D003B003000B8
:10F780003900F7F707FD02000B0020002900F6F70B
:10F79000B1FD009A019B04000D0010001900F7F75D
:10F7A000F9FC02000B0020002900F6F7A3FDFAF790
:10F7B00031F8F8F7DDFA07B0F0BD10B504000368C2
:10F7C000DB699847A06A10BD10B504000368DB69C7
:10F7D0009847E06A10BD10B504000368DB699847DC
:10F7E000206B10BD82B030B585B0089205000822AC
:10F7F00002A8099303F088F8039B029C5810DB07CA
:10F8000001D52B581C592D180AA90822684603F067
:10F810007BF8089A099B2800A04705B030BC08BCBB
:10F8200002B01847F8B50A6803680E000700981A76
:10F83000F6F7DAFC72687B68051C981AF6F7D4FCB8
:10F84000BB68041CB068181AF6F7CEFC291C061C0D
:10F85000281CF6F70DFA211C051C201CF6F708FAE7
:10F86000011C281CF5F7C4FE311C041C301CF6F7E3
:10F87000FFF9011C201CF5F7BBFEF8BDF0B585B003
:10F88000019002910392FFF7CDFF0127041C061C93
:10F89000039B9F4217DA0C217943029B0198591868
:10F8A000FFF7C0FF051C011C201CF5F713FD002805
:10F8B00000D02C1C291C301CF5F7F8FC002800D0C7
:10F8C0002E1C0137E4E7211C301CF6F7E5FA05B0E1
:10F8D000F0BDF0B58BB009938023DB000025C36039
:10F8E00003614361002304000C270791089205601F
:10F8F0004560856085610293119B9D4218DA39004D
:10F900006943109B07A85918FFF78CFFF8F7E0FA36
:10F91000F9F780FFF8F72CFAF6F766FC061C011CD5
:10F920000298F5F7C3FC002800D002960135E3E702
:10F9300000260023109D059301960096371C059B19
:10F94000119A93425EDA290007A8FFF76BFFF8F7D8
:10F95000BFFAF9F75FFFF8F70FFB011C039002985D
:10F96000F5F7BCFFFE218905F6F796FA0490381CDE
:10F97000F6F718FC07000498F6F714FC874200DA43
:10F9800007003800F6F730FC2B68079A071C981A16
:10F99000F6F72AFC0399F5F7A1FF40000499400807
:10F9A000F6F766F9011C0098F5F722FE089B009017
:10F9B0000693069A6B68981AF6F716FC0399F5F702
:10F9C0008DFF400004994008F6F752F9011C019898
:10F9D000F5F70EFEAB68019009980C35181AF6F78A
:10F9E00003FC0399F5F77AFF400004994008F6F705
:10F9F0003FF9011C301CF5F7FBFD059B061C01338C
:10FA000005939CE70099081CF6F732F90199051C4B
:10FA1000081CF6F72DF9011C281CF5F7E9FD311C2F
:10FA2000051C301CF6F724F9011C281CF5F7E0FD35
:10FA3000F8F74EFAF9F7EEFEF8F79EFA051C011CEE
:10FA40000098F5F74BFF391CF6F712F9FE218905EE
:10FA5000F5F7CEFD8921C905F6F70AF9F6F7A2FBFD
:10FA6000291CE0600198F5F739FF391CF6F700F919
:10FA7000FE218905F5F7BCFD8921C905F6F7F8F8DF
:10FA8000F6F790FB291C2061301CF5F727FF391C85
:10FA9000F6F7EEF8FE218905F5F7AAFD8921C905DB
:10FAA000F6F7E6F8F6F77EFB079B60612360089B9C
:10FAB000029800936360099BA360F6F773FBA06153
:10FAC00020000BB0F0BDF0B50025040017000B00BE
:10FAD0002E0028002A0091B00791BA4208DA19686E
:10FAE000013240185968761899680C336D18F4E79C
:10FAF0003900F5F79FFA390020603000F5F79AFADF
:10FB0000390060602800F5F795FA3A00A06007997F
:10FB10002000FFF7B3FE00260DAB08900696059671
:10FB20000393C8235B420493C8235B420293C82318
:10FB30005B4201932200039B23CA23C32268049BD8
:10FB40009446039A6344136062681D009446029BC6
:10FB5000039A63445360A26809939446019B039AF5
:10FB60006344936007993A0003980A93FFF786FE6F
:10FB70000B90011C0898F5F7ADFB002805D0099BF8
:10FB80000A9E06930B9B05950893019BC83301932E
:10FB90001A00C8235B009A42CCD1029BC83302935F
:10FBA0009342C4D1049B029AC83304939342BBD1BD
:10FBB000059B2268934206D16368069A934202D15C
:10FBC000A368B34205D0059BA6602360069B6360D3
:10FBD000A7E7200011B0F0BD70B504000D001600BD
:10FBE00086B003A8FFF76FFF2000019600950399E8
:10FBF000049A059BFFF76DFE200006B070BD10B59E
:10FC000018C96210E10701D58158CB588018984770
:10FC100010BD10B50021406C02F0F8FD10BD10B50C
:10FC20000400ECF7EBFE200002F037FE200010BDD0
:10FC300010B50400ECF7D4FE200002F02EFE2000E8
:10FC400010BD70B505000400743501212800EBF7E4
:10FC50000FFF2200563213780133DBB21370E179C3
:10FC600001318B4225D1002326001370226D5436BA
:10FC70000221525E33882021934205DA200019B216
:10FC80005030FFF727FA0100E27900232800EBF754
:10FC9000A5FE226D33880221525E934207DD2300C8
:10FCA000002248331A702000ECF7B2FF01E0013364
:10FCB000338070BD70B505000600826D5C35022191
:10FCC000525E2B88040074362021934204DA19B264
:10FCD0005830FFF7FFF90100002330001A00EBF75E
:10FCE0007DFEA26D2B880221525E934207DB23002A
:10FCF000002248331A702000ECF78AFF01E001333C
:10FD00002B8070BD73B504000600250074363000EA
:10FD10006435FFF73EFA0023EA5E210000236031DC
:10FD200000933000FFF74BFA002804D123006C3316
:10FD30001B78002B05D1230066331B785BB2002BA8
:10FD400007D12300002248331A702000ECF760FF2F
:10FD500005E02A886C34D3182B800123237073BDEF
:10FD6000F0B506000021050004006636006E7156ED
:10FD7000408864350023EA5E4B1D1B1A200085B0C5
:10FD80006C3003909A4202DC0378002B24D12700C8
:10FD90007437002A04DD494209B23800EBF768FEE7
:10FDA0000023EA5E21000023603100933800FFF752
:10FDB00006FA0023F356002B05D1220048321370B7
:10FDC0002000ECF725FF0123039A137000222B88F3
:10FDD000B256D3182B800DE0250048352B78062B22
:10FDE00003D120007430FFF7D4F9002320002B70DA
:10FDF000ECF70EFF05B0F0BD70B5050048352B7867
:10FE00000400002B33D0EBF711FC23004C331A888D
:10FE10001018220080B218804A321288824226D8F6
:10FE200000221A802B78022B02D12000FFF709FF55
:10FE30002B78032B02D12000FFF73CFF2B78042BFB
:10FE400002D12000FFF75EFF2B78052B0BD02B781B
:10FE5000062B08D02B78072B09D1002320002B700C
:10FE6000ECF7D6FE03E02000FFF77AFFF2E770BD63
:10FE70001FB5036F827A9B68040001339A4207D151
:10FE80008188012302226846FFF73CF9002306E03F
:10FE9000ECF744FE2000FFF7AFFFA37A0133A37213
:10FEA0001FBD10B583790400DB0720D5027B022A31
:10FEB00002D1FFF7DDFF1AE0837A016F0133DBB275
:10FEC000837289688B4201D100238372002A02D198
:10FED0002000ECF723FE237B012B05D16373002365
:10FEE0002000A373ECF7FEFC2000FFF785FF10BD98
:10FEF00070B504000D00022906D1EBF797FB052829
:10FF000002D00520EBF744FB237B022B0CD1022D02
:10FF10000AD0A66E002E05D03000EDF779F930003A
:10FF200002F0BBFC0023A366257370BD007B704705
:10FF3000407A7047F0B5837987B004000D00DB0785
:10FF400002D5002902D035E0002933D0102100224B
:10FF50000127206F41568368CB188B4204DD3E0099
:10FF60008E4001313243F8E7112100230127415629
:10FF7000C0680818884204DD3E008E4001313343DA
:10FF8000F8E71A43002D08D00123002101A8F4F757
:10FF90003BF90122A37913430BE02B00290001A8B0
:10FFA000F4F732F9290001A802F0FAFB0122A37943
:10FFB0009343A37107B0F0BD10B50121FFF7BAFF5D
:10FFC00010BD10B50021FFF7B5FF10BD10B574309E
:10FFD000FFF7DFF810BD052313B50193009300234D
:10FFE000040074311A00FFF772F9200016BD70B5D5
:10FFF000037B0400022B0AD00221FFF779FF48207F
:020000040003F7
:1000000002F04FFC0500216FEDF7BAF8A566A06E6F
:1000100000F0E3F870BD10B50400F3F743FD0023D2
:100020002000237510BD1FB503AC63700023227040
:10003000009322000233ECF7BBFF04B010BD1FB5E4
:100040000F2401236C4400932300ECF7C1FF002828
:1000500000D1207804B010BD70B5040016001D005A
:1000600003220F23EDF7F2FA200031000F230222C2
:100070001030EDF7EBFA200029000F230122203089
:10008000EDF7E4FA200004990F2304223030EDF755
:10009000DDFA200005990F2305224030EDF7D6FA4E
:1000A000200006990B2311225030EDF7CFFA2000E3
:1000B00007990B230C226030EDF7C8FA0B232000C0
:1000C0001A0008997030EDF7C1FA200009990B2346
:1000D00012228030EDF7BAFA20000A990B230A2287
:1000E0009030EDF7B3FA20000B990F230622A030D1
:1000F000EDF7ACFA20000C990B231A22B030EDF783
:10010000A5FA20000D990B231422C030EDF79EFABA
:1001100020000E990B231722D030EDF797FA20001C
:100120000F990B231622E030EDF790FA200010997A
:100130000B231522F030EDF789FA601C11990B237F
:100140001022FF30EDF782FA2000113012990B23B4
:100150000022FF30EDF77AFA200021300B231E2217
:100160001399FF30EDF772FA200070BD10B518C971
:100170006210E10701D58158CB588018984710BD0F
:1001800082B030B585B008920500082202A8099314
:1001900002F0BAFB039B029C5810DB0701D52B58D9
:1001A0001C592D180AA90822684602F0ADFB089ACE
:1001B000099B2800A04705B030BC08BC02B0184716
:1001C00070B504000D001822002102F0BBFB2900CD
:1001D000200002F0CFF9200070BD036842680321BF
:1001E0009A18836810B5D018F4F724FF5221A92378
:1001F000FF315B001A00884204DC083AFF3A904263
:1002000000DD0200FF2008219B1A5843FF31F4F75C
:1002100011FF10BD0069002904DD002802D001395A
:10022000C06AF8E7704710B50400EDF7E3F8200066
:1002300002F033FB200010BDF7B5838804005A0795
:100240000FD59A0648D4DA060BD5010008221831DA
:10025000684602F059FB226963692000FEF778FEC8
:100260003AE00422022601271343A380A3883342E5
:100270000BD0210008221831684602F045FB2269A4
:100280006369A06800F0E7FE10E03B4208D0E36835
:10029000206900936169A269E369A568A84705E040
:1002A00020696169A269E369A568A8471022A3884B
:1002B00013420ED0256A002D0BD02900A01802F0A1
:1002C00023FB2B692800236202F0E7FAEAF7A4FF78
:1002D000CCE704229343A380F7BD030072B64069C4
:1002E000002807D002695A61002A00D19A619A8BCE
:1002F000013A9A8362B67047F7B5002507002E00D1
:100300000469002C1BD0A288E36A11B2002914DA18
:1003100004210A4211D1002E01D13B6100E0F362B9
:10032000E36A20000193FEF709FE200002F0B5FA0F
:10033000340001352600019CE3E70193FAE7280029
:10034000FEBD70B501230D00040088B08669082247
:1003500008316846029302F0D7FA2A686B682000D9
:10036000EDF786F8002827D1A38B092B24D8290084
:10037000102204A802F0C8FA182002F092FA050030
:1003800006A90822684602F0BFFA049A059B2800D5
:10039000FEF7C8FE72B6002E03D1636965612B615A
:1003A00002E033692B6135612B69002B00D1A56117
:1003B000A38B0133A38362B608B070BD82B010B5C1
:1003C00002A902920393FFF7BCFF002010BC08BCF7
:1003D00002B0184730B585B00500FFF78DFF280043
:1003E000FFF77BFF041E13D0010000230831082211
:1003F0006846029302F088FA226863682800EDF7E5
:1004000037F8200002F049FAEAF7CCFE0028E6D1DE
:1004100005B030BD82B030B585B008920500082225
:1004200002A8099302F070FA039B029C5810DB07A4
:1004300001D52B581C592D180AA90822684602F02C
:1004400063FA089A099B2800A04705B030BC08BC95
:1004500002B01847028903008A4202D18079012341
:1004600005E0428900208A4202D19879022318408F
:100470007047028903008A4202D18079042305E093
:10048000428900208A4202D1987908231840704797
:10049000028903008A4202D18079102305E0428953
:1004A00000208A4202D1987920231840704703899E
:1004B00010B58B4207D183790124002A01D0234350
:1004C00000E0A343837143898B4207D183790221E2
:1004D000002A01D00B4300E08B43837110BD0389D8
:1004E00010B58B4207D183790424002A01D023431D
:1004F00000E0A343837143898B4207D183790821AC
:10050000002A01D00B4300E08B43837110BD0389A7
:1005100010B58B4207D183791024002A01D02343E0
:1005200000E0A343837143898B4207D18379202163
:10053000002A01D00B4300E08B43837110BD82B0D1
:10054000F0B589B00E920F93078995B20400BD42B1
:1005500000D147890EAB5E88022E23D0052E0FD026
:10056000012E6FD1290020003200FFF7A0FF3900D3
:100570002000FFF76FFF002864D0A18833000CE053
:10058000290020000122FFF7AAFF39002000FFF711
:1005900070FF002856D00123A188320004A8FEF77E
:1005A000B1FD4FE039002000FFF754FF002815D0BF
:1005B0003200A18801236846FEF7A4FD290020002F
:1005C000FFF757FFA68800282DD039002000FFF73D
:1005D00050FF002827D00123042226E02900200014
:1005E000FFF756FF00280ED1267B012E0BD12900E4
:1005F0002000FFF73EFF002821D03300042229000D
:1006000004A8FEF77FFD290020000022FFF74FFF1E
:10061000290020000022FFF762FF002229002000AD
:10062000FFF775FF0EE001230322310004A8FEF757
:1006300069FD012239002000FFF769FFE3E733007D
:100640000322DCE709B0F0BC08BC02B01847017314
:10065000704703238079184003384342584170475C
:1006600010B518C96210E10701D58158CB58801820
:10067000984710BD70B5837904001B0706D58068C4
:1006800000F07BFD0E23E35683420FD02000ECF7F1
:10069000EBFF082002F005F90E216156050000F07D
:1006A00060FD0822A379A5601343A371002070BDEB
:1006B000D0B5040086B08AB20023818802A8FEF774
:1006C00021FD049E059FA06800F0DFF903000B43A5
:1006D0000AD0049A059B00920193121A8B4102A83A
:1006E00004920593EBF774F832003B00A06800F029
:1006F000C9F906B0D0BD1FB5837904005B0602D5E9
:100700000521FFF7D5FFA3799B0605D5A188012315
:1007100002226846FEF7F6FC1FBD1FB58379040070
:100720005B0602D50421FFF7C3FFA3799B0605D51D
:10073000A188012303226846FEF7E4FC1FBD702355
:1007400010B582791A4201D0ECF78EFF002010BD5F
:10075000704710B5040002F0A0F8200010BD30B5BD
:10076000040085B02569002D1ED0EA78012A06D044
:10077000022A09D12000203000F03FF80AE02000D2
:10078000183000F017F805E092B201230A216846FC
:10079000FEF7B8FC23699D42E4D12000EDF7E2F9B1
:1007A000280002F07AF8DDE705B030BD00230160D3
:1007B000436070471FB504000068EDF7D3F90023CC
:1007C000626843629A4201D160600BE0516A00297D
:1007D00002D001330A00F9E7032B02DD02F05DF8D5
:1007E00006E05062012309211A006846FEF78AFCE0
:1007F0001FBD002341600370704770B5040040685E
:10080000EDF7B0F90123050023700430EAF7E0FFAB
:1008100000232800237002F040F870BD10B518C9FD
:100820006210E10701D58158CB588018984710BD58
:10083000F8B50E001C00150006AA108807AA178834
:10084000B84208D0335C290023700130F4F7D8FC9B
:10085000013488B2F4E7F8BD4C30007870470300EB
:10086000020050334E321B8811888B4204D9118804
:10087000023A1078401800E01088C01A7047020051
:1008800003005C325A3311881B88994205D91188BC
:10089000043A1078C318581A01E01088181A7047E3
:1008A00010B50400012905D12000FFF7E8FF00285A
:1008B000FADC03E0022901D1EAF7AEFC10BD10B565
:1008C00004300022F3F78AFF10BD10B50968130049
:1008D00002240A5F0431EDF71DFB10BDF7B51500CA
:1008E00000AF7B602B000E0069460833DB08DB009D
:1008F000CB1A9D46013200210400684602F022F81E
:100900007B682A0069463000EDF796FB002803DC7F
:100910002000EAF743FF04E002B269462000EAF74C
:1009200013FFBD462000FEBD13B50C0001A8EDF776
:1009300035FF210001A8EDF743FF13BD73B50D008E
:1009400014001E0001A8EDF729FF33002A00210042
:1009500001A8EDF76FFF73BD07B5019280220091EA
:100960005205136952696946133A5A430223FFF745
:10097000E5FF07BD84B010B5049280220391059372
:100980005205116953695269113B133A4A4359435D
:100990000F9B5B1AD21803A90C23FFF7CFFF10BCE3
:1009A00008BC04B0184710B50400EDF7F9FC2000AE
:1009B00010BD8023F7B55B051A695D690191113D92
:1009C0005543EDF7EDFC061E1FD0302001F069FF06
:1009D000302200210400002701F0B4FF0835B7429F
:1009E0000DDA29003022200001F08EFF210001984D
:1009F00001F0DEFF002802D030350137EFE720009C
:100A0000B74202D101F049FF0020FEBD10B50968D0
:100A10000431FFF7CEFF10BD10B509680431EDF7C2
:100A2000EFFC10BD52DF704712DF7047704710B502
:100A3000040001F032FF200010BD10B50400EAF7F9
:100A40002FFE0022A46801238A4202D1844200D9E9
:100A50001300180010BD10B50400EDF737FE10228A
:100A6000A35E1222A05E181A10BD10B5EDF72EFE7F
:100A700010BD10B50400EDF771FE200001F00DFF70
:100A8000200010BD026543657047416D006D7047E1
:100A900029DF704728DF7047002030B51C1A002C72
:100AA00006DD155C0C5C0130AC43F7D0012000E0A2
:100AB000002030BD10B503685B6A984710BD10B5C3
:100AC0000400EDF7EDFF200001F0E7FE200010BD6F
:100AD00010B5C9B20D22FFF7B2FAC73843425841E8
:100AE00010BD10B503685B6A984710BD10B50400CF
:100AF000EEF71CF9200001F0D0FE200010BD10B56B
:100B0000C9B20D22FFF79BFA5A384342584110BD33
:100B100010B50368DB69984710BD10B50400EEF707
:100B20007BF9200001F0B9FE200010BD10B5C9B25C
:100B30000722FFF784FAC4384342584110BD10B56C
:100B400003685B6A984710BD10B50400EEF77EFAA3
:100B5000200001F0A2FE200010BD10B5C9B20F2286
:100B6000FFF76DFA33384342584110BD10B50368A2
:100B7000DB69984710BD10B50400EEF71BFB2000A1
:100B800001F08BFE200010BD10B5C9B24F22FFF757
:100B900056FA40384342584110BDA7DF7047A9DFDD
:100BA0007047AADF704768DF704710B50368002BF5
:100BB00001D00800984710BD10B50368002B01D084
:100BC0000800984710BD10B50368002B01D008003D
:100BD000984710BD10B50368002B01D00800984756
:100BE00010BD10B50368002B01D00800984710BD58
:100BF00010B50368002B01D00800984710BD10B550
:100C00000400EEF745FB200001F047FE200010BD78
:100C10001FB50123FA211A0089006846FEF772FA0F
:100C200005B000BD0022431C0270C11D1A700133C3
:100C30008B42FBD1704770B51D000E001100C27FC2
:100C40000400931C5B1901201F2B12DC2B18A354EA
:100C5000E37F2A001B18DBB2E377E654E07F013024
:100C6000C0B2E077201801F04FFE0020E37FED18BE
:100C7000E57770BD0200010010B5036834320A3117
:100C80009B6F984710BD10B50400FFF7F3FF236872
:100C9000211DDB6F2000984710BD10B50022040015
:100CA0000270431C11341A700133A342FBD14182FC
:100CB00010BD37B50D00EFF7CDFF6B46DA1D0123F0
:100CC000040019000A301570EEF7DEFB002802D18F
:100CD0002000FFF7CFFF3EBDF8B50D0016001F0046
:100CE000EFF7B8FF0400092D03D1036831005B6BF7
:100CF000984720003B00320029000A30EEF7C4FB81
:100D0000002802D12000FFF7B5FFF8BD70B5EFF75E
:100D1000A1FF05000A3504001F220021280001F070
:100D200011FE00232000EB77FFF7A4FF70BD806861
:100D300010B5002803D0EFF78DFFFFF7A4FF10BD1B
:100D400070B58AB003AD06002800FFF76BFF1320D3
:100D50006844FFF767FF1A206844FFF763FF21200C
:100D60006844FFF75FFF042301ACB068637101952D
:100D7000EFF790FF036821001B699847A0790AB03C
:100D800070BD10B504001830FEF77FF901236361D0
:100D900010BD022370B5436104000D00EAF780FC2A
:100DA0002061002D07D00823626913430422636188
:100DB000A3791343A37170BD8023F0B55B0585B0A3
:100DC00008005F6E0291FFF701F901230424052555
:100DD000019329003800F4F729F908000199F4F784
:100DE0009FF80523052200265D43019B0390534392
:100DF0003F1A0193039B01339E420ADA04230298AF
:100E00009A1B12B221B2FB337430EAF713FD01369C
:100E1000F0E7013CDDD205B0F0BD0130C07F704786
:100E200037B504680D00002C0ED0011D082268465D
:100E300001F06AFD019A009B5010D20701D522589B
:100E4000D35820182900984737BD10B54A88838A9F
:100E500090B00C009A4219D10B89002B16D0CB68A8
:100E60001B78012B12D18068EFF7F4FE036815217F
:100E70005B6A9847FA20800001F0F4FB238804A8FD
:100E80000380002301A90B70F2F706FD10B010BD1E
:100E9000704710B5040001F000FD200010BD37B50B
:100EA00004680D00002C0ED0011D0822684601F0D8
:100EB0002BFD019A009B5010D20701D52258D35820
:100EC00020182900984737BD37B504680D00002C5D
:100ED0000ED0011D0822684601F016FD019A009B04
:100EE0005010D20701D52258D3582018290098470E
:100EF00037BD82B030B585B008920500082202A83F
:100F0000099301F001FD039B029C5810DB0701D5FA
:100F10002B581C592D180AA90822684601F0F4FC28
:100F2000089A099B2800A04705B030BC08BC02B055
:100F3000184713B5836A4A88DB8B04009A420ED1A6
:100F4000838D013383858068EFF794FEA36A2200C6
:100F5000D98B0023046800931832E468A04713BDBE
:100F600070B50400013025000300002611351E7005
:100F700001339D42FBD10023638201332370002A99
:100F800008D10B001033994207D0013B1A78027048
:100F90000130F8E7102201F0C0FCA37B627B1B024A
:100FA00013432000638270BD10B500F000F9806D1E
:100FB00010BD82B010B50400806803930292FFF761
:100FC000F3FF83070ED502AB1A88A068A2825B8864
:100FD000E382EFF74FFE22000368218C14325C6934
:100FE0000423A04710BC08BC02B0184737B50468FA
:100FF0000D00002C0ED0011D0822684601F084FC73
:10100000019A009B5010D20701D52258D3582018BE
:101010002900984737BD82B030B585B008920500E9
:10102000082202A8099301F06FFC039B029C581050
:10103000DB0701D52B581C592D180AA90822684630
:1010400001F062FC089A099B2800A04705B030BC5B
:1010500008BC02B0184782B073B50400061D0692A2
:1010600008A908226846079301F04EFC6569310023
:10107000069A079B2068A84773BC08BC02B01847B3
:10108000026810B594460A680023944507D10431DC
:101090000430102201F029FC43424341DBB2180026
:1010A00010BD10B5EFF7D2FC406810BD10B5EFF7DA
:1010B000CDFC006810BD017042704360704782B083
:1010C000F0B505920200069308AB1B7805ACE0CCA6
:1010D000E0C2002B2ED04A78002A05D0069A524250
:1010E0004260079A524282604A68022A08D0032A64
:1010F0000DD0012A10D1026841685242016004E01B
:1011000002685242026042685242426004E0426811
:101110000168524202604160012B04D0022B09D1C8
:1011200043685B4202E04268036802604360836890
:101130005B428360F0BC08BC02B0184782B037B590
:101140000400180007930B7806920193089B009304
:1011500003002000FFF7B3FF20003EBC08BC02B034
:10116000184710B50400F3F7B1F9200010BD10B511
:10117000040001F053FB200010BD407840B27047DE
:1011800002000B00F0B5126889B0019203AA1500A5
:101190001E004068016809688C4692CE92C5DB68E3
:1011A0000199D36000231361E04709B0F0BD10B589
:1011B000EFF750FD10BD022070470220704700205D
:1011C00070470020704702207047022070470220BD
:1011D00070470220704702207047022070470220AB
:1011E000704702207047022070470220704702209B
:1011F0007047022070470220704700231360704739
:10120000002070470220704702207047022070477C
:10121000022070470220704700207047002070476E
:1012200000207047022070470220704741607047DD
:1012300081607047C16070470161704741617047CC
:10124000022070470220704702207047022070473A
:10125000022070470220704702207047022070472A
:10126000002070470220704702207047002070471E
:101270007047022070470220704770470220704775
:1012800000207047704766DF704748DF704700797D
:1012900070470C3070470C30704710B5FFF7F5FF02
:1012A00010BD10B50368002B01D00800984710BD91
:1012B00010B50368002B01D00800984710BD10B589
:1012C0000368002B01D00800984710BD10B50368D3
:1012D000002B01D00800984710BD0823F0B597B047
:1012E00002AA137106AA029202AA137310000EAB8F
:1012F00004930C00F0F726FA00230600984202D06F
:101300002371A37136E00500072702AB1B7BA37195
:1013100002AB1B79AB4213D96379AB4201D825717B
:1013200028E03800684323681818029B0193019A4B
:10133000AB0099580135072201F0E6FAEDB2E7E774
:1013400025710727002502AB21791B7B6918AB4269
:101350000FD9637999420CDA794323685918049BB1
:101360000193019AAB009858013500F0C4F9EDB231
:10137000E9E72171300017B0F0BD10B5F0F788F93A
:1013800010BD10B508001100F0F7B8F910BD10B588
:1013900008001100F0F78EF910BD10B5080011001B
:1013A0001A00029BF0F70AF910BD70B5040000683E
:1013B000002804D0056901F070FA2800F8E72060E1
:1013C00070BD10B50400EFF727FD200001F065FAAD
:1013D000200010BD10B50400EFF728FD200001F03B
:1013E0005CFA200010BD10B50400EFF729FD2000C5
:1013F00001F053FA200010BD10B50400EFF72AFDEC
:10140000200001F04AFA200010BD10B50400EFF7EB
:101410002BFD200001F041FA200010BD10B50400A2
:10142000EFF72CFD200001F038FA200010BD10B5B8
:101430000400EFF72DFD200001F02FFA200010BD71
:1014400070B50400E3692362256A002D08D0EB68BB
:10145000210028009847236A002BF3D01B69F2E78C
:1014600020001C30FFF7A1FF28006560A560E56043
:101470002561656170BD10B5FFF7E2FF002800D05F
:10148000062010BD10B50400EFF70CFD200001F0A0
:1014900004FA200010BD10B50400EFF70DFD200088
:1014A00001F0FBF9200010BD10B50400EFF70EFDB0
:1014B000200001F0F2F9200010BD10B50400EFF794
:1014C0000FFD200001F0E9F9200010BD10B5040067
:1014D000EFF710FD200001F0E0F9200010BD70B51D
:1014E0000400E36A2363256B002D08D0EB6821001C
:1014F00028009847236B002BF3D01B69F2E72000EC
:101500002C30FFF752FF20000830FFF74EFF20007D
:101510001430FFF74AFF20002030FFF746FF280075
:1015200070BD70B5037904000920002B20D0F2F7BC
:1015300081F903000520002B1AD12500FC35A86B8A
:10154000002803D1286C002806D10AE003685B6AF2
:1015500098470028F6D00BE003689B6A984700285C
:1015600006D120000C3000F043FA002800D1207191
:1015700070BDF7B5037907000E001400002B08D0EA
:1015800008220021684601F0DDF90A256B461D712D
:101590000CE0EFF753FF05000C20002D0FD10123C5
:1015A00008223B712900684601F0CCF93000EFF7C2
:1015B0002FFBE36800906946200098472800FEBD95
:1015C00010B50400EFF7BAFC200001F066F9200026
:1015D00010BD10B51F220021040001F0B3F9002353
:1015E000E37710BD10B50020EFF7C8FD10BDFC304B
:1015F000836B70B50400002B07D19920800001F0A7
:1016000050F90500EFF7DCFDA563A06B70BDFC3061
:10161000836B70B50400002B07D19920800001F086
:1016200040F90500EFF7CCFDA563A06B70BDF0B5E8
:10163000040087B0E36B2364266C002E08D0F368A7
:10164000210030009847236C002BF3D01B69F2E790
:1016500020003C30FFF7A9FE2000267166710C3097
:10166000FFF7A3FE20001830FFF79FFE2000243074
:10167000FFF79BFE200001AD3030FFF796FE3100F2
:101680002800EFF78DFD23002A00443383CA83C36B
:10169000EB683100236566652800EFF781FD2300C4
:1016A0002A00583383CA83C3EB6831006366A66699
:1016B0002800EFF775FD23002A006C3383CA83C32B
:1016C0003000EB68E667A36707B0F0BD70DF7047D6
:1016D00071DF704760DF7047704710B5F2F72CF884
:1016E000002010BD70477EDF704768DF704710B57F
:1016F00000F065FD10BD022310B50B708C330B712B
:101700003F3B4B712D338B714A1C043100F02EFD91
:1017100010BD70DF704771DF704772DF704773DF95
:10172000704774DF704775DF704776DF704777DF8B
:10173000704778DF704779DF70477ADF70477BDF6B
:1017400070477CDF70477DDF704788DF704714206B
:10175000704764207047A0208001704710B50400D6
:10176000FFF7DFFF0323002806D1230001215833B0
:101770001A788A431A700300180010BD030008008D
:10178000FC21583310B51C78214019703B218A4246
:1017900000D02839FFF7C9FF03005A1E93410320E8
:1017A0005B42184010BD030010B5FE330A00D98C0F
:1017B00003681B6A984710BD10B50800FFF7BFFF0C
:1017C00003005A1E934103205B42184010BD10B520
:1017D0000800FFF7B2FF03005A1E934103205B424B
:1017E000184010BD080010B51100FFF79CFF031E44
:1017F00000D00323180010BD13B50C001100012CFC
:1018000006D86B460622581C01F07EF8002005E041
:10181000A31E012B01D9032007E001206B46694676
:101820001C70FFF776FF0028F5D116BD37B5684666
:101830000D001400FFF76FFF032300280DD1002DCA
:1018400002D06B461B782B70231E06D06B460622F7
:10185000591C200001F058F8002318003EBD080074
:1018600010B51100FFF76FFF031E00D0032318000F
:1018700010BD10B50800FFF75CFF031E00D0032366
:10188000180010BD10B50800FFF755FF031E00D06B
:101890000323180010BD10B50800FFF748FF002310
:1018A000984203D00533112800D0023B180010BD28
:1018B00008207047B830017000207047B9300170BF
:1018C0000020704702207047B83000787047B93068
:1018D00000787047002070470200030010B5F33213
:1018E00011786C309B6F984710BD10B518C9621005
:1018F000E10701D58158CB588018984710BD1123B6
:1019000037B5080001AC23700D0001F05BF8290029
:1019100082B22000FFF715FF031E00D0032318003A
:101920003EBDF8B506000D00002407273300BA338A
:101930001B78A3420ED96B79A3420BD939006143BE
:101940002B68072258187118BB31013400F0DCFFF6
:10195000E4B2EBE72C710020F8BD10B50C00C97F94
:1019600001201F290ED8002901D103200AE0D37FCE
:101970002000FFF7D2FE0028F7D1208CFFF7D9FE18
:101980000028F2D110BDF8B503680700DB6C0D002C
:101990000C7998470323844228D80023072128790B
:1019A000DAB2904208D90A005A432C680133125D1A
:1019B000032AF5D1042319E03E000024BA3634701E
:1019C0002B79A34211D9072319003078614358437A
:1019D0002B6838185918BB30072200F095FF337870
:1019E000013401333370E4B2EAE700231800F8BD94
:1019F00010B50400EFF7CCFA00280AD12300012229
:101A0000FE335242DA84BA34463B18705870207064
:101A100000E0062010BDFE30C1847047FE30C08C4F
:101A20007047A0DF7047A4DF7047A5DF7047A6DFCF
:101A30007047A8DF7047F7B50D0016000021082297
:101A400068461F00089C00F07DFF6A46238831002D
:101A5000280013800197FFF7E8FF0323002803D134
:101A60006B461B88238003001800FEBD70B586B04E
:101A700015006A4600200E00941DD380EFF77EFB10
:101A800003681B699847FFF7C9FF012302A98B7000
:101A900000230E808B80CD608C60FFF7C8FF83B27F
:101AA000181E00D0052006B070BDF8B50400002057
:101AB0000D001600EFF762FB03681B699847236867
:101AC000DF69FFF7ABFF330001002A002000B847B1
:101AD000F8BDF0B5D48B02001E000023457985B017
:101AE000F8329D4223D908321700083F3F88A742A9
:101AF00010D11F33DB00C3180E249A8802236C44D4
:101B00002380036803AD00949F682B00B847021E32
:101B100002D00DE00133E4E723880620022B07D131
:101B20002B8810009B0703D00123337000E00420B2
:101B300005B0F0BD10B50278002A09D10C78130069
:101B4000002C13D1438A488A1B1A584243410CE0A7
:101B50000023012A0AD10A78012A07D10131013074
:101B60000F3200F0C2FE43424341DBB2180010BD09
:101B700070B504000D006368A360A068002807D05A
:101B8000C36829009847A368002BF4D01B69F3E7CA
:101B900070BD10B5C368984710BD30B5150087B04B
:101BA00004290ED0052917D0032925D1443001007E
:101BB000040004A8F0F7FEF8049B002B18D1059B45
:101BC00014E05830010004006846F0F7F3F8009B79
:101BD000002B0DD1019B09E06C300100040002A82C
:101BE000F0F7E8F8029B002B02D1039BDB0703D53B
:101BF00029002000FFF7CDFF07B030BDF0B50B88FE
:101C00008FB005000C00502B0ED004D8012B25D02E
:101C1000182B32D00CE1522B2FD03FD3532B00D0B6
:101C200006E1CE88052146E002000023CE884179F6
:101C3000FC3299423ED90832100008380088B04280
:101C40000AD1302120339B005A59531CDB7F0B42B1
:101C500000D0D2E02E392EE00133EAE70C7AEB68AF
:101C60002B612869002800D1E2E0C3682100984771
:101C70002B69002BF3D01B69F2E7A3880AAE3380EF
:101C80002B6B6B63686B002800D1D1E0C368310017
:101C900098476B6B002BF3D01B69F2E78B79012B14
:101CA00005D0022B00D0C3E00E89072103E00E8986
:101CB000062100E002212B0000206A79F833009011
:101CC0000098824200D8B3E0083318000838008832
:101CD000B04214D1062958D0072913D03200022966
:101CE00000D096E0A3880AA90B804E80237A0B715E
:101CF000A38BCB80E38B20340B81CC6040E0009839
:101D00000130DCE71022002102A800F01BFEA388AE
:101D100002AA13805680E38B06AF9380238C0021A8
:101D2000D38023001022223338000193049300F063
:101D300009FE02233B70009B20339B005B591A0075
:101D40002A3211780022914206D0180002A9DB6CD9
:101D50004030984702AB9A89A0883900BA80FFF7D3
:101D600068FEBB88002B63D1A3880AA90B804E8034
:101D7000A37A0B71E38BCB80238C0B81019BCB600F
:101D800028001430FFF7F4FE52E006AF10220021C5
:101D9000380000F0D7FDA3887E803B80A38B0AAE7D
:101DA000102200213000BB8000F0CCFD01233370F5
:101DB000009B20339B005B591A00293211780022C6
:101DC000914205D0180039002C309B6B9847BA8996
:101DD000B280BB89002B0BD1BA68002A08D0012140
:101DE000B3790B43B371BB883381FB88F260738195
:101DF000A0883100FFF71DFE1AE0A11CC97F013445
:101E0000E07F09020843990607D50321840704D51A
:101E1000D28B2800FFF7C1FE0AE00421DB06F7D5CC
:101E20000123010019400B00594259410331EFE7EA
:101E30000FB0F0BD77DF704778DF70477ADF70470B
:101E40007CDF7047A2DF7047A3DF704763DF704716
:101E500010B586B06B46DC1D00232370C15C02AA5E
:101E600099540133102BF9D121001000FFF7EEFF38
:101E70000023984200D12378180006B010BDF0B5B9
:101E80001600302499B001931EAB04CB02901B883E
:101E90000391059320AB1B880492069321AB1B781A
:101EA0003440079323AB1F8824AB1B78089325ABE2
:101EB0001B780993002C33D0032200210AA800F0DC
:101EC00041FD012502230AAA937010212A000AA8C5
:101ED0000A430270019A0D33501E0AAA52789A439F
:101EE000042818D8F3F712F80305070C1100012194
:101EF00007E001210AE001210A431340302208E0F3
:101F000002210A431340102203E002210A43134036
:101F10002022134302E02A4313400B430AAA5370C2
:101F200011AD1C220021280000F00CFD621E94411E
:101F30000AAB644223402E706B61002F05D0229BB8
:101F4000002B02D06B602F816F810BAC032200212C
:101F5000200000F0F7FC0120089B099A0340024092
:101F6000DB001101DBB20B431A00079B0340180092
:101F7000022313430343A37032231E421FD0019B4D
:101F8000581E04281BD80F2223789343F2F7BEFF74
:101F90000305070C1100012107E001210AE00121DE
:101FA0000B431340302208E002210B431340102260
:101FB00003E002210B4313402022134323700C2320
:101FC0001E421FD00198013804281BD80F226378C5
:101FD0009343F2F79BFF0305070C1100012107E073
:101FE00001210AE001210B431340302208E00221C5
:101FF0000B431340102203E002210B431340202225
:10200000134363700CAD14220021280000F09AFCE9
:10201000039B2A000C936B469B8A11A92B816B466C
:102020001B8B0298AB81049B6C602B61269BFFF796
:1020300009FF80B219B0F0BDF0B589B000930EABC6
:102040001B8805000F001600019303220FAB00212F
:1020500002A81C7800F076FC012302221C401443E5
:1020600002AA94701900102202A81143020003ACC6
:102070000170517020001422002100F063FC02ABBB
:1020800063606B461B88109A23816B469B882100F6
:1020900028000397A3812661FFF7D6FE80B209B01E
:1020A000F0BD7FDF704782DF7047A7DF7047A9DF91
:1020B0007047AADF7047002070470020704700205B
:1020C000704710B5EFF73AFF10BD10B5EFF7EEFF10
:1020D00010BD10B5F0F746F810BD00207047002085
:1020E0007047002070470020704729DF704728DFC5
:1020F000704710B5FFF7F9FFF0F7CEFD10BD10B532
:10210000F0F73AFD80225205136911699BB201383C
:10211000584389B2F2F704FFFFF7E9FFF0F7BCFD7F
:1021200010BD2EDF704732DF704733DF70474CDF62
:1021300070472EDF704751DF704710DF704711DFA7
:10214000704761DF704710B508001100FFF7CAFA49
:1021500010BDAADF704744DF704711DF704713DFFF
:10216000704700DF704770474DDF704730B5002380
:102170000D0014008DB06946C21AD27B5A54013347
:10218000102BF8D100210D2204A800F0DBFB6A46D9
:102190002B786846D3776B789377AB785377FFF7D4
:1021A000E3FF2F236B441B7823702E236B441B7893
:1021B00063702D236B441B78A3700DB030BD30B518
:1021C0000378040085B00D000020022B16D1611C9D
:1021D000032201A800F098FB211D032203A800F0B0
:1021E00093FB02AA03A92800FFF7C0FF032202A95C
:1021F00001A800F07AFB43425841C0B205B030BD9F
:10220000A6DF7047F0B585B01C000AAB060003914D
:1022100017001D78F1F75EFC01235D400095230057
:102220003A000399300000F07AFA201A441EA041C7
:1022300005B0F0BDF0B585B01C000AAB06000391F7
:1022400017001D78F1F746FC01235D40009523003F
:102250003A000399300000F01FFA201A441EA041F2
:1022600005B0F0BD10B50400F1F742FC200000F00D
:1022700014FB200010BD836980681B681840431E52
:102280009841704710B5043000F0F3F910BD436970
:1022900010B50100002B04D10368002B06D098472D
:1022A00004E00068002801D00431984710BD10B543
:1022B000012903D0022904D1383000E02030FFF793
:1022C000E6FF10BD10B500F036F810BD10B500F0F7
:1022D00037F810BD704710B5040000F0DEFA20009A
:1022E00010BD70B50D000400F1F762FC2900201D3F
:1022F000F2F72AFC70BD18234A1C5A4382189268D0
:1023000010B55943002A05D14118CB68002B09D0DC
:10231000984707E04318DB68002B03D041181031C1
:102320001800904710BD70B50D0004000430F2F79E
:1023300013FAE56370BD10B5043000F075FA10BDF6
:1023400010B50C000430F2F78DFA200010BD10B566
:10235000040043684269991800F077F8E36A002B9B
:1023600004D1A369002B07D0984705E0A069002895
:1023700002D021001C31984710BD10B5040000F0B8
:102380006CF80023A361E36210BD70B50D0004007A
:1023900000F063F86561206900F054F92918200005
:1023A00000F053F870BDC36A10B50100002B04D1D2
:1023B0008369002B06D0984704E08069002801D08B
:1023C0001C31984710BD10B50400F1F73BFC20000C
:1023D00000F063FA200010BD036810B50400002B64
:1023E00005D1C06800F02EF901236060236010BDA4
:1023F00010B504000068002804D0E06800F022F95D
:102400006368C01A10BD10B58468FFF7F1FF20188B
:1024100010BD10B50400C06800F014F9002360601E
:10242000A36010BD002310B5036043608360040007
:10243000F1F738FCE0602000FFF7EBFF200010BD53
:1024400010B503689B68984710BD10B50A000300DB
:10245000011D006900F0BEF810BD10B5011D006936
:1024600000F0D4F810BD10B50120FAF733FC704726
:10247000704710B5FFF7FCFFFFF7F9FFFCF7AEF868
:1024800010BD10B5002801D000F001F8FEE700B53E
:102490009BB0032102A800F06DF8022108A800F00B
:1024A00069F801210EA800F065F8102114A800F0C9
:1024B00061F8059B039A96201A60099A0C9B1A6092
:1024C0000F9A129B1A60159A179B01921A6000F0DE
:1024D000C9F8069B039A96201A60099A0B9B1A600A
:1024E0000F9A119B01921A60159A189B1A6000F0BE
:1024F000B9F8DEE70FB4012010B5FAF7EBFB70B5C1
:102500000D0004001600F1F745FC6B1C07D00021FC
:10251000200000F0B4F83100200000F0AAF870BDEF
:1025200070B5436804000D00002A01D0C26800E0C5
:10253000026913602000012100F0A1F829002000A9
:1025400000F097F870BD10B50322FFF7D8FF10BD5B
:1025500010B5FFF7D4FF10BD70B50D0004001600D4
:10256000F1F718FC6B1C04D0320000212000FFF7AB
:10257000D7FF70BD10B50022FFF7EEFF10BD70B59C
:1025800004000D0003681B68984763681D6070BDF8
:10259000036870B5DB680400984763685A6823686D
:1025A000002A02D19B68984713E05B68156898473A
:1025B00063682D1A5A68002D07DC916859601B6802
:1025C000002BEAD050689847E7E7236810681B693A
:1025D000984770BD70B50D0072B64B600023466819
:1025E0000A607468002C05D02168511A02D42300B7
:1025F000A468F7E7002B05D1036875601B6910001C
:10260000984700E09D60AC6062B670BD10B572B6D0
:10261000426853688B420CD19B6853600268002B60
:1026200002D1936898470BE012691868904707E059
:102630001300002B04D09A689142F9D18A689A60FD
:1026400062B610BD10B503685B68984710BD70B5E1
:102650000400F2F7B7FB0500F2F7B4FB401BA04201
:10266000FAD370BDFA2310B59B005843FFF7EFFF74
:1026700010BD10B5007840B200F082F810BD0029FE
:1026800001D0012907D10023A022C356D205C133AE
:10269000FF339B0099507047F7B50192B1221F009C
:1026A00003684910D20099508021012289005A50B4
:1026B000190000240600FC31CC601A607D1E019BCD
:1026C000AC4213DA191900223000F1F791FC00280E
:1026D0000AD03000F1F784FD07003000F1F74EFD1D
:1026E0003D1E1ADB250018E00134E7E759190122E5
:1026F0003000F1F77DFC002803D03000F1F73EFDFB
:102700000BE0089B3D00002B07D03368FC339A6830
:10271000002AFCD000223D009A602800FEBDF8B5DA
:102720001700B1221D000368D20049109950802281
:10273000002492009C50012206009A60AC4211DAFB
:10274000395D3000F1F740FC002809D03000F1F786
:1027500015FD3000F1F744FD031E0FDB23000DE0F3
:102760000134EBE7069B002B04D03000F1F71EFD8F
:10277000002801D12B0001E001235B421800F8BDC5
:10278000A0238000DB05C018E02310B50C24DB007B
:10279000C2588900A243C250C2581143C15010BD53
:1027A000F8B505000E00002401273B00A3402A696C
:1027B0001A4203D060B23100FFF7E2FF01341F2C50
:1027C000F3D1F8BD30B5002903D001291DD1002374
:1027D00011E001220C0013008B4005691D4203D05B
:1027E00005688B00EB181C6001311F29F3D10CE048
:1027F00001331F2B09D00A009A4004691442F7D014
:1028000004689A00A2181160F2E730BD42680069BE
:1028100013685940014059401160704710B5407825
:1028200040B2F1F723FD10BD03681A00FC32D168F5
:102830000129FCD10021D160A322D2009858C0B256
:10284000704782B00190C046C046C046C046C046F0
:10285000C046C046C046C046C046C046C046C04648
:10286000C046019B013B0193002BECD102B07047A5
:10287000704770470023CB565A1C05D0834201D1C4
:10288000486802E00C31F5E7180070470B0010B5FE
:1028900001001800FAF70AFA10BD10B5E8F750FE6B
:1028A00010BD10B5041E00D101342000E8F712FE5F
:1028B000002807D1F2F724FB002801D100F003F82B
:1028C0008047F2E710BD10B50620FAF73FFA012065
:1028D000FFF7D7FDC9B28218904204D003788B422B
:1028E00002D00130F8E70020704730B50024A24242
:1028F00008D0035D651C0C5DA34201D0181B02E0EB
:102900002C00F4E7002030BD002310B59A4203D01C
:10291000CC5CC4540133F9E710BD10B5884202D92C
:102920008B18984201D3002305E09B1A013A08D383
:10293000995C8154FAE7934203D0CC5CC4540133D0
:10294000F9E710BD03008218934202D019700133D9
:10295000FAE7704770B504000D001F2904D916234B
:102960000360012040421EE0426C002A04D08B002C
:10297000D2181368002B08D1200000F015F82A00A7
:1029800001002000FAF7ECF90DE00020012B0AD03D
:10299000591C03D117332360013004E000242800C0
:1029A00014609847200070BD10B5FAF741FD10BDC6
:1029B00002780B78002A03D0013001319A42F7D017
:1029C000D01A70470023C25C0133002AFBD1581E85
:1029D0007047030030B5002A0DD00C7801335D1E1E
:1029E000013A2C700131002CF5D19A189A4202D08C
:1029F0001C700133FAE730BDEC300068704782B0DC
:102A0000002900D101A9101E09D0002B05D0137890
:102A10000B601078431E984101E00220404202B052
:102A20007047F7B5170001938A680B6900900C0096
:102A3000934200DA130022003B6043321278002AEE
:102A400001D001333B6023689B0602D53B6802330B
:102A50003B60062523681D401ED0230043331B78AE
:102A60005A1E9341226892061CD53020E11843314A
:102A7000087021005A1C45310978A21843320233EC
:102A800011700FE022000123193201990098089E6D
:102A9000B047431C0ED00135E3683A689B1A9D424B
:102AA000F0DBDAE72200019943320098089DA8473D
:102AB000431C02D10120404220E006232068E16847
:102AC0003A6803400025042B03D18D1AEB43DB1732
:102AD0001D40A3682269934201DD9B1AED1800276F
:102AE000BD420AD0220001231A3201990098089EA3
:102AF000B047431CDED00137F2E70020FEBD0B1EBD
:102B000007D0FF2A03D98A2303608B3B01E001230E
:102B10000A70180070470000F8B5C046F8BC08BC41
:102B20009E467047F8B5C046F8BC08BC9E46704744
:102B30000000000000000000000000000000000095
:102B400010420000004C0300D8D3C5814746FFCB9C
:102B500000000000ADA50100E3D5020015990100B9
:102B6000A99A0100B59A0100CD9A0100D18E010009
:102B7000C19A01006599010053E802000194010027
:102B8000E18E01007FD80200E9900100A1900100D0
:102B9000A5910100158B0100F9D6020005D70200AE
:102BA000898C01004BD70200E9DB020087DB0200C1
:102BB0008D9401006DDE0200FDE50200FFE50200DC
:102BC00098320300E4310300283203008C33030001
:102BD000C3E60200E1E6020019EA02003BE9020056
:102BE00005E6020001E6020003E60200159301007B
:102BF0009D9201000FDD020021D8020035D80200AD
:102C0000A18F01001590010053D802002D90010002
:102C100045D6020087D702009BD702009FD702004B
:102C2000A9D70200B7D70200C1D70200D3D702004C
:102C3000DDD70200E7D70200C9DC0200F3DC0200A6
:102C4000D9E602005DE80200719B0100C99B01000A
:102C5000F5880100018901006189010031D6020077
:102C600039D702005D8C0100698901007BD6020022
:102C7000DD8B0100D98A01007FD60200E5D6020073
:102C8000F3D602009DDC02008BD90200AFD902000E
:102C9000D3D902001BDA020049DA020087D8020009
:102CA00019D90200A5D80200C3D80200DBD802005F
:102CB000F3D8020001D90200BFDD0200E5DD020009
:102CC0000BDE020031DE02004FDE0200A5DC020056
:102CD000B7DC0200C5DB0200D7DB0200D99101009E
:102CE0006FD7020097DA020037DB020047DB0200F1
:102CF00057DB020067DB020077DB020081920100F4
:102D00007BD702007FD70200B9980100D18E010065
:102D1000F1D70200E18E0100F7D70200FBD70200D5
:102D2000FFD70200518F010013D802008D8F0100E0
:102D30001BD80200459001007DD80200519001008F
:102D40003994010079DE0200AD940100D1940100B4
:102D5000219501008FDE0200859D010089E90200B6
:102D6000A1A20100F5620200395202006152020084
:102D7000897602004D69020095710200ADA501003F
:102D8000B181010097D402009FD40200D5810100D7
:102D9000FD810100C5D402002D820100D3D40200C0
:102DA000F1D402001BD5020043D5020049D5020030
:102DB0004FD502005FD502006DD5020059A3010076
:102DC00081A30100D9A30100E9A3010015A401001A
:102DD00043EA02004BEA02007BD502009583010022
:102DE000F583010089D50200A9D5020019840100EC
:102DF000C9D50200E184010029850100398501005F
:102E00004D8501005D8501008D850100E185010092
:102E1000F585010073E802007BE8020087E8020004
:102E20008FE8020097E802009FE80200A1E8020094
:102E3000ABE80200BDE80200099C0100159C0100FE
:102E4000CBE80200219C0100DBE80200319C01007C
:102E5000E3E80200E5E80200419C0100F5E8020019
:102E6000F7E80200519C0100EDE50200999801008D
:102E7000AD980100F7E50200F9E502006D8201005E
:102E800081820100C9820100DD820100F18201001E
:102E900001830100118301002183010031830100BE
:102EA000418301005D83010015E402001DE402007E
:102EB000A1950100B595010025E4020027E4020078
:102EC0002FE402003FE4020053E4020063E4020046
:102ED00077E402008BE40200FD950100AFE40200FC
:102EE0000996010029E502002BE502002996010060
:102EF00079960100C9960100D59601003FE50200D0
:102F00005FE502006FE502007BE5020035970100F6
:102F10005D9701007DE50200A59701008FE50200A5
:102F20009FE5020019980100B3E50200D5E5020013
:102F3000799801000D860100498601008D86010007
:102F4000C9860100F18601000D8701009D870100FF
:102F5000E5870100258801003588010055880100BA
:102F600065880100E1D50200E7DF0200EBDF020027
:102F700003E0020017E002001FE0020035E002005B
:102F8000F9E20200F5E3020087E002008BE00200B4
:102F9000B1E00200D5E0020045E1020065950100C4
:102FA00053E10200C1E10200D1E10200FBE10200B5
:102FB00007E2020007E6020017E6020027E6020029
:102FC00037E6020047E6020057E6020067E6020025
:102FD00077E60200A5DE0200C9DE0200D9DE0200AB
:102FE000E9DE0200F9DE020009DF020019DF02005B
:102FF00029DF020033EB020051EB020075EB020007
:10300000C5950100D5950100C99801008998010076
:10301000EBE50200000000000100000000000000DD
:103020000A00000000000000640000000000000032
:10303000E80300000000000010270000000000006E
:10304000A08601000000000040420F0000000000C8
:10305000809698000000000000E1F50500000000E7
:1030600000CA9A3B0000000000E40B54020000007C
:1030700000E87648170000000010A5D4E800000022
:1030800000A0724E1809000000407A10F35A0000A8
:10309000E2652F227F2B7A3C075C143326A6813C05
:1030A000BDCBF07A8807703C075C143326A6913CB0
:1030B0004FBB610567ACDD3F182D4454FB21E93F50
:1030C0009BF681D20B73EF3F182D4454FB21F93F3F
:1030D000000000000000E03F000000000000E0BF32
:1030E000763C7935EF39EA3D763C7935EF39EABD02
:1030F0000000E0FE422EE63F0000E0FE422EE6BF6A
:10310000000000000000000000000000000000803F
:1031100000000040FB21F93F000000002D44743EF8
:10312000000000809846F83C0000006051CC783BDD
:1031300000000080831BF0390000004020257A3811
:10314000000000802282E336000000001DF3693594
:10315000080004F900000000090000000000000061
:1031600057D4020061D4020051D4020053D40200AB
:10317000000000000000000000000000000000004F
:103180009832030004006E756C6C000098320300E6
:1031900009002D496E66696E6974790098320300E2
:1031A0000800496E66696E69747900009832030000
:1031B0000900756E646566696E6564009832030087
:1031C000040074727565000098320300080066758B
:1031D0006E6374696F6E0000E4310300000000004C
:1031E00000000000080004F90000000003000000D7
:1031F00000000000E5D5020001940100000000007D
:103200000DD60200000000000000000000000000D9
:103210000000000098320300000000009832030014
:10322000050066616C7365000C0002F90000000087
:103230000200000000000000E5D50200019401003A
:103240000000000009D6020000000000000000009D
:1032500000000000000000009832030008005B4FEF
:10326000626A6563745D0000983203000900756E40
:10327000646566696E6564009832030006006F62DB
:103280006A656374000000009832030006006E75E2
:103290006D62657200000000080003F90000000084
:1032A0000100000000000000E5D5020001940100CB
:1032B000EFD50200E7D50200F1D5020015D60200D5
:1032C000F5D50200F9D502009832030003004E61E3
:1032D0004E000000983203000600737472696E6736
:1032E00000000000983203000700626F6F6C656198
:1032F0006E000000983203000A005B46756E63742E
:10330000696F6E5D00000000BC240020CC2400200A
:10331000DC240020EC240020FC2400200C250020CC
:103320001C2500202C2500203C2500204C250020B9
:103330005C2500206C2500207C2500208C250020A9
:103340009C250020AC250020BC25002000000000AA
:1033500000000000CC250020DC2500200C0004F932
:10336000000000000600000000000000A5E60200CA
:1033700005E80200E5E902002DEA02000000000075
:103380000000000000000000000000000C0005F933
:10339000000000000400000000000000C1E6020080
:1033A000C5E60200EFE9020031EA02000000000079
:1033B000000000000000000000000000080004F908
:1033C000000000000700000000000000C9E6020045
:1033D000C7E60200FBE902003BEA02000000000031
:1033E000000000000000000000000000140004F9CC
:1033F000000000000800000000000000AFE602002E
:10340000BFE6020005EA02003FEA020000000000F9
:1034100000000000000000000000000000000000AC
:1034200000000000B5A40100ADEA020005000000A4
:103430000500000003000000090000000D0400006A
:1034400055410300000000000000000013ED0200E1
:1034500057EA02001BED02001DED0200FFFF000015
:1034600000000000FFFF010001000000000000005C
:103470000000000055EA020057EA02005DEA02007F
:103480005FEA0200000000000000000055EA0200B0
:1034900057EA02004DF402004FF402000DF402005E
:1034A00029F402002DF4020049F4020035BB0100AA
:1034B0003DBB01002DF502000000000000000000EF
:1034C000F5BF010057EA0200DDBF0100EBF5020085
:1034D000000000000000000055EA020057EA020068
:1034E0002BF602002DF6020031C101000BF602009E
:1034F00027F6020039C1010039F602000000000081
:1035000000000000A3FE020057EA0200FDC901000E
:103510001FFC020001000000170000004600000030
:10352000A30000005F010000D6020000C4050000F7
:10353000A00B00000000000000000000BD0303001D
:1035400005D301006DD2010015020300F5D301007F
:1035500027020300D5030300F8FFFFFF000000006F
:1035600055EA020009D5010015D4010025D4010057
:10357000000000000000000055EA020057EA0200C7
:103580005BEA02006BEA020000000000000000009D
:1035900055EA02005F0703005107030053070300C9
:1035A000000000000000000055EA02006B0A030062
:1035B0002D0A03002F0A0300000000000000000095
:1035C0005DE70100730A0300C40900000000000069
:1035D0008813000008000000102700001000000001
:1035E000204E00001800000080380100200000007C
:1035F000007102002800000000E20400300000001A
:10360000008813003800000010360300030000009B
:1036100002000000000000000400000001000000A3
:103620000800000002000000000000000000000090
:1036300055EA0200B50A0300A1EA0100BF0A03002F
:103640000DF4020029F402002DF4020049F40200F6
:10365000ADE90100E5EA01002DF50200BCFFFFFF26
:103660000000000055EA02009DE90100C5EA0100E2
:10367000D5EA010091EA01000BF6020027F60200EC
:10368000E5EB010039F60200C83503000800000030
:10369000E204000000000000C4090000080000006F
:1036A0008813000010000000102700001800000020
:1036B000204E00002000000080380100280000009B
:1036C000007102003000000000C409003800000052
:1036D000D8360300030000000200000000000000D4
:1036E00004000000010000000800000002000000CB
:1036F000000000000000000055EA0200E30A030099
:103700002DED0100ED0A03000DF4020029F4020082
:103710002DF4020049F4020079EC010045ED0100AE
:103720002DF50200903603000800000000000000A4
:103730000000000055EA0200110B030019EE010021
:103740001B0B0300C1EE01000BF6020027F602007E
:1037500031EE010039F60200D43000000000000014
:10376000A86100002000000050C3000040000000DD
:10377000A086010060000000400D030080000000F2
:10378000801A06008800000000350C009000000040
:10379000006A1800B000000000D43000D000000023
:1037A00000A86100F00000000050C300F800000015
:1037B000583703000B00000000000000000000006C
:1037C00055EA02003F0B03004DF00100490B0300D6
:1037D0000DF4020029F402002DF4020049F4020065
:1037E000B9EF010065F001002DF50200690200004B
:1037F00080000000E802000090000000C409000002
:103800007000000088130000600000001027000016
:1038100050000000204E000040000000409C0000CE
:1038200030000000A08601002000000040420F0090
:10383000100000003C3803000400000002000000FB
:10384000000000000400000010000000080000005C
:10385000200000001000000030000000EC370300E2
:1038600009000000000000000000000055EA02000E
:103870006D0B0300B5F10100770B030055F101005A
:103880000BF6020027F60200CDF1010039F6020026
:10389000102700000C000000204E0000080000006F
:1038A00050C3000004000000A086010000000000DA
:1038B0009038030004000000000000000000000039
:1038C00055EA020075F3010091F20100FF0B0300BD
:1038D00000000000000000004B0E0300000000008C
:1038E0000000000055EA0200DD030200910E030013
:1038F000930E03000000000000000000CD0E020047
:10390000A91403000000000000000000B90E02002E
:10391000971403000000000000000000A50E020044
:10392000851403000000000000000000E10E02000A
:10393000BB1403000000000000000000B7110300EA
:10394000BB110300BF110300C3110300B50C02003B
:10395000C7110300CB110300CF110300D3110300E3
:10396000D7110300DB110300DF110300E311030093
:10397000E7110300EB110300EF110300F311030043
:10398000F7110300FB1103000112030005120300ED
:10399000091203000D120300111203001512030097
:1039A000191203001D120300211203002512030047
:1039B000291203006724030067240300910F02000B
:1039C0000000000000000000910E02002F14030010
:1039D0000000000000000000690E02000B1403004C
:1039E0000000000000000000550E0200F913030063
:1039F0000000000000000000410E0200E713030079
:103A000000000000000000002D0E0200D51303008E
:103A100000000000000000007D0E02001D140300E5
:103A200000000000000000004112030045120300E6
:103A3000491203004D1203005112030055120300F6
:103A4000591203005D120300611203002F160300D8
:103A50000000000000000000F50E0200CD1403007D
:103A60000000000000000000190E0200C313030054
:103A7000000000000000000065120300BD0C020001
:103A8000691203006D120300711203007312030028
:103A9000771203007B1203007D12030081120300E2
:103AA00085120300DF140300000000000000000086
:103AB0009B1303008F130300831303007B13030086
:103AC000DB1203002D120300311203003512030034
:103AD000391203003D1203007714030000000000B8
:103AE00000000000731503008F120300231503006C
:103AF000A50D020093120300971203000F16030096
:103B0000EF150300510D0200090F02001D0D020008
:103B10009B1203003D0F0200C115030000000000CE
:103B200000000000F91703002D1803004F170300D1
:103B300053170300571703005D170300CB11030051
:103B4000C51802007D170300A7170300B91703006B
:103B5000CF170300E5170300FF1803005F180300E9
:103B600073180300851803009718030075170200E7
:103B7000B11803002319030087190300B5180300C7
:103B8000BD180300C5180300C9180300CF180300AF
:103B9000D518030025120300C11702005B190300AA
:103BA000B5190200F1190300000000000000000038
:103BB000891B0200611A0200371A0300791A0200F9
:103BC000951A02006D1A0300AB1A0300D31A030002
:103BD00061120300651D0200E7200300AD20020012
:103BE000BF200300CB200300DF2003003D1F0200A5
:103BF000E3200300C3200300DB2003006521020053
:103C0000BB200300D3200300FF200300AD2D0200E2
:103C1000D92D0200652D0200312D0200752C020005
:103C2000452C0200C9310200AD31020019310200F9
:103C30000000000000000000F13A020065220300CD
:103C4000000000000000000059EA020077EA0200CC
:103C50000000000000000000E3220300D522030062
:103C6000D7220300000000000000000053EA020019
:103C700083EA02000000000000000000E1C901002A
:103C800031FC02004F230300000000000000000090
:103C9000453C0200C7230300A723030000000000E7
:103CA0000000000000000000000000006724030086
:103CB000394D0200C54D020071280300732803002E
:103CC000DD4D0200B03C0300D028002001000000C0
:103CD000007000400400000002000000007000407E
:103CE0000800000003000000007000401000000009
:103CF00004000000007000402000000005000000EB
:103D0000007000404000000006000000007000400D
:103D100080000000FF000000FFFFFFFF0000000028
:103D2000B004000000F004006009000000D00900A9
:103D3000C012000000B013008025000000502700D2
:103D40004038000000003B00004B000000A04E0087
:103D50008070000000F07500127A00000000800002
:103D60000096000000509D0000E1000000F0EB0014
:103D7000002C010000903A0100C2010000E0D701D0
:103D80000084030000B0AF0390D0030000000004E3
:103D90000008070000705F0700100E00A4DFBE0ED1
:103DA00040420F00000000102E5A0200525902003B
:103DB000105A0200E8590200105A0200DC590200B1
:103DC000105A0200E85902005259020052590200EA
:103DD000DC590200E8590200945A0200945A020089
:103DE000945A0200165A0200525902005259020017
:103DF000FC590200E6590200FC590200DC5902009D
:103E0000FC590200E65902005259020052590200C0
:103E1000DC590200E6590200945A0200945A02004A
:103E2000945A0200A05A02008C5D0200EA5C020073
:103E3000EA5C0200E85C02007E5D02007E5D02003A
:103E4000745D0200E85C02007E5D0200745D0200A9
:103E50007E5D0200E85C0200845D0200845D020079
:103E6000845D02000E5E02003C6B02000A6A0200E2
:103E7000106B0200006A0200106B02001A6B020055
:103E8000106B0200006A02000A6A02000A6A02005D
:103E90001A6B0200006A0200F6690200F66902006D
:103EA000F66902006C6D0200847302004472020025
:103EB00044720200427202005C7302005C730200F2
:103EC0004E730200427202005C7302004E730200E5
:103ED0005C730200427202006473020064730200A9
:103EE000647302006475020061636F730000000078
:103EF00061636F73680000006173696E0000000009
:103F00006174616E68000000636F736800000000F8
:103F100065787000666D6F64000000006C6F67006C
:103F20006C6F67313000000073696E68000000003C
:103F30007371727400000000FB21F93FFB210940FE
:103F40007CD91240FB2119407A6A1F407CD922405B
:103F5000BBFD2540FB2129403A462C407A6A2F4080
:103F60005C4731407CD932409C6B3440BBFD3540CE
:103F7000DB8F3740FB2139401BB43A403A463C4086
:103F80005AD83D407A6A3F404C7E40405C474140B1
:103F90006C1042407CD942408CA243409C6B444010
:103FA000AC344540BBFD4540CBC64640DB8F474067
:103FB000EB584840FB21494083F9A200444E6E0073
:103FC000FC291500D1572700DD34F50062DBC00065
:103FD0003C999500419043006351FE00BBDEAB006D
:103FE000B761C5003A6E2400D24D42004906E00098
:103FF00009EA2E001C92D100EB1DFE0029B11C0025
:10400000E83EA700F535820044BB2E009CE9840001
:10401000B4267000417E5F00D69139005383390089
:104020009CF439008B5F840028F9BD00F81F3B0029
:10403000DEFF97000F980500112FEF000A5A8B0042
:104040006D1F6D00CF7E360009CB2700464FB700AD
:104050009E663F002DEA5F00BA277500E5EBC700BA
:104060003D7BF100F739070092528A00FB6BEA00B2
:104070001FB15F00085D8D00300356007BFC4600D9
:10408000F0AB6B0020BCCF0036F49A00E3A91D0012
:104090005E619100081BE60085996500A0145F0031
:1040A0008D40680080D8FF0027734D000606310060
:1040B000CA561500C9A873007BE260006B8CC00073
:1040C00002000000030000000400000006000000E1
:1040D00000000000000000000000000000000000E0
:1040E00000000000000000000000000000000000D0
:1040F00000000000000000000000000000000000C0
:1041000000000000000000000000000000000000AF
:10411000000000000000000000000000000000009F
:10412000000000000000000000000000000000008F
:10413000242000203031323334353637383961624B
:104140006364656600312E5800322E3000322E3204
:1041500000322E5800000004020204020000020493
:10416000040400020200040403010000010303032D
:104170000001010203030402010103010403010021
:1041800003000004010102000003025265626F6F28
:10419000744D6F646500666C617368496E636F6D22
:1041A000706C657465007A76677074756F696561A7
:1041B0007A76677074756F6965617A766770740076
:1041C00000040202040200000204040400020200CF
:1041D00004040301000001030303000101020303BF
:1041E00004020101030104030100030000040101B2
:1041F00002000003021B1B000E110000000000085B
:10420000080800080A4A4000000A5FEA5FEA0ED97F
:104210002ED36E19324489330C924C924D0808000B
:10422000000004880808040804848488000A448A7A
:104230004000048EC480000000048800000EC0000E
:10424000000000080001224488100C9252524C04D5
:104250008C84848E1C824C901E1EC244924C06CAD2
:10426000525FE21FF01EC13E02448ED12E1FE24477
:1042700088100ED12ED12E0ED12EC4880008000831
:104280000000048004880244880482000EC00EC02E
:1042900008048244880ED126C0040ED135B36C0CBC
:1042A000925ED2521C925C925C0ED010100E1C9248
:1042B00052525C1ED01C901E1ED01C90100ED013AB
:1042C000712E12525ED2521C8808081C1FE2425204
:1042D0004C1254981492101010101E113B75B131ED
:1042E000113935B3710C9252524C1C925C90100CE7
:1042F00092524C861C925C92510ED00C825C1FE450
:10430000848484125252524C1131312A4411313575
:10431000BB7112524C9252112A4484841EC48810DC
:104320001E0EC808080E10080482410EC242424EFA
:10433000048A400000000000001F08048000000004
:104340000ED2524F10101C925C000ED0100E024282
:104350004ED24E0C925C900E06C81C88080ED24EAF
:10436000C24C10101C925208000808080240024279
:104370004C10149814920808080806001B75B131F7
:10438000001C925252000C92524C001C925C900005
:104390000ED24EC2000ED010100006C804980808B5
:1043A0000EC807001252524F0011312A4400113139
:1043B00035BB00124C8C9200112A4498001EC48810
:1043C0001E06C48C8486080808080818080C88187B
:1043D00000000C83600000010002000300040000E4
:1043E00001010102010301040100020102020203B2
:1043F0000204020003010302030303040300040197
:1044000004020403040404302C3235352C302C32E1
:1044100035352C300A302C3235352C302C323535B0
:104420002C300A302C302C302C302C300A323535E0
:104430002C302C302C302C3235350A302C3235359E
:104440002C3235352C3235352C300A0054494C5439
:1044500020544F2046494C4C2053435245454E2052
:1044600000636F6D7061737343616C0074656D7090
:1044700043616C00FFFF14000500FFFFFFFFFFFF1B
:10448000FFFFFFFFFFFF00FFFFFF000000FFFFFF38
:10449000FFFFFFFFFF00FFFFFF000000FF00000025
:1044A0000000FFFF00FFFFFF000000FF0000000012
:1044B000000000000000FFFFFFFFFFFFFF00FFFF05
:1044C000FF000000FF0000000000FFFFFFFFFFFFF4
:1044D000FFFFFFFFFFFF00FFFFFF000000FF0000E6
:1044E000FFFF00FF00FF00FF00FFFFFF00FF00FFD6
:1044F00000FF0000FFFF00626C6553797341747424
:10450000727300424243206D6963726F3A6269744C
:1045100000424243206D6963726F3A626974205BA6
:10452000005D00302C302C3235352C302C300A30E8
:104530002C3235352C302C302C300A3235352C329B
:1045400035352C3235352C3235352C3235350A306F
:104550002C3235352C302C302C300A302C302C328B
:1045600035352C302C300A00302C302C302C302CAF
:10457000300A302C302C302C302C3235350A302C8F
:10458000302C302C3235352C300A3235352C302C4D
:104590003235352C302C300A302C3235352C302C3D
:1045A000302C300A003235352C302C302C302C3267
:1045B00035350A302C3235352C302C3235352C300F
:1045C0000A302C302C3235352C302C300A302C323D
:1045D00035352C302C3235352C300A3235352C30EF
:1045E0002C302C302C3235350A00322E312E312D24
:1045F0002D6700E2ECF0F4F8FC0004E95D93B025CF
:104600001D470AA062FA1922DFA9A8E95D93B12526
:104610001D470AA062FA1922DFA9A8E95DB84C2556
:104620001D470AA062FA1922DFA9A8E95D9775253E
:104630001D470AA062FA1922DFA9A8E95D93AF25F8
:104640001D470AA062FA1922DFA9A8E95D23C42543
:104650001D470AA062FA1922DFA9A8E95D540425C2
:104660001D470AA062FA1922DFA9A801FF01AAE9E1
:104670007D3B10251D470AA062FA1922DFA9A8E98F
:104680007DD91D251D470AA062FA1922DFA9A8625B
:1046900061642068616E646C6520746F20756E645F
:1046A00065726C79696E67207472616E73706F7277
:1046B0007400494E495449414C495A4154494F4E5E
:1046C0005F494E434F4D504C455445004E6F726408
:1046D000696320424C45342E31207665723A257547
:1046E0002066773A25303478004E6F726469632013
:1046F000287370656320756E6B6E6F776E292076F8
:1047000065723A25752066773A2530347800756EE3
:104710006B6E6F776E00010203D8E2ECF0F4F8FCE8
:1047200000046E52463578004E6F20617661696CE8
:1047300061626C6520493243004F6E6C79203862AB
:104740006974732053504920737570706F7274656B
:10475000640053504920666F726D617420657272F7
:104760006F72004E6F20617661696C61626C6520CA
:1047700053504900636F756C64206E6F74207069CC
:104780006E6F75740070696E6D6170206D69732D48
:104790006D617463680070696E6D6170206E6F7416
:1047A00020666F756E6420666F7220706572697026
:1047B000686572616C0070696E6D6170206E6F74F7
:1047C00020666F756E6420666F722066756E637406
:1047D000696F6E00504F534958002E00232D302B27
:1047E0002000686C4C0065666745464700303132F2
:1047F000333435363738394142434445460000208A
:104800002020202020202020282828282820202080
:104810002020202020202020202020202020208830
:104820001010101010101010101010101010100494
:1048300004040404040404040410101010101010E4
:1048400041414141414101010101010101010101D8
:1048500001010101010101010101101010101010EE
:1048600042424242424202020202020202020202A8
:1048700002020202020202020202101010102000C4
:104880000000000000000000000000000000000028
:104890000000000000000000000000000000000018
:1048A0000000000000000000000000000000000008
:1048B00000000000000000000000000000000000F8
:1048C00000000000000000000000000000000000E8
:1048D00000000000000000000000000000000000D8
:1048E00000000000000000000000000000000000C8
:1048F00000000000000000000000000000000000B8
:10490000000000001C38FE7F0100000000000000D5
:10491000A10D0C0000040000FA4103000345030050
:10492000EA450300204E000067210300204E0000EE
:1049300000000000D0400300F040030010410300DD
:104940000000000000000000000000000000000067
:104950000000000000000000000000000000000057
:104960000000000000000000000000000000000047
:104970000000000000000000000000000000000037
:104980000000000000000000000000000000000027
:104990002420002043000000000000000000000070
:1049A0000000000000000000000000000000000007
:1049B00000000000430000000000000000000000B4
:1049C00000000000000000000000000000000000E7
:1049D0000000000043000000000000000000000094
:1049E00000000000000000000000000000000000C7
:1049F0000000000043000000000000000000000074
:104A000000000000000000000000000000000000A6
:104A10000000000043000000000000000000000053
:104A20000000000000000000000000000000000086
:104A30000000000043000000000000000000000033
:104A40000000000000000000000000000000000066
:104A50000000000043000000000000000000000013
:104A60000000000000000000000000000000000046
:104A700000000000FF2A0300FF29030000000000DF
:104A8000FE470300DA470300A4450300A4450300E2
:104A9000A4450300A4450300A4450300A445030066
:104AA000A4450300A4450300A4450300FFFFFFFF46
:104AB000FFFFFFFFFFFFFFFFFFFF0000010041536B
:104AC0004349490000000000000000000000000011
:104AD0000000000000000000000000000000415342
:104AE00043494900000000000000000000000000F1
:104AF00000000000000000000000000000000000B6
:104B0000204EFFFF00000000FFFF0F101007000401
:104B1000FF000001E98001003DA3010059A601004A
:104B20003DB40100A9B70100C5BA0100EDBA01000A
:104B300019D50100C1800100000000000000000044
:104B40000000000000000000000000000000000065
:104B50000000000000000000000000000000000055
:104B60000000000000000000000000000000000045
:104B70000000000000000000000000000000000035
:104B80000000000000000000000000000000000025
:104B90000000000000000000000000000000000015
:104BA0000000000000000000000000000000000005
:104BB00000000000000000000000000000000000F5
:104BC00000000000000000000000000000000000E5
:104BD00000000000000000000000000000000000D5
:104BE00000000000000000000000000000000000C5
:104BF00000000000000000000000000000000000B5
:104C0000718E3B92C615A841C49866C975EE51973E
:104C10006A61636461632C206A61636461632D640B
:104C2000632D0D006C74616700006D6561737572B2
:104C3000656D656E742C206A61636461632D7265B5
:104C40006C61792C206A61636461632D736572768F
:104C50006F2C2073657474696E67732C2074686997
:104C600073000000000000000000000000000000D1
:10C00000903C002061DC030073DC030075DC03005E
:10C010000000000000000000000000000000000020
:10C0200000000000000000000000000069C10300E3
:10C03000000000000000000079DC03007BDC03004E
:10C040007DDC03007DDC03007DDC03007DDC030080
:10C050007DDC0300000000007DDC03007DDC0300CC
:10C060007DDC03007DDC03007DDC03007DDC030060
:10C070007DDC03007DDC03007DDC03007DDC030050
:10C080007DDC0300B3D703007DDC03007DDC03000F
:10C09000C9D703007DDC0300A9F303007DDC0300A6
:10C0A0007DDC03007DDC03000000000000000000D8
:10C0B0000000000000000000000000000000000080
:10C0C00000F002F800F040F80CA030C8083824183E
:10C0D0002D18A246671EAB4654465D46AC4201D1C0
:10C0E00000F032F87E460F3E0FCCB64601263342B2
:10C0F00000D0FB1AA246AB46334318476C3600000B
:10C100008C360000103A02D378C878C1FAD85207AA
:10C1100001D330C830C101D504680C6070470000FD
:10C120000023002400250026103A01D378C1FBD853
:10C13000520700D330C100D50B6070471FB5C04611
:10C14000C0461FBD10B510BD03F091FA1146FFF7B0
:10C15000F5FF00F0D3F803F0A9FA03B4FFF7F2FFFC
:10C1600003BC03F0ADFA00000648704502D1EFF3BE
:10C17000098101E0EFF30881886902380078024AFA
:10C1800010470000FDFFFFFF95D40300401E00BFD5
:10C1900000BF00BF00BF00BF00BF00BF00BF00BFA7
:10C1A00000BF00BF00BFF1D170470000401E00BFBC
:10C1B00000BF00BF00BF00BF00BF00BF00BF00BF87
:10C1C00000BF00BF00BFF1D170470000401E00BF9C
:10C1D00000BF00BF00BF00BF00BF00BF00BF00BF67
:10C1E00000BF00BF00BFF1D170470000056885F3B4
:10C1F000088846680A4AEFF305839A42304602D11E
:10C20000084CA6463047074C064D0646064FF0B48C
:10C21000034C034D024E024FF0B4044800470000A7
:10C2200000000000FFFFFFFF00000021F9FFFFFFFB
:10C2300070B505460C46164602E00FCC0FC5103E01
:10C24000102EFAD2082E02D303CC03C5083E042ECA
:10C2500007D301CC01C5361F03E021782970641C87
:10C260006D1C761EF9D270BD0A4610B501466648AF
:10C2700003F012F810BD10B502F026FC10BD10B589
:10C28000624C86B01ECC03946C460EC4002807D0C6
:10C29000684618DF002803D00022114602F0FCFF98
:10C2A0000F20800313DF002803D00022114602F084
:10C2B000F3FF574B48225749092003F051F8002853
:10C2C00003D00022114602F0E7FF00200490059001
:10C2D00001206946087404A860DF002803D000220A
:10C2E000114602F0D9FF4C4803F056F8002803D05D
:10C2F0000022114602F0D0FF06B010BD08B5474835
:10C30000C169B12943D0002445480F214069890300
:10C31000884204D000221146104602F0BDFF0120E1
:10C320000007006901218902884204D000221146D9
:10C33000104602F0B1FF3B4800903B4B0522032121
:10C34000002001F068FA002803D00022114602F014
:10C35000A3FF00F015FC00F058FC012500281AD0BE
:10C3600000F062FC002803D00022114602F094FF86
:10C3700020466840FFF783FF00F038F800F07AFCB1
:10C3800000280ED00022114602F086FF09E00124A9
:10C390000021C161B8E720466840FFF770FF00F058
:10C3A00025F803252D03002C04D1A86800F03EFBDE
:10C3B000002807D100F0F5FB002803D00022114629
:10C3C00002F06AFFA86800F031FB002806D000F0F8
:10C3D0001CFC002802D1A86800F0EFFBBFF34F8FD0
:10C3E00013491248C860BFF34F8FFEE7094A10B5E2
:10C3F00048321421082002F0B9FE002803D00022A0
:10C40000114602F049FF10BDEFBEADDEE8F60300B5
:10C41000C7F203002C2B002077C203000005004068
:10C42000001000104BDC0300EC2800200400FA058B
:10C4300000ED00E070B5FF4C1E46A06815460229CD
:10C4400002D0042916D108E0052813D1A369002BD6
:10C4500010D03246294604200BE002280AD1F648C3
:10C46000406880470320A060A369002B02D03246B9
:10C4700029469847280003D00022114602F00CFFFD
:10C4800070BD4CB5EB4E0120307005200195009435
:10C4900000F006FB4CBD10B5E64C2078002801D01A
:10C4A000082010BD206901F0A2FA002803D0002264
:10C4B000114602F0F1FE0F2100228904206901F0EB
:10C4C00059FA040003D00022114602F0E5FE20468E
:10C4D00010BDD84910B5D7481C3141610221816097
:10C4E000C1681C3002F007FD002803D0002211466D
:10C4F00002F0D2FE10BD00B589B01822CF4902A8C3
:10C50000FFF796FE069807990090019102A80FC8C0
:10C5100000F0C6FA09B000BD00B5C64987B0498829
:10C520006A4611810321090389680691C2490120E5
:10C5300050394A6803928A680492C9680591069A3C
:10C540000091019202A90EC900F0AAFA002007B0DA
:10C5500000BD10B588B0182102A802F0C5FF002464
:10C56000B4480294408869468881B3480799503896
:10C57000C06806900191009003A90EC9204600F002
:10C580008FFA204608B010BD00B5AA4987B0498887
:10C590006A461181A849032050394A6803928A6883
:10C5A0000492C9680591069A0091019202A90EC9E8
:10C5B00000F076FA0020CAE73EB5A04A6B46183272
:10C5C00007CA07C39B4D00246C7029466C801C3140
:10C5D000684602F044FC002801D0AC603EBD032058
:10C5E0009449000380681C3148609248944A0021B5
:10C5F000103001F063F9002803D00022114602F048
:10C600004BFE0F2100228904286901F0B3F90028AC
:10C6100003D00022114602F03FFE01206C60A860AA
:10C6200000203EBD83498861704770B542688248EA
:10C630001468536891685038D26804604360C260DF
:10C6400081600078440701D5840705D19C0703D198
:10C650008C0701D1940701D0062070BD5B189A1891
:10C66000744D0F239B02EA60994207D80321090306
:10C6700089687723DB02591A914201D20C2070BDE0
:10C680006D4C7049216070496160C10701D06F48ED
:10C6900004E0800701D56E4800E06E48A060A868FD
:10C6A000012802D00826304670BDFFF7F4FE0600D0
:10C6B000FAD12168E8688847F5E770B5050004D02D
:10C6C000287A800703D0102070BD0E2070BD594C11
:10C6D000A068032805D0042801D0052803D008202D
:10C6E00070BD0520A0606868E168860060688019F8
:10C6F000884204D90020C04360600C2070BDFFF761
:10C70000CAFE0028FAD1A96832466368606902F05F
:10C71000C2FB0028F2D1616889196160E268914228
:10C72000ECD0092070BD10B5424C0820616800298A
:10C7300000D010BDA1680429FBD13F486178403882
:10C7400002F010FC002802D00021617010BD05210C
:10C75000A16010BDF8B5374C0746A068032804D087
:10C76000042804D008252846F8BD0420A06060688D
:10C77000002801D00820F8BDFFF78DFE0500FAD192
:10C780007868860060788119402901D90920F8BDB0
:10C79000294AB968403A1018324602F046FE6078DD
:10C7A00080196070DFE710B5224CA068052813D10E
:10C7B000E168606888420FD10620A060FFF76BFE39
:10C7C000002808D16069E168406802F005FC002893
:10C7D00001D10721A16010BD082010BD10B515487A
:10C7E0008168072901D0082010BD006901F0FFF819
:10C7F000002803D00022114602F04EFD0E4880684A
:10C80000804710BD1CB506200195009400F048F942
:10C810001CBDF8B51C4617460D46064600F0CEF87E
:10C8200000282AD00120000385421AD9291B301B79
:10C83000234611E000280020142D0020F8F6030004
:10C8400083C40300D3C40300F7C4030019C5030065
:10C8500089C5030053C503001A46FFF7DAFF002815
:10C860000BD13A462946304600F0B3F8002804D1EF
:10C870003A462946304600F0A1F8F8BDF0B589B037
:10C88000684600F00BFA049800282AD00121090319
:10C89000079A4018904226D9501A45081046049A23
:10C8A0000C468718024668001618001908900320E5
:10C8B00000038068049988420DD261190846042259
:10C8C00000F087F800280CD121460422084600F029
:10C8D00080F8002805D1BA1B2B4630460899FFF78F
:10C8E00098FF09B0F0BD049A079800F072F8F8E7D5
:10C8F00000B58DB004A800F0D1F9099800280DD03A
:10C90000089800280CD008990B9840180190002135
:10C910000998009180080290684618DF0DB000BDAC
:10C92000032000038068F1E700B58DB004A800F093
:10C93000B5F909980028F1D0089800280ED0089978
:10C940000B984018032100910F2102908903099848
:10C95000019180080390684618DFDFE70320000399
:10C960008068EFE730B591B0684600F097F9049819
:10C97000002814D001210903079A4018904214D9C5
:10C98000501A43081046049A5C0082180019611876
:10C9900003242403A468049DAC4202D20E2011B0EB
:10C9A00030BD121AFFF735FFF9E703200CAB07C3C0
:10C9B000049880080F900CA818DFF0E71FB5032338
:10C9C00001909008039000930291684618DF04B02C
:10C9D00010BD1FB5012301909008039000930291B0
:10C9E000684618DFF3E7000010B5BB480368012B69
:10C9F00002D1022900D10160100003D000221146AB
:10CA000002F04AFC10BD10B5B34C48DF002803D03B
:10CA10000022114602F040FC02F0FCFB20680228D4
:10CA200003D0032801D00428EFD110BD38B5006829
:10CA3000401C19D00024684600F058F9009801689D
:10CA4000012910D1818800290AD0C1680320000380
:10CA50008068002202F0CEFA00998988814201D1D3
:10CA6000012400E00024204638BD10B504469A4851
:10CA70002021001D02F0B9F9002803D00022114640
:10CA800002F00AFC9448002320222146001D02F0F7
:10CA90001BF9002803D00022114602F0FDFB10BD57
:10CAA0000FB4F8B5684600F021F96846818B069D01
:10CAB0000122894CFF238948002D13D0012D17D066
:10CAC000032D2BD00021022D37D02A46052D46D02C
:10CAD000042D4ED0062A01D104202060F8BC08BCE9
:10CAE00004B0184781800A9983600260C16010E039
:10CAF0008180099D089949190A9D4919C160A5219C
:10CB000083600160089901610999856141610B9910
:10CB1000C16122607148FFF7A8FFDFE700990B6849
:10CB200003608B888380C968C160AA2181600899ED
:10CB30000161099941610A990BE0009D2E68A52EBB
:10CB400009D00660AE888680ED68C56001618360AB
:10CB500041618161DDE781800360C160F6E700F03B
:10CB600085F9002803D00022114602F095FB03202E
:10CB7000B3E781800360C160009989688160C9E77B
:10CB80000EB557480090202001900120029002F03D
:10CB900001F8002804D150496846091D02F023F825
:10CBA0000EBD10B5FFF708FD002805D100F02FFBE2
:10CBB0000446FFF728FF204610BD70B511DF00289E
:10CBC00003D00022114602F067FB464900200B68A3
:10CBD000444C012180340A4682401A4204D0C506E2
:10CBE000ED0E0A46AA402260401C2028F3D30324FD
:10CBF0002403A06813DF002803D00022114602F0AE
:10CC00004BFBA06802F0F2F970BD08B5684600F071
:10CC10006DF800980168A52904D08068AA2801D081
:10CC2000002008BD012008BD10B5FFF79BFE0028BD
:10CC300003D1FFF779FE00281BD0642001F0F2FD3C
:10CC4000FFF71CFE002803D00022114602F024FB4F
:10CC5000FFF788FE002803D00022114602F01CFBDB
:10CC6000FFF746FE040003D00022114602F014FB39
:10CC7000204610BD00B589B018221B4902A8FFF755
:10CC8000D7FA069807990090019102A80FC8FFF7FC
:10CC900007FFFFF7B8FE002009B000BD10B50E4930
:10CCA00088B0044600232022091D684602F04FF890
:10CCB0000098206068468088A0800398E060029811
:10CCC000A06004982061059860610698A0610798AB
:10CCD000E06108B010BD000024280020202D0020B5
:10CCE000E9C9030000E100E01CF70300014901600D
:10CCF0007047000000FC030008280CD004DC00286A
:10CD000007D006280FD108E00B280AD00C280AD13A
:10CD100005E001207047022070470320704704207F
:10CD20007047042901D0062070470520704770B570
:10CD300015460A46032823D0042820D1FE4C00299A
:10CD400006D0E088FD49884219D0132176DF10E033
:10CD5000284602F0A3F9002803D00022114602F071
:10CD60009BFAE069A8420AD101220321F44801F0AC
:10CD700003F8002803D00022114602F08DFA70BD9E
:10CD800001211046FFF7B8FF02460121EEE7F0B59A
:10CD9000054608790E4685B081070CD0032211465E
:10CDA000284600F0E9FF002803D00022114602F0D7
:10CDB00073FA05B0F0BDE0490090183102F047F970
:10CDC000010011D1DC4CB168009AA06902F02DFB82
:10CDD000009802F097F9010006D120466946183004
:10CDE00002F09CF9010003D0284600F0AFFAE0E71A
:10CDF00004200190009880080290A069039001A887
:10CE0000FFF75BFC07000BD0092F10D0A06902F0E0
:10CE100045F9010002D0284600F098FA3946E3E7C8
:10CE20003079616940186061A069E061C1E73079DB
:10CE300061694118616160780028BAD06089401E3C
:10CE40000004000C6081B4D1284601F0E9F8002804
:10CE500003D00022114602F01FFA20896081A8E762
:10CE600010B50022114602F017FA10BD10B5B24CF1
:10CE700001202070E088B149884208D0132176DF74
:10CE8000002810D00022114602F006FA0BE0A0782C
:10CE9000002808D074DF002803D00022114602F0D9
:10CEA000FBF90020A07001F034FC002803D0002220
:10CEB000114602F0F1F9002010BD70B50D6804466E
:10CEC00001209D4A2B0002F002FC0A2B304306137E
:10CED00020575C466012FFF766FC0421FFF70CFF49
:10CEE000024604212EE00022114602F0D5F970BD61
:10CEF000FFF7BCFF002803D00022114602F0CCF956
:10CF0000FFF76CFC002808D170BDFFF7AFFF0028C9
:10CF100003D00022114602F0BFF9FFF773FC70BD89
:10CF2000106188680078107170BD022010618868F7
:10CF300000780128F8D1FFF7F6FB0221FFF7DCFEAD
:10CF400002460221204600F017FF0028CBD170BD19
:10CF50000320106170BD12692046012A06D0022A02
:10CF600007D0032AF6D1FFF712FF70BD00F001FAD7
:10CF700070BD00F03BFA70BD507088881081508100
:10CF800070BD00205070108170BD2046516901F0C5
:10CF900010F8DAE710B5044669488EB08179684622
:10CFA000817068490180342101A802F09DFA0220B5
:10CFB000019000216846417284720121018205902E
:10CFC000002101A801F03FFA002803D000221146F9
:10CFD00002F062F90EB010BDF0B5574C8BB0A078DE
:10CFE00000283AD156481821183802F07DFA204618
:10CFF000534CC078183C00250126002837D027461E
:10D00000483700950195029510226946F81D039551
:10D0100002F0DEF9002822D0F81D08900997684632
:10D02000067509A804906846067708A806900420AB
:10D03000FFF7B0FF25700220207204A8E0602820CE
:10D0400020823F486582183873DF002803D0002211
:10D05000114602F021F9384886700BB0F0BD05206A
:10D06000FFF798FF2670676025722582E9E70620A2
:10D07000FFF790FF257065602572E0E770B52E4CD4
:10D0800001880022E588A6B017290AD01EDC1129E4
:10D090003FD008DC022977D0102902D18088E080B7
:10D0A000A27026B070BD264C30342646183613299F
:10D0B00051D01429F5D1C289638D00219A4200D143
:10D0C000314600238088E21D82DF1BE0512970D0A9
:10D0D0000EDC18296CD01929E3D180790028E0D121
:10D0E000A270E068401EE0604FD0FFF775FFD8E700
:10D0F000522976D05529D4D180790028D1D1132155
:10D10000284676DF0028CCD00022114602F0C4F871
:10D11000C7E78020694688803220E060012301AAA9
:10D1200006A92846AADF002803D00022114602F0F3
:10D13000B3F82078002807E030280020FFFF000027
:10D14000582D00203015000001D1FFF745FF0020C9
:10D15000C043E080A5E70722C14910A802F065F9A5
:10D160001022E11D0CA802F060F91C22314612A821
:10D1700002F05BF90CA80A9012A8099006ABB94A14
:10D18000852128467FDFBDE70DE01822B64906A8B5
:10D19000FFF74EF80A980B990090019106A80FC866
:10D1A000FFF77EFC7DE70021284667DFAAE700E065
:10D1B00017E0817900299AD0807A042803D00628C4
:10D1C00001D0052893D1022909D0012069460872AF
:10D1D000FF208330888102A92846A8DF92E7022039
:10D1E000F4E700F08DF88DE710B5044601F0C2FABF
:10D1F0009B482146303800F09AFE2046FFF73EFF5C
:10D2000010BD10B50022114602F046F810BD30B531
:10D21000944D87B00024203D2C7094482C6102F07E
:10D22000B3F800286AD19248FFF7FCF901F000FF3B
:10D23000002863D18A4800F059F9002801D1012063
:10D24000E87011206946087207228AA102A87CDFD3
:10D25000002803D00022114602F01EF800940C2191
:10D2600068460194018018214180FF21848091311A
:10D27000C1807ADF002803D00022114602F00CF8AA
:10D2800004206946009408807C4801907C48029004
:10D290007348303800F00BFE002803D000221146FE
:10D2A00001F0FAFF1C21684602F01EF97548019052
:10D2B0000120800302900094032168460173C48119
:10D2C0000474714806900594684601F0FEF9002840
:10D2D00003D00022114601F0DFFF6249E122087805
:10D2E0004008400010400C30DF221040087007203A
:10D2F000487010208870FFF76FFE002007B030BD27
:10D3000070B5584C614D203CE088A84201D10820FE
:10D3100070BDE178002914D051490123082234312D
:10D32000A9DF0028F4D12A460C21E088A7DF58495C
:10D33000884204D0082802D0891C8842E8D1002005
:10D3400070BD00231A461946A9DF70BD10B50A4604
:10D35000044603211046FFF7CFFC02460321204676
:10D3600000F00AFD002803D00022114601F094FFCE
:10D3700010BD30B5054687B00020009001900290A6
:10D38000039038486A46203800791070364A0C3AC3
:10D3900010689268049068460692059008790C28F7
:10D3A00006D003221BE00022114601F075FFA5E71D
:10D3B0008C68204600F049F80190201D00F045F8E7
:10D3C00002902046083000F040F8039004A8FFF7D0
:10D3D0002CF9002892D00121FFF78EFC0246012192
:10D3E000284600F0C9FC0028DDD187E7FEB50446D9
:10D3F000087982070ED08207920F04239B1A00221D
:10D40000154604E08E683554401CC0B2521C9A4246
:10D41000F8D308710120009088680290087980088C
:10D4200001906846FFF796F900280DD00221FFF71A
:10D4300063FC02460221204600F09EFC002803D037
:10D440000022114601F028FFFEBD10B5044602F08F
:10D450004DF80002E178000A0906084310BD0000FB
:10D46000882D00205028002040F70300E9D1030058
:10D470002FCD03004466755461726700BBCE030074
:10D4800003D20300CD0C000061CE0300FFFF0000BB
:10D490000230000010B50C46002802D001200860C0
:10D4A00010BD2168002911D01C48421A814212D0B7
:10D4B0003C2A0DD23C303C3101220B7803701346DC
:10D4C000491E401E521C3C2BF7D904E00E200BE0F5
:10D4D0003C2201F0AAFF00223C21104801F08AFD05
:10D4E0000E49891E08800020206010BD70B50546D9
:10D4F00000223C21094801F07DFD084CA41E218832
:10D50000884201D00B2070BD3C220449284601F01E
:10D510008CFF2088401C2080002070BD823F0020AE
:10D520008307FF22DB0E9A408907090E99400028E5
:10D530000BDA0007000F08388308FA489B001B1815
:10D54000D86990430843D86170478308F6489B0028
:10D550001B181868904308431860704770B5012481
:10D56000F24960040860F24940108860F04940398F
:10D570008860F04D6C602F20FEF708FEAC60EE4D29
:10D5800000242F206C61FEF701FE2C7170BDF0B5F8
:10D59000E94F2821BC6841430D1939694A1C09D05B
:10D5A00028224A431619AB68B268934204D8D21AAB
:10D5B000B26069623861F0BD0A4602E00A46796AE3
:10D5C0009B1B4E1C0BD028264E433719BE689E422B
:10D5D000F4D328264E433619B768FF1AB760AB60FC
:10D5E000696228214A4311194862F0BD70B5D24CD6
:10D5F0002269A5681346114606E0814207D00A4613
:10D60000282671434919496A4E1CF6D170BD002E77
:10D61000FCD08A420CD1282043435819406A20612B
:10D62000401C05D1C34B01209860002363616071E9
:10D63000282041434819282381685A43406A5219D7
:10D640005062421CE2D0282250434019826851188F
:10D65000816070BDF8B5B84C2569681C35D0B748F5
:10D66000002640686169401A07023F0A19E0282035
:10D670004543A0682A189068B84214D8A3693F1A95
:10D680008619556A002B09D0116AD069984700287D
:10D6900007D00022114601F0FFFD02E0D169106AB7
:10D6A0008847681CE3D1A178E078814206D1401C0C
:10D6B000C0B2E070022801D10020E0709E4900064F
:10D6C000800D1C310E5000F0BAF9F8BDF8B50446D3
:10D6D000994800270169009146785CE09648F1007E
:10D6E000C2688D1851E0601C07D0934A28209268C8
:10D6F000604321468018446A24E028781821414379
:10D700006A68401CC0B252182870A978884200D1BB
:10D710002F70894B516828209B684843C0181368B4
:10D72000012B34D1037E002B31D19368C360D368C1
:10D73000036113694361526902627F4A5279002A88
:10D7400000D0C7607C4BC2685B6996469C46D31A82
:10D750001A027B4B120A9A4202D20369D21808E0DD
:10D76000724663469A1A12020369120A934202D958
:10D770009A1A826000E08760C76001220761027622
:10D78000921E42620846FFF702FF601CABD1287868
:10D7900069788842A7D13046761EF6B200289DD11E
:10D7A000654801690098814201D00120F8BD002040
:10D7B000F8BD64490020086048608860C86061491D
:10D7C00040390860486045E7FEB50020C0435A4D27
:10D7D00002906869019068462E6900F035F90746A5
:10D7E00000F04FF90446002F08D002AA01990098D2
:10D7F00000F08FF90298FFF769FF06E00298FFF743
:10D8000065FF002801D1002C02D0304600F0AAF9B3
:10D8100000206871FEBDFFB59807002481B01E4648
:10D8200015460F4600280BD1002E09D0FFF796FEB3
:10D8300041490A9888610F70324600208E6008E0E6
:10D84000072005B0F0BD28234343D4509B181C7615
:10D85000401CB842F7DB28204743BB19032048701F
:10D860000F461846CB6019461830002218232E4662
:10D870005E43D3005B181C705C709D70586030185C
:10D88000521C032AF5DB0020C0433861BC70FC70D9
:10D8900001242D482405046003211420FFF740FED5
:10D8A000224880380460254C0198A0600321112093
:10D8B000FFF736FE606878610020C2E770B51E4C45
:10D8C000A568002D06D0002A06D0002804D0002329
:10D8D000247809E0082070BD072070BD28265E432B
:10D8E000AE59002E04D05B1CA342F7DB042070BDB0
:10D8F000282401265C432E516419E26161600360B3
:10D90000002070BD07494868C005C00D2CD01038F4
:10D910001CD50207120F083A920892005118C969E3
:10D9200019E0000000ED00E000E400E080E100E02C
:10D93000401301400010014058280020001501400C
:10D94000FFFF7F004011014080E200E08108B14A02
:10D950008900891809688007C00EC1400806800F39
:10D96000012803D0032803D002207047002070470D
:10D9700001207047FEB50446A748174682680D4649
:10D98000002A0CD001788C4201D2052D01D207204B
:10D99000FEBD2146282359435358012B01D00820AE
:10D9A000FEBD8818406801281DD00026FFF7AAFF99
:10D9B000C00099490190C9684018694600F018F9FB
:10D9C000002812D001214460016094494968083060
:10D9D000E2C091490198C96841180098487000F068
:10D9E0002EF80020FEBD2E46E0E70420FEBDF8B56F
:10D9F000894D0446A868002809D029788C4201D3B3
:10DA00000720F8BD282161434058012801D0082093
:10DA1000F8BDFFF777FFC600E8686946301800F0E8
:10DA2000E7F8002809D0022112C0E86831180098F0
:10DA3000487000F004F80020F8BD0420F8BD012073
:10DA4000774900050860704710B5734900238A784C
:10DA5000CC78A24212D0521CD2B28A70022A00D1D3
:10DA60008B708A786C4B92001C339A58026048691C
:10DA700010180002000A4861012010BD0360002058
:10DA800010BDF8B5644801690091457833E06248FB
:10DA9000E900C0680E1834782AE0182060437168E5
:10DAA000641C0818B178E4B2A14200D100240168D6
:10DAB000022902D003291BD113E0574A40682821CC
:10DAC000926841438F18397E002911D0FFF78EFDEF
:10DAD000002038760CE028277843C0180276406A88
:10DAE00003E04D4900228B680869471CF3D10861A7
:10DAF0007078A042D1D128466D1EEDB20028C6D163
:10DB0000454801690098814201D00120F8BD0020FC
:10DB1000F8BDF7B5404C0025A76823691EE0282111
:10DB20005943C9198E68864202D9301A886017E0B5
:10DB3000801B751900268E600E764E699C464B6AD6
:10DB4000B646002E0AD0019E76193602360ACE60FD
:10DB500076460E6116684E6261461160591CDED130
:10DB60002361FEBDF8B52C4801694A1C3DD028222E
:10DB70005143826889188E6828494C684769007942
:10DB8000E11B0D022D0AED1C002815D10120254AAC
:10DB900000045060234A403A5060214940008031DF
:10DBA0000860214908602149012008602F20FEF704
:10DBB000EDFA194901200871B54200D23546E8193D
:10DBC00000021649000A4031086014494968001BE8
:10DBD000091B0902090A0002C91C000A814203D973
:10DBE00001200F4940040860F8BDFFF7B7FCF8BDFD
:10DBF00042788378521C934200D1002203789342EA
:10DC000001D1002070470A604168407818225043D3
:10DC10000818704700E400E0582800200015014073
:10DC200000E200E04013014000E100E0001001408C
:10DC300010B50446082904D000221146104601F010
:10DC40002BFB21686068884710BD1CB501910090CE
:10DC5000024A0821684601F09DFA1CBD31DC030030
:10DC60000A48026803210A430260094880470948BC
:10DC70000047FEE7FEE7FEE7FEE7FEE7FEE70000FF
:10DC800005480649064A074B704700002405004036
:10DC9000A9DC0300C1C0030090300020903C0020AC
:10DCA0009034002090340020F8B500F035F82B4E69
:10DCB000002804D02A4870602A49F01388612A4855
:10DCC0000124018CC9B201290DD1818C09070AD127
:10DCD000018D0906090F042905D1808D0006000F6A
:10DCE00001D1224884600027B461214D6F60A805EE
:10DCF0008460686800280ED1C820FEF757FA1D48D6
:10DD00007F1C8742F5D30020B0610120800784602A
:10DD100068680028FCD0F8BD1348018CC9B20129FD
:10DD200017D1818C090714D1018D09060A0F03D17F
:10DD3000828D1206120F0ED0090F012903D1828D98
:10DD40001206120F07D0032903D1808D0006000FA1
:10DD500001D00020704701207047000000050040FE
:10DD6000DFFF07C0006C0040C00F00F0000600405D
:10DD7000000100408813000030B585B0002822D093
:10DD80000388FE4CA34220D0FD4B1B78002B1CD0F7
:10DD9000FB4B10255B1C1D705970002401259A70E7
:10DDA000032269460A820094019402940394028A31
:10DDB0000A808D708C8004A90291039300886946C3
:10DDC000A6DF05B030BD0E20FBE70820F9E7F0B56F
:10DDD0008BB004460227684607730026099687849D
:10DDE000C68408A80A900D46A18A208809AAA5DF42
:10DDF000002804D0E16A00291AD0884718E0684654
:10DE0000008CC007C00F13D068460682208803A983
:10DE1000A8DF002813D1A97E28461B3001220B0061
:10DE200001F055FC09430F1B202224263E28430005
:10DE3000FF20FE3069460882208803A9A8DF0BB0C6
:10DE4000F0BD00960AE0062219E069460A710290C8
:10DE500022E0204690470020F1E700922B8B022B16
:10DE6000F3D2F0E700971DE003201AE0042018E049
:10DE7000052016E0298B032905D20322082120461C
:10DE8000FFF77AFFDBE74178027808021043694622
:10DE9000888003D006200090A26ADAE70720FAE71C
:10DEA000092000906946A26AD3E70322E7E730B56C
:10DEB00085B00D46040038D0002D36D068680028A3
:10DEC00033D00020C043AF4B20800FCB049301AB75
:10DED00007C3AD4869460880891C01A863DF002894
:10DEE00022D1221D69460120A0DF00281CD16846EE
:10DEF0008078A071204600F0CEF8002814D120468A
:10DF000000F055F900280FD12946204600F002F90B
:10DF1000002809D16868A062A868002800D0E062E3
:10DF200097490120087000204BE70E2049E73EB5D5
:10DF3000002828D0002926D0826A002A23D00A8807
:10DF4000102A21D0112A30D0502A1FD0512A1AD19C
:10DF500004460846891D0A78022A14D14A88238A71
:10DF60009A4210D1807A04280DD006280BD00528BB
:10DF700009D0891C2046FFF72AFF002803D0E16A58
:10DF8000002900D088473EBD898810E0CA880389EF
:10DF90009A42F8D1082200928A7F6B461A7120318A
:10DFA0000291826A694690473EBD0021C9430180C3
:10DFB0003EBDF0B585B00A4605002DD028886F49D2
:10DFC00088422BD06E480078002827D06C4C102057
:10DFD000641C2070072060700127A7700321684629
:10DFE00001820026E11C104600F04CF8014668460C
:10DFF000008A0918684601820096019602960396E7
:10E00000298A01808770868004A80394029028885A
:10E010006946A6DF05B0F0BD0E20FBE70820F9E752
:10E02000F0B585B00A46050028D0288853498842B3
:10E0300026D053480078002822D0514C1120641C6F
:10E0400020700127684607820026611C104600F0F8
:10E0500019F801466846008A091868460182009648
:10E06000019602960396298A01808770868004A80B
:10E070000394029028886946A6DFCBE70E20C9E703
:10E080000820C7E70870020A4A70020C8A70000E66
:10E09000C8700420704730B58FB005461C21684613
:10E0A00001F022FA6946087804210843694608709D
:10E0B000002401940394049405940694A87908A973
:10E0C000887031486946801C0884601C00070794EA
:10E0D000000F0C77103048778A7FF9200240921C9D
:10E0E000E7200240012002438A77142109A801F0A9
:10E0F000FBF908A8099007A80A9069468C851420A6
:10E10000CC8508860D942B46A888083309AAA2DF7F
:10E110000FB030BDF0B58FB00F4605461C216846E4
:10E1200001F0E2F9684601780226314301700024CB
:10E1300001940394049405940694A97908A8817025
:10E1400011496846091D0184601C0107090F10313F
:10E150006846079401770020014668464177817F31
:10E16000F9200140891CE720014001200143684655
:10E170008177142109A801F0B7F907E0FFFF00003B
:10E180008028002058F703003015000008A80990E7
:10E1900007A80A9068468685C48506860D972B4693
:10E1A000A888203309AA6946A2DF0FB0F0BD30B5B8
:10E1B0008FB005461C21684601F096F9694608783B
:10E1C0000821084310221043694608700024019476
:10E1D0000394049405940694A87908A988701448B7
:10E1E00069460884601C00070794000F0C77103004
:10E1F0004877887FF9210840801CF72108401043A8
:10E200000121084369468877142109A801F06CF9B7
:10E2100008A8099007A80A9069468C851720CC8524
:10E2200008860D942B46A888103309AAA2DF6FE751
:10E2300031150000FFB583B0074600200C9C8646D0
:10E24000267805463AE07868A90041180A886846A9
:10E2500082804988C1800022694601A865DF0028C4
:10E2600010D1684601780598814226D17046002871
:10E2700001D0002200E002222078891841181F29CD
:10E2800002D90C2007B0F0BD7146002908D1401C0E
:10E29000C0B2411C069B049A21701A540120864684
:10E2A000217806980A18694601A865DF0028E9D197
:10E2B000694620780978401820706D1C3888A8427B
:10E2C000C1DC7046002804D020780699801B401ECF
:10E2D00088550020D6E7F8B51546069C1E46074629
:10E2E00002220094FFF7A6FF002806D13346102231
:10E2F000294638460094FFF79DFFF8BDF7B582B078
:10E3000000260546167000681446002805D02846E9
:10E31000039900F0CAF8060008D1687900281ED0D9
:10E320002078039F001D1F2802D90C2005B0F0BDE6
:10E33000684679DF0028F9D121780322481C207033
:10E340007A5421781922481C20707A542078C119F7
:10E350006846008800F0A4F8217840182070A87959
:10E360000223002810D02078039A411C21701354F6
:10E3700020780399471C012227700A542078AA7933
:10E38000471C039927700A54A868002815D000215B
:10E39000415620788C460246C01C03991F28C4D8D9
:10E3A000501C20708B5422780A23501C20708B54F0
:10E3B00020786246431C23700A54A889002809D09B
:10E3C00028460094062202210C30039BFFF783FFAE
:10E3D0000600ABD1A88A002809D02846009407225D
:10E3E00003211430039BFFF776FF06009ED1A88B14
:10E3F000002809D028460094152214211C30039BC4
:10E40000FFF769FF060091D1686A002805D022460F
:10E41000039900F07FF8060088D1A86A002805D08B
:10E420002246039900F0B5F8060084D13020405D03
:10E43000002806D022462846039900F0DCF80600A2
:10E44000C7D1304672E770B50C4692B000216A46DB
:10E45000117007251171002809D0817949070CD561
:10E4600002A9FFF74BFF002808D102AE00E000260A
:10E47000002C0ED0A079002802D0284612B070BD22
:10E4800001AA0AA92046FFF739FF0028F6D10AAAF7
:10E4900000E00022684603790178304672DFEDE73C
:10E4A0000870000A487002207047F8B514780746D3
:10E4B000A01C15460E461F2803D83879801C1F283B
:10E4C00001D90C20F8BD1D20001B80B2694686468C
:10E4D00008803019801C7DDF0028F3D138680228BD
:10E4E00005D168460088704501D8092107E03879D0
:10E4F0000821002801D0704501D968460088421CD7
:10E500003255641CE2B2B1542978801C0818287076
:10E510000020F8BDF8B50D4611780646881D144652
:10E520001F2801D90C20F8BD33880720062BFAD309
:10E530001927FF01BB4202D94D4A9342F3D1728899
:10E54000062AF0D3BA4202D9494FBA42EBD1484F1A
:10E55000BB4203D0BA4201D09342E4D8481C052202
:10E5600020706A5420781222411C21702A5420788D
:10E5700041193088FFF794FF21784018C0B220700D
:10E5800041197088FFF78CFF217840182070002017
:10E59000F8BD70B5054600790E46801C1446C0B221
:10E5A0001178821C8A181F2A01D90C2070BD0A46D6
:10E5B000491C401C2170B0542078FF22411C21705E
:10E5C0003254207881192888FFF76AFF2178401893
:10E5D000C0B22070AA88002A09D0A968002908D0F2
:10E5E000801900F022FF207829794018207000203F
:10E5F00070BD072070BDF7B582B002981446C06A9E
:10E600000F46002832D0029800252030009028E0E4
:10E610000298C16A0C2068430E18217830794A1C90
:10E62000C01C2270785421781622481C20707A541D
:10E630002078C1193088FFF733FF21784018C0B225
:10E640002070B288002A09D0B16800290ED0C01904
:10E6500000F0EBFE20783179401820706D1C009896
:10E66000EDB2007CA842D3D800205FE607205DE62B
:10E67000FFFF000038B56749674A488890420FD0CD
:10E680004A78664C521CD2B24A70237B934208D31C
:10E69000083175DF002803D0A169002900D0884720
:10E6A00038BD00254D70217C002907D03B2176DF45
:10E6B000002803D0A169002900D08847616900299A
:10E6C000EED068460095884738BD70B505460146CE
:10E6D0001C225248FDF7ACFD4E4C002626702968DE
:10E6E000002907D00822A01800F09FFE204608301D
:10E6F0007ADF02E0474808307BDF002808D1401E5F
:10E70000608044486670464A0021001DFFF7D6F835
:10E7100070BD10B53F484068FFF769F910BDF8B506
:10E720003C48103000F069F800263A4D3B4C002878
:10E7300006D06169002919D001200090684614E0D4
:10E740002878002804D0616900290FD00096F5E7E9
:10E75000687800280CD0A16800226868FFF70AF9E1
:10E76000002803D0A169002900D088472E70F8BD89
:10E770006168F1E7F8B5294C02880027254DE68944
:10E78000102A18D029464968112A21D0122A2DD0E2
:10E79000502A0FD1801D0288B2420BD1028B022A6F
:10E7A00008D1C27E837E10021843C007C00F13D069
:10E7B000FFF7B5FFF8BD818869800146154808223A
:10E7C0001631103000F031FE6F70002EF0D0F8BD21
:10E7D0000020C04368806F700846FFF708F90028E2
:10E7E000F5D0A1690029F2D08847F8BD811D0948FC
:10E7F0000822103000F019FEDAE741880548083099
:10E800000288914204D34088814201D80120704798
:10E810000020704788280020FFFF0000C42D002042
:10E8200075E6030031B5054C04E0401E009020461B
:10E83000FDF7CCFC00980028F7D138BDE7030000B5
:10E8400018225043FE4A0021801801718160416105
:10E85000012281610261C1607047FFB581B0F94C4E
:10E86000049B039A054626691A4303200092002E52
:10E8700003D1002A0ED0012222612769039A0126C2
:10E88000360792003B0000F022FF072707162940B9
:10E89000526127000222EFE77069326992B2504359
:10E8A000326933691204920C9BB2594329DF002864
:10E8B00012D102210FE0084628DF00280CD103996D
:10E8C000002901D0032106E00499002916D12978F6
:10E8D000042946D017E0216105B0F0BD70693269A6
:10E8E00092B25043326993B24B4301461846039AA1
:10E8F00029DF0028F0D10499002901D00421EAE79A
:10E900002978042920D00521E5E773693069366943
:10E9100080B2434368681B189B18B6B24E43301848
:10E9200080181946049A29DF0028E9D0D4E7306915
:10E9300080B24843696880188A08696929DF00281D
:10E94000CAD1009900290CD00621C4E77069316949
:10E9500089B24843316989B200F0D9FD28DF002827
:10E96000BAD10721B7E7F8B5B54918230A780F20BF
:10E970005A435418241DB34922782669CF68022AC5
:10E980001BD001252D07042A2AD0052A5BD128692E
:10E9900081B2304600F0BBFD0146A36828699A1990
:10E9A00080B24843101A82086068181886192869CE
:10E9B0004B1C80B25843801B34E0B8026268616926
:10E9C000121A0918A3683018181801239B029A42DA
:10E9D00002D2920829DF31E0FF22013229DF2DE047
:10E9E000E268974914205043F4314018001D0BC8C9
:10E9F000B04203D160685943814218D0022A16D030
:10EA0000286981B2304600F082FD0146286980B253
:10EA10004843301A820828694B1C80B25843636807
:10EA20009B19C01A83082046FFF717FF06E02869E4
:10EA300081B2304600F06BFDC01928DF002802D1FA
:10EA40007F4901228A70F8BDF8B57D4C069E657835
:10EA50000A2D1DD027787D19EDB20A2D01D30A3D6C
:10EA6000EDB218277D432D192871AA6103C9EE6004
:10EA7000AB6069612861A1780020002904D1FFF70B
:10EA800072FF112800D100206178491C6170F8BD27
:10EA90000420F8BD38B50246694818230178594367
:10EAA000081803690179022B0AD014246343644CCB
:10EAB000F434E4588368009383691030A04738BD6C
:10EAC000604B14331C68F5E7F8B55D4B9978012964
:10EAD00014D100255B499D700A69082A05D00228D7
:10EAE0000FD003280AD10D2006E0022807D00D70B0
:10EAF00000F025FA002801D0FFF7CCFFF8BD0D612A
:10EB0000F6E74F48182403784E496343CC68181839
:10EB1000641C001DCC600378022B05D14668A1025D
:10EB2000B14201D3012700E00027052B01D1072ABC
:10EB300003D00021042B02D003E00121FAE7072AC9
:10EB400003D00026042B02D007E00126FAE7406834
:10EB5000A302834201D3002A1AD00020314301438B
:10EB60003943C5D0374E28463561FFF793FF344C03
:10EB70002078FFF765FEF5606078401E60702078B1
:10EB8000401CC0B220700A28B2D30A382070AFE708
:10EB90000120E3E770B500252A4C2948E56025618E
:10EBA0000570457085702E463046FFF749FE761C8D
:10EBB0000A2EF9D3012212076560516928461269AD
:10EBC000491E92B25143E560A1601D49F4310D60C8
:10EBD0008D600D61CD601B4914310D60888001216D
:10EBE0002170206170BDF8B5164A044610780E46B3
:10EBF000002830D0002C30D0002E2ED020680028E5
:10EC00002BD0012000076768016989B28F4228D89C
:10EC1000102F26D3A168002923D095687943436932
:10EC20004A19006980B243439A421AD8012000076A
:10EC3000006980B2814212D901200007006903E017
:10EC4000E02D0020A028002080B2394600F05FFCB3
:10EC5000002906D103E00820F8BD0E20F8BDB80752
:10EC600001D00720F8BDBD49486801281CD00F46D7
:10EC70001421BB4A21C641438E1875602368535046
:10EC80006168B160A168F160A268616800235143C6
:10EC9000012212075B1C14699BB2A4B28C4205D2FC
:10ECA0001469A4B2091B02E00420F8BD0021146914
:10ECB000A4B265191469A4B28C42EBD9BD60401CA2
:10ECC000336178600020F8BDF8B50446A3481E46BD
:10ECD000007815460F46002807D0002F07D0002CDB
:10ECE00005D02068002817D103E00820F8BD0E20C9
:10ECF000F8BD9B48016800290ED0C2688168406851
:10ED00004A4310186268904206D9002D04D0A942E7
:10ED100002D3A819884201D90720F8BD384600F06F
:10ED200008F9002811D0304600F003F900280CD073
:10ED3000606800F0FEF8002807D02B463A462146CE
:10ED400002200096FFF780FEF8BD1020F8BDFFB549
:10ED5000824881B000781F4616460D46002808D02C
:10ED6000002D08D00198002805D02868002817D168
:10ED700003E00820B0E50E20AEE5794C20680028BD
:10ED80000ED0E168A0686268414389186A689142C0
:10ED900006D9002E04D0B04202D3F119814201D924
:10EDA000072099E5019800F0C4F800281BD03846E8
:10EDB00000F0BFF8002816D0686800F0BAF8002804
:10EDC00011D068683246C119019800F02EFB0096F8
:10EDD0002868142148432458002203212846019B17
:10EDE000A047002078E5102076E5F8B505465B4899
:10EDF0000F460078002805D0002D05D0286800288F
:10EE000021D103E00820F8BD0E20F8BD544C0026A7
:10EE10002068002817D0A168E0684843616841185D
:10EE2000686881420FD900F084F800280DD0296865
:10EE300014225143091968684A688968801A00F0E9
:10EE400066FB002903D00720F8BD1020F8BD3B4623
:10EE50000022294604200096FFF7F6FDF8BD3F4A40
:10EE60001278002A0DD000280DD000290BD002689E
:10EE7000002A08D0394A14321368002B05D0042028
:10EE80007047082070470E20704702230B6000680F
:10EE9000106000207047F8B5044630481E460078E0
:10EEA00017460D46002807D0002D07D0002C05D0AE
:10EEB000206802281BD103E00820F8BD0E20F8BD11
:10EEC000264814300068002811D0084600F031F8B8
:10EED00000280ED0304600F02CF8002809D03B4620
:10EEE0002A46214602200096FFF7AEFDF8BD072016
:10EEF000F8BD1020F8BD08B5184A1278002A05D0D0
:10EF0000002805D00268022A11D103E0082008BDBC
:10EF10000E2008BD114A14321268002A07D00B4691
:10EF20000022014604200092FFF78EFD08BD072055
:10EF300008BD800701D000207047012070470849B4
:10EF400010B5F43949780020002906D0FFF70BFDF1
:10EF5000002802D0112800D1002010BDA0280020D8
:10EF6000D42E002070B500250C290ED3044643187A
:10EF7000008941000919581A0A38C2B21748022AF2
:10EF8000027002D30A318B4201D2092070BD1448AD
:10EF900000F04BFA134914480A88824202D02388B1
:10EFA000934217D14988814202D06088884211D1AA
:10EFB0000D4A0323521E20891B03A8420AD9690067
:10EFC00009194989914203D09E896D1CB142F4D13F
:10EFD000002070BD0B2070BD00207047BC280020B1
:10EFE000E82E002080100010FFFF000010B5FDF794
:10EFF000FDF810BD10B50446002A02D0108800228A
:10F0000010E00A48FBE7030A00020343A05C5840F3
:10F0100003061B0F43401803584083B21806C00C68
:10F020005840521C8A42EED310BD0000FFFF000082
:10F030004B48002101704C484A4A02608160C1601F
:10F04000016108224161426081610846704710B544
:10F0500000291DD000220A60434A5368002B1BD0B0
:10F06000202817D85B1E5360D0682423401CD06032
:10F07000106914684343E3180B60012383409169CE
:10F08000401C19434007400F91611061002010BDE2
:10F090000E2010BD0C2010BD042010BDF0B5324A6A
:10F0A0000646916800292BD057691020791A490724
:10F0B000490F14680B4624254D436519B54206D106
:10F0C000012495698C4065400020956104E0491C4D
:10F0D0004907490F8F42EED1491C4E07760F9569BB
:10F0E00001210C469C402B4623420AD19368002BF9
:10F0F00007D05B1E936053685B1C53603346F0E798
:10F100000420F0BD184A2423117C1268491E4907C7
:10F11000490F5943203150500020704770B50028E6
:10F120001AD0002918D0104AD368002B16D05B1EC5
:10F13000D360936824265B1C9360536915681C4652
:10F140007343EE1820330660E858641C08606007BB
:10F15000400F5061002070BD0E2070BD042070BDB6
:10F16000BD280020F42E00201430002030B5CB0044
:10F1700008339DB293070024002B01D0072030BD37
:10F180003B4B9A605219DA605C701C705880998011
:10F19000002030BDF7B5364C0E466088814237D826
:10F1A000344F00F069F822786078A188884201DA4B
:10F1B000401C00E00020C0B2904202D100F062F892
:10F1C00024E065786078884201DA401C00E0002085
:10F1D000607000F057F8BD4218D0A068EF000299A7
:10F1E000C151009900290CD0002E0AD06088324607
:10F1F0004543E068281800F018F9A06838188680A0
:10F2000002E00021381881800020FEBD0420FEBDF0
:10F210000920FEBD0EB504E068468188029A009878
:10F22000904702AA01A9684600F003F80028F3D02D
:10F230000EBD70B50E4B05241D785E78AE4215D01C
:10F240001D781C789E88B44201DA641C00E000241A
:10F250001C705C88DE686C43A41904609B68E8003D
:10F26000C418A4880C80185800241060204670BD73
:10F27000C4280020FFFF000072B606480168491C40
:10F280000160704703490868401E086000D162B6FB
:10F2900070470000D4280020BFF34F8F0349024875
:10F2A000C860BFF34F8FFEE70400FA0500ED00E0F1
:10F2B00010B5002904D0002211461046FFF7ECFFDC
:10F2C00000F010F810BD10B50021024A0846FFF703
:10F2D00061FF10BDB1F2030010B508461146FCF7FE
:10F2E000C3FF10BDF8B5384C2078002837D020690E
:10F2F000002807D00026E068002805D00025002E51
:10F3000004D013E00126F6E70125F8E7684651DF4F
:10F31000052806D0002806D000221146FFF7BCFFC2
:10F3200004E0012602E0216900988847002D12D1EF
:10F33000608869460880A06861DF052806D000283B
:10F3400006D000221146FFF7A7FF04E0012502E0E6
:10F35000E168A0688847002ED8D0002DCFD0F8BD36
:10F3600070B5002901D08C0701D0072070BD164C64
:10F370000125A16062801549636010DF0028F5D186
:10F38000257016202EDF70BD002803D00E49C860FE
:10F39000002070470E207047002803D00A490861FA
:10F3A000002070470E20704710B5074840680028BD
:10F3B00007D08047002803D000221146FFF76CFFDA
:10F3C00010BDFFF78FFF10BDD8280020D9F2030031
:10F3D000034610B50B439B070FD1042A0DD308C871
:10F3E00010C9121FA342F8D018BA21BA884201D915
:10F3F000012010BD0020C04310BD002A03D0D30758
:10F4000003D0521C07E0002010BD03780C78401C8C
:10F41000491C1B1B07D103780C78401C491C1B1B83
:10F4200001D1921EF1D1184610BDF8B5042A2CD393
:10F43000830712D00B78491C0370401C521E8307AF
:10F440000BD00B78491C0370401C521E830704D05C
:10F450000B78491C0370401C521E8B079B0F05D074
:10F46000C91ADF002023DE1B08C90AE0FCF7E0FE12
:10F47000F8BD1D4608C9FD401C46B4402C4310C0D1
:10F48000121F042AF5D2F308C91A521EF0D40B78C1
:10F49000491C0370401C521EEAD40B78491C0370AF
:10F4A000401C521EE4D409780170F8BD01E004C08C
:10F4B000091F0429FBD28B0701D50280801CC907D4
:10F4C00000D00270704700290BD0C30702D0027031
:10F4D000401C491E022904D3830702D50280801CE8
:10F4E000891EE3E70022EEE70022DFE70378C27817
:10F4F0001946437812061B0219438378C0781B040F
:10F50000194311430902090A000608437047002203
:10F5100003098B422CD3030A8B4211D300239C4650
:10F520004EE003460B433CD4002243088B4231D3C8
:10F5300003098B421CD3030A8B4201D394463FE05C
:10F54000C3098B4201D3CB01C01A524183098B42BC
:10F5500001D38B01C01A524143098B4201D34B01A5
:10F56000C01A524103098B4201D30B01C01A524108
:10F57000C3088B4201D3CB00C01A524183088B428F
:10F5800001D38B00C01A524143088B4201D34B0078
:10F59000C01A5241411A00D20146524110467047EA
:10F5A0005DE0CA0F00D04942031000D340425340EF
:10F5B00000229C4603098B422DD3030A8B4212D3AF
:10F5C000FC22890112BA030A8B420CD389019211E1
:10F5D0008B4208D3890192118B4204D389013AD01E
:10F5E000921100E08909C3098B4201D3CB01C01AF3
:10F5F000524183098B4201D38B01C01A5241430906
:10F600008B4201D34B01C01A524103098B4201D3F3
:10F610000B01C01A5241C3088B4201D3CB00C01A60
:10F62000524183088B4201D38B00C01A5241D9D278
:10F6300043088B4201D34B00C01A5241411A00D2F9
:10F640000146634652415B10104601D34042002BF5
:10F6500000D54942704763465B1000D3404201B574
:10F660000020C046C04602BD7047704770477546CF
:10F6700000F022F8AE46050069465346C008C000B7
:10F68000854618B020B5FEF7FBFA60BC0027490894
:10F69000B6460026C0C5C0C5C0C5C0C5C0C5C0C52A
:10F6A000C0C5C0C5403D49008D4670470446C046B0
:10F6B000C0462046FCF751FD00487047303000201E
:10F6C00001491820ABBEFEE726000200704730B4A7
:10F6D0007446641E2578641CAB4200D21D46635DEF
:10F6E0005B00E31830BC1847020000000000000077
:10F6F0000000000000000000040000000000000006
:10F7000000000000000000000000000000000000F9
:10F7100035C40300000000000000000002000000EB
:10F7200000000000000000000000000000000000D9
:10F7300000000000030000000000000000000000C6
:10F7400005000000000000000000000000000000B4
:10F75000000000000000000023D1BCEA5F78231500
:10F76000DEEF12120000000088F7030000280020DE
:10F77000EC00000004C1030074F80300EC28002032
:10F78000A413000020C103000000000000000000DE
:10F790000000000000000000000000000000000069
:10F7A0000000000000000000000000000000000059
:10F7B0000000000000000000000000000000FFFF4B
:10F7C0000000000032000000000000000000000007
:10F7D0000000000000000000000000000000000029
:10F7E0000000000000000000000000000000000019
:10F7F0000000000000000000000000000000000009
:10F80000000000000024F4000000000000000000E0
:10F8100000000000000000000000000000000000E8
:10F8200000000000000000000000000000000000D8
:10F8300000000000000000000000000000000000C8
:10F8400000000000000000000000000000000000B8
:10F8500000000000000000000000000000000000A8
:10F860000000000000000000000000000000000098
:04F870000000000094
:10FC00000100000000000000FE00000000000000F5
:10FC100000000000000000000000000000000000E4
:020000041000EA
:0410140000C0030015
:040000050003C0C173
:00000001FF

